/*******************************************************************************
 * Size: 18 px
 * Bpp: 4
 * Opts: undefined
 ******************************************************************************/

#ifdef LV_LVGL_H_INCLUDE_SIMPLE
#include "lvgl.h"
#else
#include "lvgl.h"
#endif

#ifndef LV_FONT_DENGB_18
#define LV_FONT_DENGB_18 1
#endif

#if LV_FONT_DENGB_18

/*-----------------
 *    BITMAPS
 *----------------*/

/*Store the image of the glyphs*/
static LV_ATTRIBUTE_LARGE_CONST const uint8_t glyph_bitmap[] = {
    /* U+0020 " " */

    /* U+0021 "!" */
    0x5f, 0xc4, 0xfc, 0x4f, 0xb4, 0xfb, 0x3f, 0xb3,
    0xfa, 0x2f, 0xa2, 0xf9, 0x1f, 0x90, 0x42, 0x13,
    0x25, 0xfc, 0x5f, 0xc0,

    /* U+0022 "\"" */
    0xcf, 0x24, 0xfa, 0xbf, 0x14, 0xf9, 0xbf, 0x3,
    0xf8, 0xaf, 0x2, 0xf7, 0x0, 0x0, 0x0,

    /* U+0023 "#" */
    0x0, 0x4, 0xe0, 0x2, 0xf0, 0x0, 0x0, 0x8a,
    0x0, 0x6c, 0x0, 0x0, 0xc, 0x60, 0xa, 0x80,
    0x5, 0xff, 0xff, 0xff, 0xff, 0xf3, 0x3, 0x5f,
    0x33, 0x4f, 0x43, 0x0, 0x5, 0xd0, 0x3, 0xe0,
    0x0, 0x0, 0x8a, 0x0, 0x6b, 0x0, 0x0, 0xb,
    0x70, 0x9, 0x90, 0x0, 0xcf, 0xff, 0xff, 0xff,
    0xfc, 0x2, 0x4f, 0x33, 0x3f, 0x53, 0x20, 0x4,
    0xe0, 0x2, 0xf0, 0x0, 0x0, 0x7b, 0x0, 0x5c,
    0x0, 0x0, 0xa, 0x80, 0x8, 0x90, 0x0, 0x0,

    /* U+0024 "$" */
    0x0, 0x0, 0x7a, 0x0, 0x0, 0x0, 0x7d, 0xff,
    0xe9, 0x0, 0x7, 0xfc, 0xbd, 0xdf, 0x90, 0xd,
    0xf1, 0x7a, 0xe, 0xf1, 0xf, 0xf0, 0x7a, 0x3,
    0x20, 0xd, 0xf5, 0x7a, 0x0, 0x0, 0x5, 0xff,
    0xed, 0x40, 0x0, 0x0, 0x4b, 0xff, 0xfd, 0x30,
    0x0, 0x0, 0x7c, 0xaf, 0xe0, 0x0, 0x0, 0x7a,
    0xa, 0xf5, 0x29, 0x50, 0x7a, 0x6, 0xf6, 0x3f,
    0xc0, 0x7a, 0xa, 0xf4, 0xb, 0xfc, 0xcd, 0xbf,
    0xd0, 0x0, 0x8d, 0xff, 0xe9, 0x10, 0x0, 0x0,
    0x7a, 0x0, 0x0, 0x0, 0x0, 0x35, 0x0, 0x0,

    /* U+0025 "%" */
    0x1d, 0xd1, 0x0, 0xe1, 0x6, 0xba, 0x80, 0x4c,
    0x0, 0xa8, 0x7b, 0x9, 0x60, 0xb, 0x86, 0xc0,
    0xe1, 0x0, 0xb8, 0x6c, 0x5b, 0x0, 0xa, 0x87,
    0xba, 0x6d, 0xd1, 0x6b, 0xa9, 0xe8, 0xbc, 0x61,
    0xef, 0x8a, 0xb7, 0x99, 0x1, 0x1b, 0x4c, 0x68,
    0xa0, 0x1, 0xe0, 0xc6, 0x8a, 0x0, 0x69, 0xb,
    0x78, 0x90, 0xc, 0x30, 0x7a, 0xc6, 0x2, 0xd0,
    0x1, 0xdc, 0x0,

    /* U+0026 "&" */
    0x0, 0x4, 0xcf, 0xea, 0x10, 0x0, 0x0, 0x3,
    0xfd, 0x69, 0xfb, 0x0, 0x0, 0x0, 0x7f, 0x50,
    0xe, 0xf0, 0x0, 0x0, 0x7, 0xf5, 0x1, 0xfe,
    0x0, 0x0, 0x0, 0x3f, 0xc4, 0xdf, 0x50, 0x0,
    0x0, 0x0, 0xdf, 0xfc, 0x30, 0x2, 0x10, 0x5,
    0xef, 0xff, 0x10, 0x0, 0xfe, 0x4, 0xfd, 0x25,
    0xfd, 0x0, 0x5f, 0x90, 0xbf, 0x40, 0x7, 0xfc,
    0xc, 0xf2, 0xd, 0xf2, 0x0, 0x9, 0xfe, 0xf9,
    0x0, 0xbf, 0x80, 0x0, 0x1e, 0xff, 0x40, 0x4,
    0xff, 0xdb, 0xdf, 0xfd, 0xff, 0xcb, 0x3, 0xbe,
    0xfe, 0xb5, 0x4, 0xcf, 0xd0,

    /* U+0027 "'" */
    0xaf, 0x49, 0xf3, 0x8f, 0x38, 0xf2, 0x0, 0x0,

    /* U+0028 "(" */
    0x0, 0x9, 0xf5, 0x0, 0x3f, 0xb0, 0x0, 0xcf,
    0x20, 0x4, 0xfa, 0x0, 0xa, 0xf4, 0x0, 0xe,
    0xf0, 0x0, 0xf, 0xd0, 0x0, 0x1f, 0xc0, 0x0,
    0x2f, 0xb0, 0x0, 0x1f, 0xc0, 0x0, 0xf, 0xd0,
    0x0, 0xd, 0xf0, 0x0, 0x9, 0xf4, 0x0, 0x4,
    0xfa, 0x0, 0x0, 0xcf, 0x20, 0x0, 0x4f, 0xb0,
    0x0, 0x9, 0xf5,

    /* U+0029 ")" */
    0x5f, 0x90, 0x0, 0xb, 0xf3, 0x0, 0x2, 0xfc,
    0x0, 0x0, 0xbf, 0x30, 0x0, 0x5f, 0x90, 0x0,
    0x1f, 0xd0, 0x0, 0xe, 0xf0, 0x0, 0xd, 0xf1,
    0x0, 0xc, 0xf2, 0x0, 0xd, 0xf1, 0x0, 0xe,
    0xf0, 0x0, 0x1f, 0xd0, 0x0, 0x5f, 0x90, 0x0,
    0xbf, 0x40, 0x2, 0xfc, 0x0, 0xb, 0xf3, 0x0,
    0x5f, 0x90, 0x0,

    /* U+002A "*" */
    0x0, 0xc, 0xa0, 0x0, 0x0, 0xc, 0x90, 0x0,
    0x6d, 0x7c, 0xa8, 0xe3, 0x4a, 0xef, 0xfd, 0x92,
    0x0, 0x7e, 0xf3, 0x0, 0x3, 0xf6, 0x9e, 0x10,
    0x7, 0xc0, 0x1e, 0x40, 0x0, 0x0, 0x0, 0x0,

    /* U+002B "+" */
    0x0, 0x0, 0x6b, 0x0, 0x0, 0x0, 0x0, 0x9f,
    0x10, 0x0, 0x0, 0x0, 0x9f, 0x10, 0x0, 0x0,
    0x0, 0x9f, 0x10, 0x0, 0x3b, 0xbb, 0xdf, 0xbb,
    0xb8, 0x4f, 0xff, 0xff, 0xff, 0xfc, 0x0, 0x0,
    0x9f, 0x10, 0x0, 0x0, 0x0, 0x9f, 0x10, 0x0,
    0x0, 0x0, 0x9f, 0x10, 0x0, 0x0, 0x0, 0x9f,
    0x10, 0x0,

    /* U+002C "," */
    0x67, 0x1e, 0xf4, 0xef, 0x30, 0xf2, 0x5e, 0x6,
    0x40,

    /* U+002D "-" */
    0xe, 0xee, 0xee, 0x0, 0xff, 0xff, 0xf0,

    /* U+002E "." */
    0x67, 0x1e, 0xf3, 0xef, 0x30,

    /* U+002F "/" */
    0x0, 0x0, 0x0, 0x9f, 0x50, 0x0, 0x0, 0xe,
    0xe0, 0x0, 0x0, 0x5, 0xf8, 0x0, 0x0, 0x0,
    0xcf, 0x20, 0x0, 0x0, 0x2f, 0xb0, 0x0, 0x0,
    0x9, 0xf5, 0x0, 0x0, 0x0, 0xee, 0x0, 0x0,
    0x0, 0x5f, 0x80, 0x0, 0x0, 0xc, 0xf2, 0x0,
    0x0, 0x2, 0xfb, 0x0, 0x0, 0x0, 0x9f, 0x50,
    0x0, 0x0, 0xe, 0xe0, 0x0, 0x0, 0x5, 0xf8,
    0x0, 0x0, 0x0, 0xcf, 0x20, 0x0, 0x0, 0x7,
    0x60, 0x0, 0x0, 0x0,

    /* U+0030 "0" */
    0x0, 0x3b, 0xef, 0xb3, 0x0, 0x2, 0xff, 0xcc,
    0xff, 0x20, 0xa, 0xf8, 0x0, 0x8f, 0xa0, 0xe,
    0xf1, 0x0, 0x1f, 0xe0, 0x1f, 0xe0, 0x0, 0xe,
    0xf1, 0x3f, 0xc0, 0x0, 0xd, 0xf3, 0x3f, 0xc0,
    0x0, 0xc, 0xf3, 0x3f, 0xc0, 0x0, 0xd, 0xf3,
    0x1f, 0xe0, 0x0, 0xe, 0xf1, 0xe, 0xf1, 0x0,
    0x1f, 0xe0, 0x9, 0xf8, 0x0, 0x9f, 0x90, 0x2,
    0xff, 0xdd, 0xfe, 0x10, 0x0, 0x2b, 0xff, 0xb2,
    0x0,

    /* U+0031 "1" */
    0x0, 0x3e, 0xf7, 0x0, 0x0, 0x8f, 0xff, 0x70,
    0x0, 0x6f, 0x99, 0xf7, 0x0, 0x4, 0x40, 0x8f,
    0x70, 0x0, 0x0, 0x8, 0xf7, 0x0, 0x0, 0x0,
    0x8f, 0x70, 0x0, 0x0, 0x8, 0xf7, 0x0, 0x0,
    0x0, 0x8f, 0x70, 0x0, 0x0, 0x8, 0xf7, 0x0,
    0x0, 0x0, 0x8f, 0x70, 0x0, 0x0, 0x8, 0xf7,
    0x0, 0x8, 0xbb, 0xef, 0xdb, 0xb2, 0xbf, 0xff,
    0xff, 0xff, 0x30,

    /* U+0032 "2" */
    0x0, 0x3b, 0xee, 0xc4, 0x0, 0x3, 0xff, 0xdd,
    0xff, 0x50, 0xc, 0xf7, 0x0, 0x7f, 0xc0, 0x9,
    0x90, 0x0, 0x2f, 0xe0, 0x0, 0x0, 0x0, 0x4f,
    0xc0, 0x0, 0x0, 0x1, 0xdf, 0x60, 0x0, 0x0,
    0x1c, 0xfa, 0x0, 0x0, 0x2, 0xdf, 0xa0, 0x0,
    0x0, 0x2e, 0xf8, 0x0, 0x0, 0x1, 0xef, 0x60,
    0x0, 0x0, 0xa, 0xf9, 0x0, 0x0, 0x0, 0x2f,
    0xfd, 0xcc, 0xcc, 0xc1, 0x3f, 0xff, 0xff, 0xff,
    0xf2,

    /* U+0033 "3" */
    0x0, 0x5c, 0xfe, 0xc4, 0x0, 0x6, 0xff, 0xcd,
    0xff, 0x50, 0xe, 0xf4, 0x0, 0x8f, 0xb0, 0x5,
    0x50, 0x0, 0x4f, 0xc0, 0x0, 0x0, 0x0, 0xaf,
    0x70, 0x0, 0x6, 0xcf, 0xf8, 0x0, 0x0, 0x8,
    0xff, 0xd8, 0x0, 0x0, 0x0, 0x2, 0xbf, 0xa0,
    0x0, 0x0, 0x0, 0xf, 0xf0, 0x3c, 0xa0, 0x0,
    0xf, 0xf1, 0x1f, 0xf3, 0x0, 0x6f, 0xf0, 0x8,
    0xff, 0xcd, 0xff, 0x70, 0x0, 0x6c, 0xfe, 0xc5,
    0x0,

    /* U+0034 "4" */
    0x0, 0x0, 0xd, 0xfc, 0x0, 0x0, 0x0, 0x7f,
    0xfc, 0x0, 0x0, 0x2, 0xfc, 0xfc, 0x0, 0x0,
    0xb, 0xe3, 0xfc, 0x0, 0x0, 0x5f, 0x62, 0xfc,
    0x0, 0x0, 0xec, 0x2, 0xfc, 0x0, 0x9, 0xf3,
    0x2, 0xfc, 0x0, 0x3f, 0x90, 0x2, 0xfc, 0x0,
    0xaf, 0xcb, 0xbc, 0xff, 0xb6, 0xaf, 0xff, 0xff,
    0xff, 0xf9, 0x0, 0x0, 0x2, 0xfc, 0x0, 0x0,
    0x0, 0x2, 0xfc, 0x0, 0x0, 0x0, 0x2, 0xfc,
    0x0,

    /* U+0035 "5" */
    0x7, 0xff, 0xff, 0xff, 0x80, 0x8, 0xfd, 0xcc,
    0xcc, 0x60, 0x9, 0xf4, 0x0, 0x0, 0x0, 0xa,
    0xf3, 0x0, 0x0, 0x0, 0xb, 0xf5, 0x9b, 0x93,
    0x0, 0xc, 0xff, 0xff, 0xff, 0x40, 0xb, 0xe8,
    0x11, 0xaf, 0xd0, 0x0, 0x0, 0x0, 0xf, 0xf2,
    0x0, 0x0, 0x0, 0xe, 0xf3, 0x6, 0x60, 0x0,
    0xf, 0xf2, 0xf, 0xf4, 0x0, 0x7f, 0xd0, 0x7,
    0xff, 0xcd, 0xff, 0x40, 0x0, 0x6d, 0xff, 0xb3,
    0x0,

    /* U+0036 "6" */
    0x0, 0x9, 0xef, 0xd7, 0x0, 0x0, 0xcf, 0xec,
    0xff, 0x60, 0x6, 0xfb, 0x0, 0x3d, 0x90, 0xc,
    0xf2, 0x0, 0x0, 0x0, 0xf, 0xf0, 0x69, 0x72,
    0x0, 0x1f, 0xec, 0xff, 0xff, 0x30, 0x2f, 0xfb,
    0x11, 0x9f, 0xd0, 0x1f, 0xf2, 0x0, 0xe, 0xf1,
    0xf, 0xf0, 0x0, 0xc, 0xf3, 0xd, 0xf3, 0x0,
    0xe, 0xf2, 0x8, 0xfb, 0x0, 0x5f, 0xe0, 0x1,
    0xdf, 0xdc, 0xff, 0x60, 0x0, 0x1a, 0xef, 0xd5,
    0x0,

    /* U+0037 "7" */
    0x1f, 0xff, 0xff, 0xff, 0xf2, 0x1c, 0xcc, 0xcc,
    0xcf, 0xf1, 0x0, 0x0, 0x0, 0x3f, 0xa0, 0x0,
    0x0, 0x0, 0xdf, 0x10, 0x0, 0x0, 0x7, 0xf8,
    0x0, 0x0, 0x0, 0xe, 0xe1, 0x0, 0x0, 0x0,
    0x7f, 0x80, 0x0, 0x0, 0x0, 0xef, 0x10, 0x0,
    0x0, 0x4, 0xfc, 0x0, 0x0, 0x0, 0x8, 0xf7,
    0x0, 0x0, 0x0, 0xc, 0xf4, 0x0, 0x0, 0x0,
    0xe, 0xf1, 0x0, 0x0, 0x0, 0xf, 0xf0, 0x0,
    0x0,

    /* U+0038 "8" */
    0x0, 0x6c, 0xfe, 0xc6, 0x0, 0x8, 0xff, 0xaa,
    0xff, 0x70, 0xe, 0xf4, 0x0, 0x5f, 0xd0, 0xe,
    0xf2, 0x0, 0x3f, 0xd0, 0x8, 0xf9, 0x11, 0xaf,
    0x70, 0x0, 0x7f, 0xff, 0xf7, 0x0, 0x3, 0xef,
    0xaa, 0xfe, 0x30, 0xd, 0xf3, 0x0, 0x3f, 0xd0,
    0x2f, 0xe0, 0x0, 0xe, 0xf2, 0x3f, 0xe0, 0x0,
    0xe, 0xf3, 0xf, 0xf3, 0x0, 0x3f, 0xf0, 0x8,
    0xff, 0xaa, 0xff, 0x80, 0x0, 0x6c, 0xff, 0xc6,
    0x0,

    /* U+0039 "9" */
    0x0, 0x6d, 0xff, 0xa2, 0x0, 0x8, 0xff, 0xcd,
    0xfe, 0x10, 0x1f, 0xf3, 0x0, 0x9f, 0x80, 0x3f,
    0xd0, 0x0, 0x2f, 0xd0, 0x3f, 0xd0, 0x0, 0xf,
    0xf0, 0xf, 0xf3, 0x0, 0x6f, 0xf1, 0x9, 0xff,
    0xbc, 0xff, 0xf2, 0x0, 0x8e, 0xfc, 0x3e, 0xf1,
    0x0, 0x0, 0x0, 0xf, 0xf0, 0x0, 0x20, 0x0,
    0x4f, 0xc0, 0xe, 0xf2, 0x0, 0xcf, 0x60, 0x7,
    0xff, 0xbe, 0xfc, 0x0, 0x0, 0x7d, 0xfe, 0x90,
    0x0,

    /* U+003A ":" */
    0xef, 0x3e, 0xf3, 0x34, 0x0, 0x0, 0x0, 0x0,
    0x0, 0x0, 0x3, 0x40, 0xef, 0x3e, 0xf3,

    /* U+003B ";" */
    0xef, 0x3e, 0xf3, 0x44, 0x10, 0x0, 0x0, 0x0,
    0x0, 0x0, 0x3, 0x40, 0xef, 0x3e, 0xf3, 0xf,
    0x15, 0xd0, 0x64, 0x0,

    /* U+003C "<" */
    0x0, 0x0, 0x0, 0x0, 0x4, 0x0, 0x0, 0x0,
    0x29, 0xfc, 0x0, 0x0, 0x5c, 0xff, 0xc5, 0x1,
    0x8e, 0xff, 0xa3, 0x0, 0x3f, 0xfe, 0x71, 0x0,
    0x0, 0x4f, 0xb1, 0x0, 0x0, 0x0, 0x3f, 0xff,
    0x92, 0x0, 0x0, 0x0, 0x6d, 0xff, 0xb4, 0x0,
    0x0, 0x0, 0x3a, 0xff, 0xd6, 0x0, 0x0, 0x0,
    0x17, 0xec, 0x0, 0x0, 0x0, 0x0, 0x3,

    /* U+003D "=" */
    0x4f, 0xff, 0xff, 0xff, 0xfc, 0x3b, 0xbb, 0xbb,
    0xbb, 0xb8, 0x0, 0x0, 0x0, 0x0, 0x0, 0x0,
    0x0, 0x0, 0x0, 0x0, 0x0, 0x0, 0x0, 0x0,
    0x0, 0x4f, 0xff, 0xff, 0xff, 0xfc, 0x3b, 0xbb,
    0xbb, 0xbb, 0xb9,

    /* U+003E ">" */
    0x23, 0x0, 0x0, 0x0, 0x0, 0x4f, 0xc6, 0x0,
    0x0, 0x0, 0x19, 0xff, 0xe8, 0x20, 0x0, 0x0,
    0x6, 0xdf, 0xfb, 0x40, 0x0, 0x0, 0x4, 0xbf,
    0xfb, 0x0, 0x0, 0x0, 0x5, 0xfc, 0x0, 0x0,
    0x5, 0xcf, 0xfa, 0x0, 0x18, 0xef, 0xf9, 0x30,
    0x1a, 0xff, 0xd7, 0x10, 0x0, 0x4f, 0xb4, 0x0,
    0x0, 0x0, 0x11, 0x0, 0x0, 0x0, 0x0,

    /* U+003F "?" */
    0x2, 0xae, 0xeb, 0x30, 0x1e, 0xfd, 0xdf, 0xf1,
    0x7f, 0x90, 0xa, 0xf7, 0x9d, 0x30, 0x5, 0xf9,
    0x0, 0x0, 0x8, 0xf7, 0x0, 0x0, 0x4f, 0xf1,
    0x0, 0x4, 0xff, 0x40, 0x0, 0xe, 0xf4, 0x0,
    0x0, 0x3f, 0x90, 0x0, 0x0, 0x13, 0x10, 0x0,
    0x0, 0x13, 0x10, 0x0, 0x0, 0x7f, 0xa0, 0x0,
    0x0, 0x7f, 0xa0, 0x0,

    /* U+0040 "@" */
    0x0, 0x0, 0x1, 0x7c, 0xef, 0xeb, 0x50, 0x0,
    0x0, 0x0, 0x5, 0xfe, 0x96, 0x56, 0xaf, 0xc2,
    0x0, 0x0, 0x7, 0xf8, 0x0, 0x0, 0x0, 0x2d,
    0xd0, 0x0, 0x4, 0xf7, 0x0, 0x0, 0x0, 0x0,
    0x1e, 0x90, 0x0, 0xdb, 0x0, 0x2b, 0xfe, 0x58,
    0xf0, 0x7e, 0x0, 0x5f, 0x20, 0x3f, 0xb4, 0x5e,
    0xdc, 0x3, 0xf2, 0xb, 0xc0, 0xd, 0xd0, 0x0,
    0x6f, 0x90, 0x1f, 0x40, 0xe8, 0x4, 0xf6, 0x0,
    0x4, 0xf6, 0x0, 0xf4, 0xf, 0x60, 0x8f, 0x10,
    0x0, 0x7f, 0x20, 0x2f, 0x31, 0xf5, 0xa, 0xf0,
    0x0, 0xd, 0xf0, 0x6, 0xf0, 0xf, 0x50, 0x8f,
    0x10, 0x4, 0xfc, 0x0, 0xca, 0x0, 0xe8, 0x3,
    0xf9, 0x14, 0xda, 0xd1, 0x9f, 0x20, 0xa, 0xc0,
    0x7, 0xff, 0xe4, 0x3f, 0xfd, 0x30, 0x0, 0x4f,
    0x40, 0x0, 0x20, 0x0, 0x12, 0x0, 0x0, 0x0,
    0xae, 0x30, 0x0, 0x0, 0x0, 0x63, 0x0, 0x0,
    0x1, 0xbf, 0x93, 0x11, 0x37, 0xdf, 0x70, 0x0,
    0x0, 0x0, 0x6d, 0xff, 0xff, 0xe9, 0x30, 0x0,
    0x0, 0x0, 0x0, 0x1, 0x33, 0x10, 0x0, 0x0,
    0x0,

    /* U+0041 "A" */
    0x0, 0x0, 0x6f, 0xf7, 0x0, 0x0, 0x0, 0x0,
    0xcf, 0xfd, 0x0, 0x0, 0x0, 0x1, 0xfd, 0xcf,
    0x20, 0x0, 0x0, 0x7, 0xf8, 0x7f, 0x80, 0x0,
    0x0, 0xd, 0xf3, 0x2f, 0xe0, 0x0, 0x0, 0x2f,
    0xd0, 0xc, 0xf3, 0x0, 0x0, 0x8f, 0x80, 0x7,
    0xf9, 0x0, 0x0, 0xef, 0x30, 0x2, 0xfe, 0x0,
    0x3, 0xff, 0xff, 0xff, 0xff, 0x40, 0x9, 0xfd,
    0xbb, 0xbb, 0xdf, 0xa0, 0xe, 0xf3, 0x0, 0x0,
    0x2f, 0xf0, 0x4f, 0xd0, 0x0, 0x0, 0xc, 0xf5,
    0xaf, 0x70, 0x0, 0x0, 0x7, 0xfb,

    /* U+0042 "B" */
    0x7f, 0xff, 0xfe, 0xa2, 0x0, 0x7f, 0xea, 0xbe,
    0xfe, 0x10, 0x7f, 0xa0, 0x1, 0xef, 0x60, 0x7f,
    0xa0, 0x0, 0xbf, 0x70, 0x7f, 0xa0, 0x1, 0xef,
    0x30, 0x7f, 0xd9, 0xae, 0xf6, 0x0, 0x7f, 0xff,
    0xff, 0xc6, 0x0, 0x7f, 0xa0, 0x3, 0xcf, 0x90,
    0x7f, 0xa0, 0x0, 0x1f, 0xf1, 0x7f, 0xa0, 0x0,
    0xf, 0xf2, 0x7f, 0xa0, 0x0, 0x7f, 0xf0, 0x7f,
    0xea, 0xad, 0xff, 0x70, 0x7f, 0xff, 0xfe, 0xb4,
    0x0,

    /* U+0043 "C" */
    0x0, 0x5, 0xcf, 0xfd, 0x60, 0x0, 0x8, 0xff,
    0xed, 0xff, 0xa0, 0x3, 0xff, 0x60, 0x3, 0xef,
    0x50, 0xaf, 0xa0, 0x0, 0x5, 0xb4, 0xe, 0xf4,
    0x0, 0x0, 0x0, 0x0, 0xff, 0x10, 0x0, 0x0,
    0x0, 0x1f, 0xf1, 0x0, 0x0, 0x0, 0x0, 0xff,
    0x20, 0x0, 0x0, 0x0, 0xe, 0xf5, 0x0, 0x0,
    0x0, 0x0, 0xaf, 0xb0, 0x0, 0x6, 0xd5, 0x3,
    0xff, 0x60, 0x3, 0xef, 0x50, 0x7, 0xff, 0xed,
    0xff, 0x90, 0x0, 0x4, 0xbf, 0xfc, 0x60, 0x0,

    /* U+0044 "D" */
    0x7f, 0xff, 0xff, 0xc8, 0x10, 0x7, 0xfe, 0xcc,
    0xdf, 0xfe, 0x40, 0x7f, 0xa0, 0x0, 0x1b, 0xfe,
    0x17, 0xfa, 0x0, 0x0, 0xc, 0xf8, 0x7f, 0xa0,
    0x0, 0x0, 0x6f, 0xc7, 0xfa, 0x0, 0x0, 0x3,
    0xfe, 0x7f, 0xa0, 0x0, 0x0, 0x2f, 0xf7, 0xfa,
    0x0, 0x0, 0x3, 0xfe, 0x7f, 0xa0, 0x0, 0x0,
    0x7f, 0xb7, 0xfa, 0x0, 0x0, 0xd, 0xf6, 0x7f,
    0xa0, 0x0, 0x1b, 0xfd, 0x7, 0xfe, 0xcc, 0xdf,
    0xfe, 0x20, 0x7f, 0xff, 0xff, 0xd8, 0x10, 0x0,

    /* U+0045 "E" */
    0x7f, 0xff, 0xff, 0xf4, 0x7f, 0xec, 0xcc, 0xc3,
    0x7f, 0xa0, 0x0, 0x0, 0x7f, 0xa0, 0x0, 0x0,
    0x7f, 0xa0, 0x0, 0x0, 0x7f, 0xec, 0xcc, 0x90,
    0x7f, 0xff, 0xff, 0xc0, 0x7f, 0xa0, 0x0, 0x0,
    0x7f, 0xa0, 0x0, 0x0, 0x7f, 0xa0, 0x0, 0x0,
    0x7f, 0xa0, 0x0, 0x0, 0x7f, 0xec, 0xcc, 0xc8,
    0x7f, 0xff, 0xff, 0xfa,

    /* U+0046 "F" */
    0x7f, 0xff, 0xff, 0xf7, 0x7f, 0xfd, 0xdd, 0xd5,
    0x7f, 0xa0, 0x0, 0x0, 0x7f, 0xa0, 0x0, 0x0,
    0x7f, 0xa0, 0x0, 0x0, 0x7f, 0xa0, 0x0, 0x0,
    0x7f, 0xff, 0xff, 0xf4, 0x7f, 0xec, 0xcc, 0xc3,
    0x7f, 0xa0, 0x0, 0x0, 0x7f, 0xa0, 0x0, 0x0,
    0x7f, 0xa0, 0x0, 0x0, 0x7f, 0xa0, 0x0, 0x0,
    0x7f, 0xa0, 0x0, 0x0,

    /* U+0047 "G" */
    0x0, 0x3, 0xae, 0xfe, 0xa3, 0x0, 0x0, 0x6f,
    0xff, 0xdf, 0xff, 0x50, 0x3, 0xff, 0x70, 0x0,
    0x7f, 0xf1, 0xa, 0xfa, 0x0, 0x0, 0x6, 0x30,
    0xe, 0xf4, 0x0, 0x0, 0x0, 0x0, 0xf, 0xf1,
    0x0, 0x0, 0x0, 0x0, 0x1f, 0xf1, 0x0, 0x7f,
    0xff, 0xf7, 0xf, 0xf2, 0x0, 0x5a, 0xad, 0xf7,
    0xe, 0xf5, 0x0, 0x0, 0x9, 0xf7, 0x9, 0xfc,
    0x0, 0x0, 0x9, 0xf7, 0x2, 0xff, 0x80, 0x0,
    0x4e, 0xf6, 0x0, 0x5f, 0xff, 0xde, 0xff, 0xb0,
    0x0, 0x3, 0xae, 0xfe, 0xb4, 0x0,

    /* U+0048 "H" */
    0x7f, 0xa0, 0x0, 0x0, 0x5f, 0xb7, 0xfa, 0x0,
    0x0, 0x5, 0xfb, 0x7f, 0xa0, 0x0, 0x0, 0x5f,
    0xb7, 0xfa, 0x0, 0x0, 0x5, 0xfb, 0x7f, 0xa0,
    0x0, 0x0, 0x5f, 0xb7, 0xff, 0xee, 0xee, 0xee,
    0xfb, 0x7f, 0xff, 0xff, 0xff, 0xff, 0xb7, 0xfa,
    0x0, 0x0, 0x5, 0xfb, 0x7f, 0xa0, 0x0, 0x0,
    0x5f, 0xb7, 0xfa, 0x0, 0x0, 0x5, 0xfb, 0x7f,
    0xa0, 0x0, 0x0, 0x5f, 0xb7, 0xfa, 0x0, 0x0,
    0x5, 0xfb, 0x7f, 0xa0, 0x0, 0x0, 0x5f, 0xb0,

    /* U+0049 "I" */
    0x7f, 0xb7, 0xfb, 0x7f, 0xb7, 0xfb, 0x7f, 0xb7,
    0xfb, 0x7f, 0xb7, 0xfb, 0x7f, 0xb7, 0xfb, 0x7f,
    0xb7, 0xfb, 0x7f, 0xb0,

    /* U+004A "J" */
    0x5, 0xff, 0xfd, 0x4, 0xdd, 0xfd, 0x0, 0x4,
    0xfd, 0x0, 0x4, 0xfd, 0x0, 0x4, 0xfd, 0x0,
    0x4, 0xfd, 0x0, 0x4, 0xfd, 0x0, 0x4, 0xfd,
    0x0, 0x4, 0xfd, 0x0, 0x5, 0xfc, 0x0, 0xc,
    0xf9, 0xbd, 0xef, 0xf1, 0x9f, 0xfc, 0x30,

    /* U+004B "K" */
    0x7f, 0xb0, 0x0, 0x4f, 0xf4, 0x7, 0xfb, 0x0,
    0x1e, 0xf8, 0x0, 0x7f, 0xb0, 0xb, 0xfc, 0x0,
    0x7, 0xfb, 0x7, 0xfe, 0x10, 0x0, 0x7f, 0xb3,
    0xff, 0x40, 0x0, 0x7, 0xfc, 0xef, 0x90, 0x0,
    0x0, 0x7f, 0xff, 0xfe, 0x10, 0x0, 0x7, 0xff,
    0x7d, 0xf9, 0x0, 0x0, 0x7f, 0xb0, 0x4f, 0xf3,
    0x0, 0x7, 0xfb, 0x0, 0xaf, 0xd0, 0x0, 0x7f,
    0xb0, 0x1, 0xff, 0x70, 0x7, 0xfb, 0x0, 0x6,
    0xff, 0x20, 0x7f, 0xb0, 0x0, 0xc, 0xfb, 0x0,

    /* U+004C "L" */
    0x7f, 0xb0, 0x0, 0x0, 0x7f, 0xb0, 0x0, 0x0,
    0x7f, 0xb0, 0x0, 0x0, 0x7f, 0xb0, 0x0, 0x0,
    0x7f, 0xb0, 0x0, 0x0, 0x7f, 0xb0, 0x0, 0x0,
    0x7f, 0xb0, 0x0, 0x0, 0x7f, 0xb0, 0x0, 0x0,
    0x7f, 0xb0, 0x0, 0x0, 0x7f, 0xb0, 0x0, 0x0,
    0x7f, 0xb0, 0x0, 0x0, 0x7f, 0xec, 0xcc, 0xc5,
    0x7f, 0xff, 0xff, 0xf7,

    /* U+004D "M" */
    0x7f, 0xfa, 0x0, 0x0, 0x0, 0xf, 0xff, 0x17,
    0xff, 0xf1, 0x0, 0x0, 0x5, 0xff, 0xf1, 0x7f,
    0xdf, 0x60, 0x0, 0x0, 0xbf, 0xef, 0x17, 0xf8,
    0xfc, 0x0, 0x0, 0x1f, 0xbd, 0xf1, 0x7f, 0x7b,
    0xf3, 0x0, 0x7, 0xf5, 0xdf, 0x17, 0xf7, 0x5f,
    0x90, 0x0, 0xde, 0xd, 0xf1, 0x7f, 0x70, 0xee,
    0x0, 0x3f, 0x90, 0xdf, 0x17, 0xf7, 0x9, 0xf5,
    0x9, 0xf3, 0xd, 0xf1, 0x7f, 0x70, 0x2f, 0xb0,
    0xfd, 0x0, 0xdf, 0x17, 0xf7, 0x0, 0xcf, 0x6f,
    0x70, 0xd, 0xf1, 0x7f, 0x70, 0x6, 0xff, 0xf1,
    0x0, 0xdf, 0x17, 0xf7, 0x0, 0x1f, 0xfb, 0x0,
    0xd, 0xf1, 0x7f, 0x70, 0x0, 0xaf, 0x50, 0x0,
    0xdf, 0x10,

    /* U+004E "N" */
    0x7f, 0xf6, 0x0, 0x0, 0xa, 0xf4, 0x7f, 0xfe,
    0x10, 0x0, 0xa, 0xf4, 0x7f, 0xef, 0x90, 0x0,
    0xa, 0xf4, 0x7f, 0x7e, 0xf3, 0x0, 0xa, 0xf4,
    0x7f, 0x76, 0xfc, 0x0, 0xa, 0xf4, 0x7f, 0x70,
    0xcf, 0x60, 0xa, 0xf4, 0x7f, 0x70, 0x3f, 0xe0,
    0xa, 0xf4, 0x7f, 0x70, 0x9, 0xf9, 0xa, 0xf4,
    0x7f, 0x70, 0x1, 0xef, 0x2a, 0xf4, 0x7f, 0x70,
    0x0, 0x6f, 0xca, 0xf4, 0x7f, 0x70, 0x0, 0xd,
    0xfe, 0xf4, 0x7f, 0x70, 0x0, 0x3, 0xff, 0xf4,
    0x7f, 0x70, 0x0, 0x0, 0xaf, 0xf4,

    /* U+004F "O" */
    0x0, 0x2, 0x9d, 0xff, 0xc7, 0x0, 0x0, 0x5,
    0xff, 0xfd, 0xef, 0xfd, 0x10, 0x2, 0xff, 0x80,
    0x0, 0x2d, 0xfb, 0x0, 0xaf, 0xa0, 0x0, 0x0,
    0x2f, 0xf3, 0xe, 0xf4, 0x0, 0x0, 0x0, 0xaf,
    0x81, 0xff, 0x10, 0x0, 0x0, 0x7, 0xfa, 0x1f,
    0xf0, 0x0, 0x0, 0x0, 0x7f, 0xb1, 0xff, 0x20,
    0x0, 0x0, 0x7, 0xfa, 0xe, 0xf5, 0x0, 0x0,
    0x0, 0xbf, 0x70, 0x9f, 0xc0, 0x0, 0x0, 0x1f,
    0xf2, 0x2, 0xff, 0x90, 0x0, 0x2d, 0xfa, 0x0,
    0x5, 0xff, 0xfd, 0xdf, 0xfc, 0x10, 0x0, 0x2,
    0x9e, 0xfe, 0xc6, 0x0, 0x0,

    /* U+0050 "P" */
    0x7f, 0xff, 0xfe, 0xa2, 0x7, 0xfe, 0xaa, 0xef,
    0xf3, 0x7f, 0xa0, 0x0, 0xbf, 0xb7, 0xfa, 0x0,
    0x4, 0xfe, 0x7f, 0xa0, 0x0, 0x4f, 0xd7, 0xfa,
    0x0, 0xb, 0xfa, 0x7f, 0xea, 0xae, 0xfe, 0x27,
    0xff, 0xff, 0xe9, 0x10, 0x7f, 0xa0, 0x0, 0x0,
    0x7, 0xfa, 0x0, 0x0, 0x0, 0x7f, 0xa0, 0x0,
    0x0, 0x7, 0xfa, 0x0, 0x0, 0x0, 0x7f, 0xa0,
    0x0, 0x0, 0x0,

    /* U+0051 "Q" */
    0x0, 0x2, 0xae, 0xff, 0xc7, 0x0, 0x0, 0x6,
    0xff, 0xfd, 0xef, 0xfd, 0x20, 0x3, 0xff, 0x80,
    0x0, 0x2d, 0xfc, 0x0, 0xaf, 0xa0, 0x0, 0x0,
    0x2f, 0xf4, 0xf, 0xf4, 0x0, 0x0, 0x0, 0xbf,
    0x91, 0xff, 0x10, 0x0, 0x0, 0x8, 0xfb, 0x1f,
    0xf0, 0x0, 0x0, 0x0, 0x7f, 0xb0, 0xff, 0x20,
    0x0, 0x0, 0x8, 0xfa, 0xd, 0xf6, 0x0, 0x0,
    0x0, 0xbf, 0x70, 0x8f, 0xd0, 0x0, 0x0, 0x3f,
    0xf1, 0x1, 0xef, 0xc3, 0x1, 0x5e, 0xf7, 0x0,
    0x2, 0xdf, 0xff, 0xff, 0xf7, 0x0, 0x0, 0x0,
    0x59, 0xff, 0x81, 0x0, 0x0, 0x0, 0x0, 0x9,
    0xfb, 0x0, 0x0, 0x0, 0x0, 0x0, 0x2f, 0xfd,
    0xa5, 0x0, 0x0, 0x0, 0x0, 0x3c, 0xfe, 0x60,

    /* U+0052 "R" */
    0x7f, 0xff, 0xfe, 0xc6, 0x0, 0x7f, 0xea, 0xac,
    0xff, 0xa0, 0x7f, 0xa0, 0x0, 0x3f, 0xf2, 0x7f,
    0xa0, 0x0, 0xc, 0xf5, 0x7f, 0xa0, 0x0, 0xe,
    0xf4, 0x7f, 0xa0, 0x1, 0x9f, 0xe0, 0x7f, 0xff,
    0xff, 0xfe, 0x30, 0x7f, 0xd9, 0xcf, 0xc0, 0x0,
    0x7f, 0xa0, 0x1f, 0xf3, 0x0, 0x7f, 0xa0, 0x7,
    0xfc, 0x0, 0x7f, 0xa0, 0x0, 0xdf, 0x60, 0x7f,
    0xa0, 0x0, 0x5f, 0xe1, 0x7f, 0xa0, 0x0, 0xc,
    0xfa,

    /* U+0053 "S" */
    0x0, 0x6d, 0xfe, 0xb4, 0x0, 0x9, 0xff, 0xbc,
    0xff, 0x30, 0xf, 0xf3, 0x0, 0x7f, 0xb0, 0x1f,
    0xf0, 0x0, 0x4, 0x10, 0xe, 0xf7, 0x0, 0x0,
    0x0, 0x7, 0xff, 0xd8, 0x20, 0x0, 0x0, 0x5c,
    0xff, 0xfb, 0x10, 0x0, 0x0, 0x27, 0xef, 0xc0,
    0x0, 0x0, 0x0, 0x1f, 0xf1, 0x39, 0x60, 0x0,
    0xd, 0xf3, 0x3f, 0xf2, 0x0, 0x3f, 0xf1, 0xa,
    0xff, 0xcc, 0xff, 0x90, 0x0, 0x7d, 0xff, 0xc6,
    0x0,

    /* U+0054 "T" */
    0xcf, 0xff, 0xff, 0xff, 0xfb, 0xad, 0xdd, 0xff,
    0xdd, 0xd9, 0x0, 0x2, 0xff, 0x0, 0x0, 0x0,
    0x2, 0xff, 0x0, 0x0, 0x0, 0x2, 0xff, 0x0,
    0x0, 0x0, 0x2, 0xff, 0x0, 0x0, 0x0, 0x2,
    0xff, 0x0, 0x0, 0x0, 0x2, 0xff, 0x0, 0x0,
    0x0, 0x2, 0xff, 0x0, 0x0, 0x0, 0x2, 0xff,
    0x0, 0x0, 0x0, 0x2, 0xff, 0x0, 0x0, 0x0,
    0x2, 0xff, 0x0, 0x0, 0x0, 0x2, 0xff, 0x0,
    0x0,

    /* U+0055 "U" */
    0xbf, 0x70, 0x0, 0x0, 0xcf, 0x5b, 0xf7, 0x0,
    0x0, 0xc, 0xf5, 0xbf, 0x70, 0x0, 0x0, 0xcf,
    0x5b, 0xf7, 0x0, 0x0, 0xc, 0xf5, 0xbf, 0x70,
    0x0, 0x0, 0xcf, 0x5b, 0xf7, 0x0, 0x0, 0xc,
    0xf5, 0xbf, 0x70, 0x0, 0x0, 0xcf, 0x5b, 0xf7,
    0x0, 0x0, 0xc, 0xf5, 0xaf, 0x80, 0x0, 0x0,
    0xef, 0x48, 0xfc, 0x0, 0x0, 0x2f, 0xf2, 0x3f,
    0xf7, 0x0, 0x1c, 0xfc, 0x0, 0x9f, 0xfe, 0xdf,
    0xff, 0x30, 0x0, 0x6c, 0xff, 0xe9, 0x20, 0x0,

    /* U+0056 "V" */
    0xbf, 0x70, 0x0, 0x0, 0xe, 0xf4, 0x6f, 0xc0,
    0x0, 0x0, 0x3f, 0xe0, 0xf, 0xf1, 0x0, 0x0,
    0x8f, 0x90, 0xa, 0xf6, 0x0, 0x0, 0xdf, 0x30,
    0x5, 0xfc, 0x0, 0x3, 0xfe, 0x0, 0x0, 0xff,
    0x10, 0x8, 0xf8, 0x0, 0x0, 0xaf, 0x60, 0xd,
    0xf2, 0x0, 0x0, 0x4f, 0xb0, 0x2f, 0xd0, 0x0,
    0x0, 0xe, 0xf0, 0x7f, 0x70, 0x0, 0x0, 0x9,
    0xf5, 0xbf, 0x20, 0x0, 0x0, 0x3, 0xfa, 0xfc,
    0x0, 0x0, 0x0, 0x0, 0xef, 0xf7, 0x0, 0x0,
    0x0, 0x0, 0x8f, 0xf1, 0x0, 0x0,

    /* U+0057 "W" */
    0xcf, 0x70, 0x0, 0x7, 0xfd, 0x0, 0x0, 0xf,
    0xf2, 0x8f, 0xa0, 0x0, 0xb, 0xff, 0x10, 0x0,
    0x4f, 0xd0, 0x3f, 0xe0, 0x0, 0xf, 0xdf, 0x50,
    0x0, 0x8f, 0x90, 0xf, 0xf2, 0x0, 0x4f, 0x7f,
    0xa0, 0x0, 0xcf, 0x50, 0xb, 0xf5, 0x0, 0x8f,
    0x3d, 0xe0, 0x0, 0xff, 0x10, 0x7, 0xf9, 0x0,
    0xde, 0x9, 0xf2, 0x3, 0xfd, 0x0, 0x3, 0xfd,
    0x1, 0xfa, 0x5, 0xf7, 0x7, 0xf8, 0x0, 0x0,
    0xff, 0x15, 0xf6, 0x1, 0xfb, 0xb, 0xf4, 0x0,
    0x0, 0xbf, 0x49, 0xf2, 0x0, 0xcf, 0xf, 0xf0,
    0x0, 0x0, 0x7f, 0x8d, 0xd0, 0x0, 0x8f, 0x5f,
    0xc0, 0x0, 0x0, 0x2f, 0xcf, 0x90, 0x0, 0x4f,
    0xcf, 0x80, 0x0, 0x0, 0xe, 0xff, 0x50, 0x0,
    0xf, 0xff, 0x30, 0x0, 0x0, 0xa, 0xff, 0x10,
    0x0, 0xb, 0xff, 0x0, 0x0,

    /* U+0058 "X" */
    0x5, 0xfd, 0x0, 0x0, 0xc, 0xf7, 0x0, 0xb,
    0xf8, 0x0, 0x5, 0xfd, 0x0, 0x0, 0x1f, 0xf2,
    0x1, 0xef, 0x30, 0x0, 0x0, 0x6f, 0xb0, 0x9f,
    0x90, 0x0, 0x0, 0x0, 0xcf, 0x8f, 0xe1, 0x0,
    0x0, 0x0, 0x2, 0xff, 0xf6, 0x0, 0x0, 0x0,
    0x0, 0xe, 0xff, 0x30, 0x0, 0x0, 0x0, 0x8,
    0xfe, 0xfc, 0x0, 0x0, 0x0, 0x2, 0xfe, 0x1d,
    0xf6, 0x0, 0x0, 0x0, 0xcf, 0x60, 0x3f, 0xe1,
    0x0, 0x0, 0x6f, 0xc0, 0x0, 0xaf, 0xa0, 0x0,
    0x1f, 0xf2, 0x0, 0x1, 0xef, 0x30, 0xb, 0xf8,
    0x0, 0x0, 0x6, 0xfd, 0x0,

    /* U+0059 "Y" */
    0xbf, 0x80, 0x0, 0x2, 0xff, 0x23, 0xff, 0x10,
    0x0, 0x9f, 0x90, 0xa, 0xf8, 0x0, 0x1f, 0xf1,
    0x0, 0x2f, 0xf1, 0x9, 0xf7, 0x0, 0x0, 0x9f,
    0x81, 0xfe, 0x0, 0x0, 0x1, 0xff, 0xaf, 0x60,
    0x0, 0x0, 0x7, 0xff, 0xd0, 0x0, 0x0, 0x0,
    0xf, 0xf5, 0x0, 0x0, 0x0, 0x0, 0xef, 0x40,
    0x0, 0x0, 0x0, 0xe, 0xf4, 0x0, 0x0, 0x0,
    0x0, 0xef, 0x40, 0x0, 0x0, 0x0, 0xe, 0xf4,
    0x0, 0x0, 0x0, 0x0, 0xef, 0x40, 0x0, 0x0,

    /* U+005A "Z" */
    0xd, 0xff, 0xff, 0xff, 0xfa, 0x0, 0xbd, 0xdd,
    0xdd, 0xff, 0x90, 0x0, 0x0, 0x0, 0x3f, 0xe1,
    0x0, 0x0, 0x0, 0xd, 0xf5, 0x0, 0x0, 0x0,
    0xa, 0xf9, 0x0, 0x0, 0x0, 0x5, 0xfd, 0x0,
    0x0, 0x0, 0x1, 0xff, 0x30, 0x0, 0x0, 0x0,
    0xcf, 0x70, 0x0, 0x0, 0x0, 0x7f, 0xc0, 0x0,
    0x0, 0x0, 0x3f, 0xf2, 0x0, 0x0, 0x0, 0xd,
    0xf5, 0x0, 0x0, 0x0, 0x7, 0xff, 0xcc, 0xcc,
    0xcc, 0xc1, 0x8f, 0xff, 0xff, 0xff, 0xff, 0x20,

    /* U+005B "[" */
    0xaf, 0xff, 0xda, 0xf9, 0x76, 0xaf, 0x40, 0xa,
    0xf4, 0x0, 0xaf, 0x40, 0xa, 0xf4, 0x0, 0xaf,
    0x40, 0xa, 0xf4, 0x0, 0xaf, 0x40, 0xa, 0xf4,
    0x0, 0xaf, 0x40, 0xa, 0xf4, 0x0, 0xaf, 0x40,
    0xa, 0xf4, 0x0, 0xaf, 0x40, 0xa, 0xf9, 0x76,
    0xaf, 0xff, 0xd0,

    /* U+005C "\\" */
    0xdf, 0x20, 0x0, 0x0, 0x7f, 0x80, 0x0, 0x0,
    0x1f, 0xe0, 0x0, 0x0, 0xb, 0xf4, 0x0, 0x0,
    0x5, 0xfb, 0x0, 0x0, 0x0, 0xef, 0x10, 0x0,
    0x0, 0x9f, 0x70, 0x0, 0x0, 0x3f, 0xd0, 0x0,
    0x0, 0xd, 0xf3, 0x0, 0x0, 0x7, 0xf9, 0x0,
    0x0, 0x1, 0xfe, 0x0, 0x0, 0x0, 0xbf, 0x50,
    0x0, 0x0, 0x5f, 0xb0, 0x0, 0x0, 0xe, 0xf1,

    /* U+005D "]" */
    0xbf, 0xff, 0xc5, 0x79, 0xfc, 0x0, 0x2f, 0xc0,
    0x2, 0xfc, 0x0, 0x2f, 0xc0, 0x2, 0xfc, 0x0,
    0x2f, 0xc0, 0x2, 0xfc, 0x0, 0x2f, 0xc0, 0x2,
    0xfc, 0x0, 0x2f, 0xc0, 0x2, 0xfc, 0x0, 0x2f,
    0xc0, 0x2, 0xfc, 0x0, 0x2f, 0xc5, 0x78, 0xfc,
    0xbf, 0xff, 0xc0,

    /* U+005E "^" */
    0x0, 0x0, 0x78, 0x30, 0x0, 0x0, 0x5, 0xff,
    0xc0, 0x0, 0x0, 0xc, 0xd7, 0xf3, 0x0, 0x0,
    0x2f, 0x70, 0xfa, 0x0, 0x0, 0x9f, 0x10, 0x9f,
    0x10, 0x0, 0xfa, 0x0, 0x2f, 0x70, 0x6, 0xf3,
    0x0, 0xc, 0xe0, 0xd, 0xc0, 0x0, 0x5, 0xf5,
    0x4f, 0x60, 0x0, 0x0, 0xeb,

    /* U+005F "_" */
    0x2d, 0xdd, 0xdd, 0xdd, 0x80,

    /* U+0060 "`" */
    0x7f, 0x90, 0x0, 0x7f, 0x60, 0x0, 0x6f, 0x20,

    /* U+0061 "a" */
    0x0, 0x8d, 0xfe, 0x91, 0x0, 0x7f, 0xd7, 0xbf,
    0xb0, 0x4, 0x82, 0x0, 0xff, 0x0, 0x0, 0x0,
    0xd, 0xf2, 0x1, 0x9e, 0xff, 0xff, 0x30, 0xdf,
    0xa4, 0x3d, 0xf3, 0x3f, 0xe0, 0x0, 0xef, 0x34,
    0xfd, 0x0, 0x2f, 0xf3, 0x1f, 0xf8, 0x6d, 0xef,
    0x30, 0x4d, 0xfd, 0x5c, 0xf3,

    /* U+0062 "b" */
    0xaf, 0x50, 0x0, 0x0, 0x0, 0xaf, 0x50, 0x0,
    0x0, 0x0, 0xaf, 0x50, 0x0, 0x0, 0x0, 0xaf,
    0x50, 0x0, 0x0, 0x0, 0xaf, 0x57, 0xef, 0xc4,
    0x0, 0xaf, 0xce, 0xac, 0xff, 0x30, 0xaf, 0xe1,
    0x0, 0x9f, 0xb0, 0xaf, 0x80, 0x0, 0x3f, 0xf0,
    0xaf, 0x60, 0x0, 0x1f, 0xf0, 0xaf, 0x50, 0x0,
    0x1f, 0xf0, 0xaf, 0x80, 0x0, 0x3f, 0xe0, 0xaf,
    0xe1, 0x0, 0x9f, 0xa0, 0xaf, 0xce, 0x9b, 0xff,
    0x30, 0xbf, 0x48, 0xef, 0xc3, 0x0,

    /* U+0063 "c" */
    0x0, 0x5d, 0xfe, 0x90, 0x0, 0x5f, 0xfa, 0xdf,
    0xa0, 0xd, 0xf4, 0x1, 0xff, 0x11, 0xfe, 0x0,
    0x1, 0x0, 0x3f, 0xd0, 0x0, 0x0, 0x3, 0xfd,
    0x0, 0x0, 0x0, 0x1f, 0xe0, 0x0, 0x33, 0x0,
    0xdf, 0x40, 0x1f, 0xf0, 0x5, 0xff, 0xad, 0xf9,
    0x0, 0x5, 0xdf, 0xe8, 0x0,

    /* U+0064 "d" */
    0x0, 0x0, 0x0, 0x8, 0xf8, 0x0, 0x0, 0x0,
    0x8, 0xf8, 0x0, 0x0, 0x0, 0x8, 0xf8, 0x0,
    0x0, 0x0, 0x8, 0xf8, 0x0, 0x5d, 0xfe, 0x78,
    0xf8, 0x5, 0xff, 0xba, 0xfd, 0xf8, 0xd, 0xf7,
    0x0, 0x2f, 0xf8, 0x1f, 0xf0, 0x0, 0xb, 0xf8,
    0x3f, 0xe0, 0x0, 0x8, 0xf8, 0x3f, 0xe0, 0x0,
    0x8, 0xf8, 0x1f, 0xf0, 0x0, 0xa, 0xf8, 0xd,
    0xf5, 0x0, 0x1f, 0xf8, 0x5, 0xff, 0x87, 0xdd,
    0xf8, 0x0, 0x6d, 0xfd, 0x67, 0xf9,

    /* U+0065 "e" */
    0x0, 0x4c, 0xff, 0xb2, 0x0, 0x4f, 0xf8, 0x9f,
    0xe1, 0xd, 0xf4, 0x0, 0x8f, 0x81, 0xff, 0x11,
    0x15, 0xfc, 0x3f, 0xff, 0xff, 0xff, 0xe3, 0xff,
    0x44, 0x44, 0x44, 0x1f, 0xf0, 0x0, 0x0, 0x0,
    0xcf, 0x70, 0x3, 0xe5, 0x4, 0xff, 0xa9, 0xff,
    0x30, 0x4, 0xcf, 0xfb, 0x30,

    /* U+0066 "f" */
    0x0, 0x2b, 0xff, 0x50, 0xb, 0xfb, 0x72, 0x0,
    0xff, 0x10, 0x0, 0xf, 0xf0, 0x0, 0x9f, 0xff,
    0xff, 0x5, 0x9f, 0xf9, 0x90, 0x0, 0xff, 0x0,
    0x0, 0xf, 0xf0, 0x0, 0x0, 0xff, 0x0, 0x0,
    0xf, 0xf0, 0x0, 0x0, 0xff, 0x0, 0x0, 0xf,
    0xf0, 0x0, 0x0, 0xff, 0x0, 0x0, 0xf, 0xf0,
    0x0,

    /* U+0067 "g" */
    0x0, 0x5d, 0xfd, 0x56, 0xf8, 0x5, 0xff, 0xba,
    0xeb, 0xf8, 0xd, 0xf8, 0x0, 0x2f, 0xf8, 0x1f,
    0xf1, 0x0, 0xa, 0xf8, 0x3f, 0xf0, 0x0, 0x8,
    0xf8, 0x3f, 0xe0, 0x0, 0x8, 0xf8, 0x1f, 0xf1,
    0x0, 0xb, 0xf8, 0xd, 0xf8, 0x0, 0x2f, 0xf8,
    0x6, 0xff, 0xba, 0xfb, 0xf8, 0x0, 0x7e, 0xfd,
    0x58, 0xf7, 0x3, 0x62, 0x0, 0xd, 0xf3, 0x7,
    0xfe, 0xa9, 0xdf, 0xa0, 0x0, 0x6c, 0xff, 0xd7,
    0x0,

    /* U+0068 "h" */
    0xaf, 0x50, 0x0, 0x0, 0xa, 0xf5, 0x0, 0x0,
    0x0, 0xaf, 0x50, 0x0, 0x0, 0xa, 0xf5, 0x0,
    0x0, 0x0, 0xaf, 0x57, 0xef, 0xb2, 0xa, 0xfa,
    0xfd, 0xff, 0xd0, 0xaf, 0xe2, 0x2, 0xff, 0x2a,
    0xf8, 0x0, 0xd, 0xf4, 0xaf, 0x50, 0x0, 0xbf,
    0x4a, 0xf5, 0x0, 0xb, 0xf4, 0xaf, 0x50, 0x0,
    0xbf, 0x4a, 0xf5, 0x0, 0xb, 0xf4, 0xaf, 0x50,
    0x0, 0xbf, 0x4a, 0xf5, 0x0, 0xb, 0xf4,

    /* U+0069 "i" */
    0xaf, 0x58, 0xd4, 0x0, 0x0, 0x0, 0xaf, 0x5a,
    0xf5, 0xaf, 0x5a, 0xf5, 0xaf, 0x5a, 0xf5, 0xaf,
    0x5a, 0xf5, 0xaf, 0x5a, 0xf5,

    /* U+006A "j" */
    0x0, 0xbf, 0x50, 0x9, 0xd4, 0x0, 0x0, 0x0,
    0x0, 0x0, 0x0, 0xbf, 0x50, 0xb, 0xf5, 0x0,
    0xbf, 0x50, 0xb, 0xf5, 0x0, 0xbf, 0x50, 0xb,
    0xf5, 0x0, 0xbf, 0x50, 0xb, 0xf5, 0x0, 0xbf,
    0x50, 0xb, 0xf5, 0x0, 0xcf, 0x42, 0x9f, 0xf2,
    0x4f, 0xe7, 0x0,

    /* U+006B "k" */
    0xbf, 0x50, 0x0, 0x0, 0xb, 0xf5, 0x0, 0x0,
    0x0, 0xbf, 0x50, 0x0, 0x0, 0xb, 0xf5, 0x0,
    0x0, 0x0, 0xbf, 0x50, 0x7, 0xfd, 0xb, 0xf5,
    0x4, 0xfe, 0x10, 0xbf, 0x51, 0xef, 0x30, 0xb,
    0xf6, 0xcf, 0x50, 0x0, 0xbf, 0xef, 0xf1, 0x0,
    0xb, 0xff, 0xdf, 0xa0, 0x0, 0xbf, 0x71, 0xff,
    0x40, 0xb, 0xf5, 0x7, 0xfd, 0x0, 0xbf, 0x50,
    0xc, 0xf8, 0xb, 0xf5, 0x0, 0x3f, 0xf2,

    /* U+006C "l" */
    0xaf, 0x5a, 0xf5, 0xaf, 0x5a, 0xf5, 0xaf, 0x5a,
    0xf5, 0xaf, 0x5a, 0xf5, 0xaf, 0x5a, 0xf5, 0xaf,
    0x5a, 0xf5, 0xaf, 0x5a, 0xf5,

    /* U+006D "m" */
    0xbf, 0x38, 0xef, 0xb1, 0x1b, 0xfe, 0x70, 0xbf,
    0xbc, 0x8e, 0xfb, 0xda, 0x9f, 0xf4, 0xaf, 0xd0,
    0x4, 0xff, 0x80, 0x9, 0xf9, 0xaf, 0x70, 0x0,
    0xff, 0x20, 0x5, 0xfb, 0xaf, 0x60, 0x0, 0xff,
    0x10, 0x4, 0xfb, 0xaf, 0x50, 0x0, 0xff, 0x0,
    0x4, 0xfb, 0xaf, 0x50, 0x0, 0xff, 0x0, 0x4,
    0xfb, 0xaf, 0x50, 0x0, 0xff, 0x0, 0x4, 0xfb,
    0xaf, 0x50, 0x0, 0xff, 0x0, 0x4, 0xfb, 0xaf,
    0x50, 0x0, 0xff, 0x0, 0x4, 0xfb,

    /* U+006E "n" */
    0xbf, 0x37, 0xef, 0xb2, 0xb, 0xfb, 0xd8, 0xdf,
    0xd0, 0xaf, 0xd0, 0x1, 0xff, 0x2a, 0xf8, 0x0,
    0xc, 0xf4, 0xaf, 0x60, 0x0, 0xbf, 0x4a, 0xf5,
    0x0, 0xb, 0xf4, 0xaf, 0x50, 0x0, 0xbf, 0x4a,
    0xf5, 0x0, 0xb, 0xf4, 0xaf, 0x50, 0x0, 0xbf,
    0x4a, 0xf5, 0x0, 0xb, 0xf4,

    /* U+006F "o" */
    0x0, 0x2a, 0xef, 0xe9, 0x10, 0x3, 0xff, 0xca,
    0xdf, 0xe1, 0xc, 0xf8, 0x0, 0xc, 0xf8, 0x1f,
    0xf1, 0x0, 0x5, 0xfd, 0x3f, 0xe0, 0x0, 0x2,
    0xff, 0x3f, 0xe0, 0x0, 0x2, 0xff, 0x1f, 0xf1,
    0x0, 0x5, 0xfd, 0xb, 0xf9, 0x0, 0xc, 0xf7,
    0x2, 0xff, 0xca, 0xef, 0xd0, 0x0, 0x2a, 0xef,
    0xd8, 0x10,

    /* U+0070 "p" */
    0xbf, 0x48, 0xef, 0xc4, 0x0, 0xbf, 0xdc, 0x79,
    0xff, 0x30, 0xaf, 0xd0, 0x0, 0x8f, 0xb0, 0xaf,
    0x70, 0x0, 0x2f, 0xf0, 0xaf, 0x50, 0x0, 0x1f,
    0xf0, 0xaf, 0x60, 0x0, 0x1f, 0xf0, 0xaf, 0x80,
    0x0, 0x3f, 0xe0, 0xaf, 0xe1, 0x0, 0xaf, 0xa0,
    0xaf, 0xde, 0xac, 0xff, 0x20, 0xaf, 0x58, 0xef,
    0xc3, 0x0, 0xaf, 0x50, 0x0, 0x0, 0x0, 0xaf,
    0x50, 0x0, 0x0, 0x0, 0xaf, 0x50, 0x0, 0x0,
    0x0,

    /* U+0071 "q" */
    0x0, 0x5d, 0xfd, 0x66, 0xf8, 0x5, 0xff, 0xba,
    0xfc, 0xf8, 0xd, 0xf7, 0x0, 0x2f, 0xf8, 0x1f,
    0xf0, 0x0, 0xa, 0xf8, 0x3f, 0xe0, 0x0, 0x8,
    0xf8, 0x3f, 0xe0, 0x0, 0x8, 0xf8, 0x2f, 0xf0,
    0x0, 0xb, 0xf8, 0xd, 0xf7, 0x0, 0x3f, 0xf8,
    0x6, 0xff, 0xba, 0xfc, 0xf8, 0x0, 0x6d, 0xfd,
    0x68, 0xf8, 0x0, 0x0, 0x0, 0x8, 0xf8, 0x0,
    0x0, 0x0, 0x8, 0xf8, 0x0, 0x0, 0x0, 0x8,
    0xf8,

    /* U+0072 "r" */
    0x0, 0x0, 0x0, 0xbf, 0x39, 0xf6, 0xbf, 0x9e,
    0xa4, 0xbf, 0xe1, 0x0, 0xbf, 0x90, 0x0, 0xbf,
    0x60, 0x0, 0xbf, 0x50, 0x0, 0xbf, 0x50, 0x0,
    0xbf, 0x50, 0x0, 0xbf, 0x50, 0x0, 0xbf, 0x50,
    0x0,

    /* U+0073 "s" */
    0x3, 0xcf, 0xea, 0x10, 0xe, 0xf7, 0x9f, 0xa0,
    0x3f, 0xa0, 0x5, 0x30, 0x1f, 0xe4, 0x0, 0x0,
    0xa, 0xff, 0xe8, 0x10, 0x0, 0x5b, 0xff, 0xc0,
    0x0, 0x0, 0x1e, 0xf2, 0x38, 0x20, 0xb, 0xf1,
    0x4f, 0xd7, 0x8f, 0xc0, 0x6, 0xdf, 0xea, 0x10,

    /* U+0074 "t" */
    0x0, 0xcb, 0x0, 0x0, 0x1f, 0xb0, 0x0, 0x9f,
    0xff, 0xfe, 0x5, 0xaf, 0xe9, 0x80, 0x4, 0xfb,
    0x0, 0x0, 0x4f, 0xb0, 0x0, 0x4, 0xfb, 0x0,
    0x0, 0x4f, 0xb0, 0x0, 0x4, 0xfb, 0x0, 0x0,
    0x4f, 0xd0, 0x0, 0x1, 0xff, 0xba, 0x0, 0x6,
    0xef, 0xd0,

    /* U+0075 "u" */
    0xcf, 0x30, 0x0, 0xdf, 0x2c, 0xf3, 0x0, 0xd,
    0xf2, 0xcf, 0x30, 0x0, 0xdf, 0x2c, 0xf3, 0x0,
    0xd, 0xf2, 0xcf, 0x30, 0x0, 0xdf, 0x2c, 0xf3,
    0x0, 0xd, 0xf2, 0xcf, 0x40, 0x0, 0xff, 0x2a,
    0xf8, 0x0, 0x6f, 0xf2, 0x5f, 0xf9, 0x9e, 0xdf,
    0x30, 0x7d, 0xfc, 0x2b, 0xf3,

    /* U+0076 "v" */
    0xdf, 0x40, 0x0, 0x2f, 0xe0, 0x7f, 0x90, 0x0,
    0x7f, 0x90, 0x2f, 0xe0, 0x0, 0xcf, 0x40, 0xd,
    0xf3, 0x1, 0xfe, 0x0, 0x7, 0xf7, 0x5, 0xf9,
    0x0, 0x2, 0xfc, 0xa, 0xf4, 0x0, 0x0, 0xdf,
    0x1f, 0xe0, 0x0, 0x0, 0x8f, 0x9f, 0x90, 0x0,
    0x0, 0x2f, 0xff, 0x30, 0x0, 0x0, 0xd, 0xfe,
    0x0, 0x0,

    /* U+0077 "w" */
    0xdf, 0x20, 0x6, 0xff, 0x0, 0x8, 0xf5, 0x9f,
    0x50, 0xa, 0xff, 0x30, 0xc, 0xf1, 0x5f, 0x90,
    0xe, 0xbf, 0x70, 0xf, 0xd0, 0x1f, 0xd0, 0x2f,
    0x7e, 0xb0, 0x3f, 0x90, 0xd, 0xf0, 0x6f, 0x3a,
    0xe0, 0x7f, 0x50, 0x9, 0xf4, 0xaf, 0x6, 0xf3,
    0xaf, 0x10, 0x5, 0xf7, 0xeb, 0x2, 0xf6, 0xed,
    0x0, 0x1, 0xfc, 0xf7, 0x0, 0xeb, 0xf9, 0x0,
    0x0, 0xdf, 0xf3, 0x0, 0xbf, 0xf5, 0x0, 0x0,
    0x9f, 0xf0, 0x0, 0x7f, 0xf1, 0x0,

    /* U+0078 "x" */
    0x7f, 0xb0, 0x0, 0xbf, 0x60, 0xcf, 0x40, 0x5f,
    0xc0, 0x3, 0xfd, 0x1e, 0xf2, 0x0, 0x8, 0xfd,
    0xf7, 0x0, 0x0, 0xd, 0xfd, 0x0, 0x0, 0x1,
    0xff, 0xf1, 0x0, 0x0, 0xbf, 0x9f, 0xb0, 0x0,
    0x5f, 0xb0, 0xbf, 0x50, 0x1e, 0xf2, 0x2, 0xfe,
    0x19, 0xf8, 0x0, 0x9, 0xfa,

    /* U+0079 "y" */
    0xd, 0xf4, 0x0, 0x1, 0xff, 0x0, 0x7f, 0xa0,
    0x0, 0x7f, 0x90, 0x1, 0xff, 0x0, 0xc, 0xf4,
    0x0, 0xa, 0xf5, 0x1, 0xfe, 0x0, 0x0, 0x4f,
    0xa0, 0x6f, 0x80, 0x0, 0x0, 0xef, 0xb, 0xf2,
    0x0, 0x0, 0x8, 0xf6, 0xfc, 0x0, 0x0, 0x0,
    0x2f, 0xef, 0x60, 0x0, 0x0, 0x0, 0xcf, 0xf1,
    0x0, 0x0, 0x0, 0x8, 0xfa, 0x0, 0x0, 0x0,
    0x1, 0xef, 0x30, 0x0, 0x0, 0x2b, 0xef, 0xa0,
    0x0, 0x0, 0x3, 0xfe, 0x90, 0x0, 0x0, 0x0,

    /* U+007A "z" */
    0x3f, 0xff, 0xff, 0xfa, 0x1, 0x99, 0x99, 0xef,
    0x90, 0x0, 0x0, 0x4f, 0xe1, 0x0, 0x0, 0x1e,
    0xf4, 0x0, 0x0, 0xb, 0xf8, 0x0, 0x0, 0x6,
    0xfc, 0x0, 0x0, 0x2, 0xff, 0x20, 0x0, 0x0,
    0xdf, 0x50, 0x0, 0x0, 0x7f, 0xf9, 0x99, 0x99,
    0x8, 0xff, 0xff, 0xff, 0xf0,

    /* U+007B "{" */
    0x0, 0x1b, 0xec, 0x0, 0xaf, 0xd6, 0x0, 0xef,
    0x10, 0x0, 0xef, 0x0, 0x0, 0xef, 0x0, 0x0,
    0xff, 0x0, 0x2, 0xfe, 0x0, 0x8e, 0xf5, 0x0,
    0xdf, 0xb1, 0x0, 0x8, 0xfa, 0x0, 0x0, 0xfe,
    0x0, 0x0, 0xef, 0x0, 0x0, 0xef, 0x0, 0x0,
    0xef, 0x0, 0x0, 0xdf, 0x20, 0x0, 0x9f, 0xd6,
    0x0, 0x1b, 0xfc,

    /* U+007C "|" */
    0x7f, 0x77, 0xf7, 0x7f, 0x77, 0xf7, 0x7f, 0x77,
    0xf7, 0x7f, 0x77, 0xf7, 0x7f, 0x77, 0xf7, 0x7f,
    0x77, 0xf7, 0x7f, 0x77, 0xf7, 0x7f, 0x77, 0xf7,
    0x7f, 0x70,

    /* U+007D "}" */
    0xdf, 0xa1, 0x0, 0x7d, 0xf9, 0x0, 0x3, 0xfc,
    0x0, 0x0, 0xfd, 0x0, 0x0, 0xfd, 0x0, 0x0,
    0xfd, 0x0, 0x0, 0xef, 0x10, 0x0, 0x6f, 0xd7,
    0x0, 0x1c, 0xfc, 0x0, 0xcf, 0x70, 0x0, 0xfe,
    0x0, 0x0, 0xfd, 0x0, 0x0, 0xfd, 0x0, 0x0,
    0xfd, 0x0, 0x3, 0xfc, 0x0, 0x6d, 0xf8, 0x0,
    0xde, 0xa1, 0x0,

    /* U+007E "~" */
    0x4, 0x88, 0x61, 0x0, 0x2, 0x5f, 0xff, 0xff,
    0xca, 0xcd, 0x35, 0x11, 0x49, 0xdf, 0xd6,

    /* U+4E2D "中" */
    0x0, 0x0, 0x0, 0x0, 0x0, 0x0, 0x0, 0x0,
    0x0, 0x0, 0xfe, 0x10, 0x0, 0x0, 0x0, 0x0,
    0x0, 0xfc, 0x0, 0x0, 0x0, 0x0, 0x0, 0x0,
    0xec, 0x0, 0x0, 0x0, 0x68, 0x77, 0x77, 0xfd,
    0x77, 0x77, 0x84, 0x9f, 0xff, 0xff, 0xff, 0xff,
    0xff, 0xf6, 0x8f, 0x10, 0x0, 0xec, 0x0, 0x4,
    0xf5, 0x8f, 0x10, 0x0, 0xec, 0x0, 0x4, 0xf5,
    0x8f, 0x10, 0x0, 0xec, 0x0, 0x4, 0xf5, 0x8f,
    0x10, 0x0, 0xec, 0x0, 0x4, 0xf5, 0x9f, 0xff,
    0xff, 0xff, 0xff, 0xff, 0xf5, 0x9f, 0x77, 0x77,
    0xfd, 0x77, 0x79, 0xf6, 0x6a, 0x10, 0x0, 0xec,
    0x0, 0x2, 0x52, 0x0, 0x0, 0x0, 0xec, 0x0,
    0x0, 0x0, 0x0, 0x0, 0x0, 0xec, 0x0, 0x0,
    0x0, 0x0, 0x0, 0x0, 0xec, 0x0, 0x0, 0x0,
    0x0, 0x0, 0x0, 0xfc, 0x0, 0x0, 0x0, 0x0,
    0x0, 0x0, 0xfd, 0x0, 0x0, 0x0,

    /* U+4EA7 "产" */
    0x0, 0x0, 0x0, 0x0, 0x0, 0x0, 0x0, 0x0,
    0x0, 0x0, 0x0, 0x0, 0x5e, 0x30, 0x0, 0x0,
    0x0, 0x0, 0x0, 0x0, 0x3, 0xef, 0x70, 0x0,
    0x0, 0x0, 0x0, 0x87, 0x66, 0x67, 0xfb, 0x66,
    0x67, 0x70, 0x0, 0x1f, 0xff, 0xff, 0xff, 0xff,
    0xff, 0xfe, 0x0, 0x0, 0x0, 0x5e, 0x20, 0x0,
    0xbd, 0x30, 0x0, 0x0, 0x0, 0x2, 0xfe, 0x10,
    0x3f, 0xc1, 0x0, 0x0, 0x0, 0x65, 0x59, 0xf8,
    0x5d, 0xf7, 0x55, 0x63, 0x0, 0xf, 0xff, 0xff,
    0xff, 0xff, 0xff, 0xff, 0x70, 0x0, 0xfb, 0x0,
    0x0, 0x0, 0x0, 0x0, 0x11, 0x0, 0xf, 0xb0,
    0x0, 0x0, 0x0, 0x0, 0x0, 0x0, 0x1, 0xf9,
    0x0, 0x0, 0x0, 0x0, 0x0, 0x0, 0x0, 0x2f,
    0x70, 0x0, 0x0, 0x0, 0x0, 0x0, 0x0, 0x7,
    0xf3, 0x0, 0x0, 0x0, 0x0, 0x0, 0x0, 0x0,
    0xce, 0x0, 0x0, 0x0, 0x0, 0x0, 0x0, 0x0,
    0x6f, 0x70, 0x0, 0x0, 0x0, 0x0, 0x0, 0x0,
    0x4f, 0xd0, 0x0, 0x0, 0x0, 0x0, 0x0, 0x0,
    0x0, 0x73, 0x0, 0x0, 0x0, 0x0, 0x0, 0x0,
    0x0,

    /* U+4EAE "亮" */
    0x0, 0x0, 0x0, 0x10, 0x0, 0x0, 0x0, 0x0,
    0x0, 0x0, 0x0, 0xcd, 0x40, 0x0, 0x0, 0x0,
    0x0, 0x0, 0x0, 0x6e, 0xf4, 0x0, 0x0, 0x0,
    0x6e, 0xdd, 0xdd, 0xde, 0xfd, 0xdd, 0xdd, 0xf1,
    0x48, 0x78, 0x77, 0x77, 0x77, 0x77, 0x87, 0x90,
    0x0, 0xe, 0xff, 0xff, 0xff, 0xff, 0xd0, 0x0,
    0x0, 0xd, 0xd5, 0x55, 0x55, 0x5d, 0xc0, 0x0,
    0x0, 0xd, 0xd5, 0x55, 0x55, 0x5d, 0xc0, 0x0,
    0x0, 0xe, 0xff, 0xff, 0xff, 0xff, 0xe0, 0x0,
    0x48, 0x78, 0x77, 0x77, 0x77, 0x77, 0x87, 0x83,
    0x5f, 0xdd, 0xdd, 0xdd, 0xdd, 0xdd, 0xdd, 0xf5,
    0x5f, 0x40, 0x27, 0x65, 0x56, 0x71, 0x4, 0xf5,
    0x5e, 0x50, 0x3f, 0xff, 0xff, 0xf0, 0x5, 0xe5,
    0x0, 0x0, 0x2f, 0x70, 0xa, 0xf0, 0x0, 0x0,
    0x0, 0x0, 0x5f, 0x60, 0xa, 0xf0, 0x0, 0xb1,
    0x0, 0x1, 0xdf, 0x20, 0xa, 0xf0, 0x2, 0xfc,
    0x25, 0x9f, 0xf7, 0x0, 0x9, 0xf9, 0x8d, 0xf6,
    0x2f, 0xfb, 0x40, 0x0, 0x3, 0xdf, 0xfe, 0x80,
    0x4, 0x10, 0x0, 0x0, 0x0, 0x0, 0x0, 0x0,

    /* U+4EBA "人" */
    0x0, 0x0, 0x0, 0x1, 0x31, 0x0, 0x0, 0x0,
    0x0, 0x0, 0x0, 0x0, 0x3, 0xff, 0x0, 0x0,
    0x0, 0x0, 0x0, 0x0, 0x0, 0x2, 0xfa, 0x0,
    0x0, 0x0, 0x0, 0x0, 0x0, 0x0, 0x3, 0xf9,
    0x0, 0x0, 0x0, 0x0, 0x0, 0x0, 0x0, 0x4,
    0xfa, 0x0, 0x0, 0x0, 0x0, 0x0, 0x0, 0x0,
    0x5, 0xfc, 0x0, 0x0, 0x0, 0x0, 0x0, 0x0,
    0x0, 0x8, 0xff, 0x10, 0x0, 0x0, 0x0, 0x0,
    0x0, 0x0, 0xc, 0xff, 0x60, 0x0, 0x0, 0x0,
    0x0, 0x0, 0x0, 0x1f, 0xbe, 0xd0, 0x0, 0x0,
    0x0, 0x0, 0x0, 0x0, 0x8f, 0x57, 0xf6, 0x0,
    0x0, 0x0, 0x0, 0x0, 0x2, 0xfd, 0x1, 0xef,
    0x20, 0x0, 0x0, 0x0, 0x0, 0xd, 0xf4, 0x0,
    0x5f, 0xe2, 0x0, 0x0, 0x0, 0x1, 0xcf, 0x70,
    0x0, 0x9, 0xfe, 0x30, 0x0, 0x0, 0x6e, 0xf7,
    0x0, 0x0, 0x0, 0xaf, 0xf6, 0x0, 0x4e, 0xfe,
    0x50, 0x0, 0x0, 0x0, 0x9, 0xff, 0xb0, 0xa,
    0x91, 0x0, 0x0, 0x0, 0x0, 0x0, 0x5e, 0x30,
    0x0, 0x0, 0x0, 0x0, 0x0, 0x0, 0x0, 0x0,
    0x0,

    /* U+4F53 "体" */
    0x0, 0x0, 0x0, 0x0, 0x0, 0x0, 0x0, 0x0,
    0x0, 0x0, 0x0, 0x89, 0x10, 0x0, 0xfd, 0x10,
    0x0, 0x0, 0x0, 0x0, 0xff, 0x40, 0x0, 0xfc,
    0x0, 0x0, 0x0, 0x0, 0x6, 0xf8, 0x0, 0x0,
    0xeb, 0x0, 0x0, 0x0, 0x0, 0xe, 0xe4, 0x32,
    0x22, 0xec, 0x22, 0x23, 0x40, 0x0, 0x7f, 0x9b,
    0xff, 0xff, 0xff, 0xff, 0xff, 0xe0, 0x2, 0xff,
    0x83, 0x43, 0x3e, 0xff, 0x83, 0x33, 0x40, 0x1d,
    0xff, 0x80, 0x0, 0x5f, 0xff, 0xd0, 0x0, 0x0,
    0x7f, 0xaf, 0x80, 0x0, 0xce, 0xfd, 0xf7, 0x0,
    0x0, 0x4, 0x1f, 0x80, 0x6, 0xf6, 0xeb, 0x9f,
    0x20, 0x0, 0x0, 0x1f, 0x80, 0x1e, 0xd0, 0xeb,
    0x1e, 0xd0, 0x0, 0x0, 0x1f, 0x80, 0xbf, 0x30,
    0xeb, 0x5, 0xfc, 0x0, 0x0, 0x1f, 0x8a, 0xfe,
    0x88, 0xfd, 0x88, 0xef, 0xd2, 0x0, 0x1f, 0xff,
    0xcd, 0xed, 0xff, 0xde, 0xac, 0xe5, 0x0, 0x1f,
    0x99, 0x10, 0x0, 0xeb, 0x0, 0x1, 0x30, 0x0,
    0x1f, 0x80, 0x0, 0x0, 0xeb, 0x0, 0x0, 0x0,
    0x0, 0x2f, 0x90, 0x0, 0x0, 0xfb, 0x0, 0x0,
    0x0, 0x0, 0x2f, 0x90, 0x0, 0x0, 0xfc, 0x0,
    0x0, 0x0,

    /* U+5206 "分" */
    0x0, 0x0, 0x0, 0x40, 0x2, 0xd9, 0x0, 0x0,
    0x0, 0x0, 0x0, 0x3, 0xfe, 0x0, 0xef, 0x10,
    0x0, 0x0, 0x0, 0x0, 0x8, 0xf5, 0x0, 0x6f,
    0x70, 0x0, 0x0, 0x0, 0x0, 0x1f, 0xc0, 0x0,
    0xe, 0xf2, 0x0, 0x0, 0x0, 0x0, 0xaf, 0x30,
    0x0, 0x5, 0xfd, 0x10, 0x0, 0x0, 0x6, 0xf8,
    0x0, 0x0, 0x0, 0xaf, 0xc1, 0x0, 0x0, 0x5f,
    0xf7, 0x66, 0x66, 0x66, 0x7f, 0xfd, 0x30, 0x1a,
    0xfd, 0xdf, 0xff, 0xff, 0xff, 0xfd, 0xbf, 0xf6,
    0x1b, 0xc1, 0x10, 0x3f, 0x80, 0x0, 0xfc, 0xa,
    0x90, 0x0, 0x0, 0x0, 0x5f, 0x60, 0x0, 0xfb,
    0x0, 0x0, 0x0, 0x0, 0x0, 0x9f, 0x20, 0x0,
    0xfa, 0x0, 0x0, 0x0, 0x0, 0x0, 0xed, 0x0,
    0x1, 0xfa, 0x0, 0x0, 0x0, 0x0, 0x8, 0xf6,
    0x0, 0x2, 0xf9, 0x0, 0x0, 0x0, 0x0, 0x7f,
    0xc0, 0x0, 0x5, 0xf7, 0x0, 0x0, 0x0, 0x4b,
    0xfd, 0x10, 0x4b, 0xbf, 0xf3, 0x0, 0x0, 0x0,
    0xaf, 0xa0, 0x0, 0xe, 0xfc, 0x60, 0x0, 0x0,
    0x0, 0x4, 0x0, 0x0, 0x0, 0x0, 0x0, 0x0,
    0x0,

    /* U+52A8 "动" */
    0x0, 0x0, 0x0, 0x0, 0x0, 0xd, 0xc2, 0x0,
    0x0, 0x1, 0x0, 0x0, 0x1, 0x0, 0xfd, 0x0,
    0x0, 0x7, 0xff, 0xff, 0xff, 0xa0, 0xf, 0xc0,
    0x0, 0x0, 0x37, 0x66, 0x66, 0x65, 0x0, 0xfc,
    0x0, 0x0, 0x0, 0x0, 0x0, 0x0, 0x6d, 0xcf,
    0xfe, 0xef, 0x60, 0x0, 0x0, 0x0, 0x5, 0xa8,
    0xfd, 0x69, 0xf5, 0x3e, 0xdd, 0xdd, 0xdd, 0xe0,
    0xf, 0xa0, 0x6f, 0x42, 0x98, 0x9f, 0xf8, 0x89,
    0x1, 0xf9, 0x6, 0xf3, 0x0, 0x7, 0xf7, 0x0,
    0x0, 0x3f, 0x80, 0x7f, 0x20, 0x0, 0xed, 0x5e,
    0x20, 0x6, 0xf6, 0x7, 0xf1, 0x0, 0x6f, 0x52,
    0xfa, 0x0, 0xaf, 0x30, 0x8f, 0x10, 0x1e, 0xd0,
    0xa, 0xf2, 0xe, 0xe0, 0x9, 0xf0, 0xd, 0xfe,
    0xde, 0xff, 0xa6, 0xf9, 0x0, 0x9f, 0x0, 0xae,
    0xb9, 0x75, 0xcf, 0xef, 0x20, 0xb, 0xf0, 0x0,
    0x0, 0x0, 0x3, 0xdf, 0x81, 0x99, 0xfd, 0x0,
    0x0, 0x0, 0x0, 0xcf, 0xb0, 0xb, 0xfc, 0x30,
    0x0, 0x0, 0x0, 0x0, 0x60, 0x0, 0x10, 0x0,
    0x0,

    /* U+53F7 "号" */
    0x0, 0x1, 0x0, 0x0, 0x0, 0x0, 0x10, 0x0,
    0x0, 0x0, 0xdf, 0xff, 0xff, 0xff, 0xff, 0x20,
    0x0, 0x0, 0xc, 0xe6, 0x66, 0x66, 0x6b, 0xf1,
    0x0, 0x0, 0x0, 0xcd, 0x0, 0x0, 0x0, 0x8f,
    0x0, 0x0, 0x0, 0xc, 0xe6, 0x66, 0x66, 0x6b,
    0xf1, 0x0, 0x0, 0x0, 0xef, 0xff, 0xff, 0xff,
    0xff, 0x20, 0x0, 0x0, 0x0, 0x0, 0x0, 0x0,
    0x0, 0x0, 0x0, 0xe, 0xfe, 0xee, 0xee, 0xee,
    0xee, 0xee, 0xef, 0xf1, 0x77, 0x77, 0xaf, 0xb7,
    0x77, 0x77, 0x77, 0x78, 0x0, 0x0, 0xa, 0xf4,
    0x11, 0x11, 0x12, 0x30, 0x0, 0x0, 0x2, 0xff,
    0xff, 0xff, 0xff, 0xfd, 0x0, 0x0, 0x0, 0x25,
    0x44, 0x44, 0x44, 0x4f, 0xb0, 0x0, 0x0, 0x0,
    0x0, 0x0, 0x0, 0x1, 0xf9, 0x0, 0x0, 0x0,
    0x0, 0x0, 0x0, 0x0, 0x7f, 0x50, 0x0, 0x0,
    0x0, 0x0, 0x9a, 0xaa, 0xdf, 0xe0, 0x0, 0x0,
    0x0, 0x0, 0x7, 0xff, 0xdc, 0x81, 0x0, 0x0,
    0x0, 0x0, 0x0, 0x0, 0x0, 0x0, 0x0, 0x0,
    0x0,

    /* U+540D "名" */
    0x0, 0x0, 0x0, 0x9, 0x50, 0x0, 0x0, 0x0,
    0x0, 0x0, 0x0, 0x6f, 0xf4, 0x0, 0x0, 0x0,
    0x0, 0x0, 0x4, 0xff, 0x96, 0x66, 0x66, 0x75,
    0x0, 0x0, 0x4f, 0xff, 0xff, 0xff, 0xff, 0xd1,
    0x0, 0x7, 0xff, 0x50, 0x0, 0x1, 0xee, 0x20,
    0x2, 0xdf, 0xe4, 0xda, 0x0, 0x2d, 0xe2, 0x0,
    0x0, 0x4a, 0x11, 0x9f, 0xc5, 0xee, 0x30, 0x0,
    0x0, 0x0, 0x0, 0x6, 0xff, 0xc1, 0x0, 0x0,
    0x0, 0x0, 0x0, 0x6e, 0xfb, 0x22, 0x22, 0x33,
    0x0, 0x2, 0x7e, 0xff, 0xff, 0xff, 0xff, 0xfa,
    0x9, 0xdf, 0xff, 0xf4, 0x33, 0x33, 0x34, 0xf9,
    0x5, 0xfa, 0x3a, 0xf0, 0x0, 0x0, 0x1, 0xf9,
    0x0, 0x0, 0xa, 0xf0, 0x0, 0x0, 0x1, 0xf9,
    0x0, 0x0, 0xa, 0xf0, 0x0, 0x0, 0x1, 0xf9,
    0x0, 0x0, 0xa, 0xff, 0xff, 0xff, 0xff, 0xf9,
    0x0, 0x0, 0xb, 0xf6, 0x55, 0x55, 0x57, 0xfa,
    0x0, 0x0, 0x0, 0x10, 0x0, 0x0, 0x0, 0x0,

    /* U+54C1 "品" */
    0x0, 0x0, 0x0, 0x0, 0x0, 0x0, 0x0, 0x0,
    0x0, 0x9, 0xff, 0xff, 0xff, 0xff, 0x50, 0x0,
    0x0, 0x7, 0xf6, 0x66, 0x66, 0x8f, 0x40, 0x0,
    0x0, 0x7, 0xf1, 0x0, 0x0, 0x4f, 0x40, 0x0,
    0x0, 0x7, 0xf1, 0x0, 0x0, 0x4f, 0x40, 0x0,
    0x0, 0x7, 0xf5, 0x55, 0x55, 0x8f, 0x40, 0x0,
    0x0, 0x8, 0xff, 0xff, 0xff, 0xff, 0x60, 0x0,
    0x0, 0x1, 0x10, 0x0, 0x0, 0x1, 0x10, 0x0,
    0x6, 0x55, 0x55, 0x61, 0x17, 0x66, 0x66, 0x71,
    0xf, 0xff, 0xff, 0xf2, 0x1f, 0xff, 0xff, 0xf1,
    0xe, 0xb0, 0x7, 0xf1, 0x1f, 0x80, 0x8, 0xf1,
    0xe, 0xb0, 0x7, 0xf1, 0x1f, 0x80, 0x8, 0xf1,
    0xe, 0xb0, 0x7, 0xf1, 0x1f, 0x80, 0x8, 0xf1,
    0xe, 0xc5, 0x5a, 0xf1, 0x1f, 0xb6, 0x6b, 0xf1,
    0xe, 0xff, 0xff, 0xf1, 0x1f, 0xff, 0xff, 0xf1,
    0xf, 0xb0, 0x8, 0xf3, 0x2f, 0x90, 0x9, 0xf2,
    0x0, 0x0, 0x0, 0x10, 0x3, 0x10, 0x0, 0x0,

    /* U+56DE "回" */
    0x67, 0x66, 0x66, 0x66, 0x66, 0x66, 0x75, 0xcf,
    0xff, 0xff, 0xff, 0xff, 0xff, 0xfa, 0xbf, 0x0,
    0x0, 0x0, 0x0, 0x0, 0xfa, 0xbf, 0x3, 0x54,
    0x44, 0x45, 0x10, 0xfa, 0xbf, 0x8, 0xff, 0xff,
    0xff, 0x20, 0xfa, 0xbf, 0x8, 0xf2, 0x11, 0x8f,
    0x10, 0xfa, 0xbf, 0x8, 0xf1, 0x0, 0x8f, 0x10,
    0xfa, 0xbf, 0x8, 0xf1, 0x0, 0x8f, 0x10, 0xfa,
    0xbf, 0x8, 0xf7, 0x66, 0xbf, 0x10, 0xfa, 0xbf,
    0x9, 0xff, 0xff, 0xff, 0x20, 0xfa, 0xbf, 0x0,
    0x0, 0x0, 0x0, 0x0, 0xfa, 0xbf, 0x0, 0x0,
    0x0, 0x0, 0x0, 0xfa, 0xbf, 0xff, 0xff, 0xff,
    0xff, 0xff, 0xfa, 0xbf, 0x66, 0x66, 0x66, 0x66,
    0x67, 0xfa, 0xcf, 0x0, 0x0, 0x0, 0x0, 0x1,
    0x96,

    /* U+592A "太" */
    0x0, 0x0, 0x0, 0x2, 0xdb, 0x10, 0x0, 0x0,
    0x0, 0x0, 0x0, 0x0, 0x1, 0xfc, 0x0, 0x0,
    0x0, 0x0, 0x0, 0x0, 0x0, 0x1, 0xfa, 0x0,
    0x0, 0x0, 0x0, 0x0, 0x0, 0x0, 0x2, 0xf9,
    0x0, 0x0, 0x0, 0x0, 0x6, 0x66, 0x66, 0x68,
    0xfb, 0x66, 0x66, 0x67, 0x10, 0xc, 0xff, 0xff,
    0xff, 0xff, 0xff, 0xff, 0xff, 0x30, 0x1, 0x0,
    0x0, 0x7, 0xff, 0x0, 0x0, 0x1, 0x0, 0x0,
    0x0, 0x0, 0xc, 0xff, 0x50, 0x0, 0x0, 0x0,
    0x0, 0x0, 0x0, 0x1f, 0xcf, 0xc0, 0x0, 0x0,
    0x0, 0x0, 0x0, 0x0, 0x8f, 0x49, 0xf4, 0x0,
    0x0, 0x0, 0x0, 0x0, 0x2, 0xfd, 0x1, 0xfd,
    0x0, 0x0, 0x0, 0x0, 0x0, 0xc, 0xf6, 0xb1,
    0x7f, 0xa0, 0x0, 0x0, 0x0, 0x0, 0xaf, 0x95,
    0xfb, 0xb, 0xf9, 0x0, 0x0, 0x0, 0x1c, 0xfa,
    0x0, 0xaf, 0x61, 0xdf, 0xb1, 0x0, 0x18, 0xff,
    0xa0, 0x0, 0x1a, 0x10, 0x1d, 0xff, 0x80, 0x2d,
    0xf6, 0x0, 0x0, 0x0, 0x0, 0x1, 0xbf, 0x70,
    0x2, 0x20, 0x0, 0x0, 0x0, 0x0, 0x0, 0x4,
    0x0,

    /* U+5C4F "屏" */
    0x0, 0x1, 0x0, 0x0, 0x0, 0x0, 0x0, 0x1,
    0x0, 0x0, 0x2f, 0xff, 0xff, 0xff, 0xff, 0xff,
    0xff, 0x0, 0x0, 0x1f, 0xb6, 0x66, 0x66, 0x66,
    0x66, 0xdd, 0x0, 0x0, 0x1f, 0xc6, 0x66, 0x66,
    0x66, 0x66, 0xdd, 0x0, 0x0, 0x1f, 0xff, 0xff,
    0xff, 0xff, 0xff, 0xff, 0x0, 0x0, 0x1f, 0x90,
    0xe, 0xd2, 0x0, 0xcf, 0x70, 0x0, 0x0, 0x1f,
    0x91, 0x14, 0xed, 0x9, 0xf7, 0x1, 0x10, 0x0,
    0x1f, 0x9c, 0xff, 0xff, 0xff, 0xff, 0xff, 0x90,
    0x0, 0x1f, 0x85, 0x55, 0xfb, 0x56, 0xfb, 0x56,
    0x40, 0x0, 0x2f, 0x80, 0x1, 0xf9, 0x1, 0xf9,
    0x0, 0x0, 0x0, 0x4f, 0xa7, 0x67, 0xfc, 0x67,
    0xfb, 0x66, 0x82, 0x0, 0x7f, 0xaf, 0xff, 0xff,
    0xff, 0xff, 0xff, 0xf4, 0x0, 0xcf, 0x10, 0x7,
    0xf3, 0x1, 0xf9, 0x0, 0x0, 0x4, 0xf9, 0x0,
    0x1e, 0xd0, 0x1, 0xf9, 0x0, 0x0, 0x2e, 0xe1,
    0x4, 0xdf, 0x40, 0x1, 0xf9, 0x0, 0x0, 0x16,
    0x50, 0x2d, 0xf5, 0x0, 0x3, 0xfa, 0x0, 0x0,
    0x0, 0x0, 0x0, 0x20, 0x0, 0x0, 0x0, 0x0,
    0x0,

    /* U+5EA6 "度" */
    0x0, 0x0, 0x0, 0x0, 0x1, 0x0, 0x0, 0x0,
    0x0, 0x0, 0x0, 0x0, 0x0, 0x5f, 0x80, 0x0,
    0x0, 0x0, 0x0, 0x14, 0x33, 0x33, 0x4c, 0xfa,
    0x33, 0x33, 0x40, 0x0, 0x3f, 0xff, 0xff, 0xff,
    0xff, 0xff, 0xff, 0xf1, 0x0, 0x2f, 0x92, 0x27,
    0xa7, 0x22, 0x9a, 0x52, 0x30, 0x0, 0x2f, 0x80,
    0x6, 0xf7, 0x0, 0xaf, 0x10, 0x0, 0x0, 0x2f,
    0xaf, 0xef, 0xfe, 0xee, 0xff, 0xee, 0xb0, 0x0,
    0x2f, 0x98, 0x6a, 0xf9, 0x66, 0xcf, 0x67, 0x50,
    0x0, 0x2f, 0x80, 0x6, 0xf9, 0x77, 0xcf, 0x0,
    0x0, 0x0, 0x2f, 0x80, 0x6, 0xdd, 0xdd, 0xde,
    0x10, 0x0, 0x0, 0x3f, 0x72, 0x65, 0x55, 0x55,
    0x55, 0x61, 0x0, 0x0, 0x5f, 0x55, 0xff, 0xff,
    0xff, 0xff, 0x90, 0x0, 0x0, 0x8f, 0x30, 0x5,
    0xf8, 0x2, 0xed, 0x0, 0x0, 0x0, 0xde, 0x0,
    0x0, 0x9f, 0x9e, 0xe1, 0x0, 0x0, 0x4, 0xf9,
    0x0, 0x0, 0xd, 0xff, 0x60, 0x0, 0x0, 0x1d,
    0xf2, 0x0, 0x49, 0xef, 0xbe, 0xfe, 0xa7, 0x43,
    0x29, 0x80, 0xaf, 0xff, 0xa2, 0x0, 0x5b, 0xff,
    0xf4, 0x0, 0x0, 0x1b, 0x60, 0x0, 0x0, 0x0,
    0x4, 0x60,

    /* U+5FD7 "志" */
    0x0, 0x0, 0x0, 0x0, 0x0, 0x0, 0x0, 0x0,
    0x0, 0x0, 0x0, 0x0, 0xe, 0xd2, 0x0, 0x0,
    0x0, 0x0, 0x0, 0x0, 0x0, 0xed, 0x0, 0x0,
    0x0, 0x0, 0x11, 0x0, 0x0, 0xd, 0xc0, 0x0,
    0x0, 0x11, 0x8, 0xff, 0xff, 0xff, 0xff, 0xff,
    0xff, 0xff, 0x80, 0x46, 0x55, 0x55, 0x5e, 0xd5,
    0x55, 0x55, 0x64, 0x0, 0x0, 0x0, 0x0, 0xdc,
    0x0, 0x0, 0x0, 0x0, 0x0, 0x64, 0x44, 0x4e,
    0xd4, 0x44, 0x46, 0x0, 0x0, 0x1f, 0xff, 0xff,
    0xff, 0xff, 0xff, 0xf2, 0x0, 0x0, 0x21, 0x11,
    0x27, 0x11, 0x11, 0x13, 0x0, 0x0, 0x0, 0x0,
    0x9, 0xf7, 0x0, 0x28, 0x0, 0x0, 0x5, 0xc7,
    0xaf, 0x7d, 0xf3, 0xa, 0xf7, 0x0, 0x0, 0x9f,
    0x48, 0xf1, 0x2f, 0xe0, 0xd, 0xf3, 0x0, 0xe,
    0xe0, 0x8f, 0x10, 0x74, 0x45, 0x2f, 0xe1, 0x4,
    0xf9, 0x8, 0xf1, 0x0, 0x7, 0xf6, 0x7e, 0x40,
    0xaf, 0x20, 0x8f, 0xa8, 0x79, 0xff, 0x10, 0x10,
    0x0, 0x10, 0x2, 0xcf, 0xff, 0xfc, 0x40, 0x0,
    0x0, 0x0, 0x0, 0x0, 0x0, 0x0, 0x0, 0x0,
    0x0,

    /* U+606F "息" */
    0x0, 0x0, 0x0, 0x0, 0x0, 0x0, 0x0, 0x0,
    0x0, 0x0, 0x0, 0x0, 0x6, 0xf8, 0x0, 0x0,
    0x0, 0x0, 0x0, 0x0, 0x0, 0xb, 0xf2, 0x0,
    0x0, 0x0, 0x0, 0x0, 0x0, 0xff, 0xef, 0xfe,
    0xee, 0xef, 0xa0, 0x0, 0x0, 0x0, 0xfc, 0x55,
    0x55, 0x55, 0x6f, 0x90, 0x0, 0x0, 0x0, 0xfc,
    0x55, 0x55, 0x55, 0x6f, 0x80, 0x0, 0x0, 0x0,
    0xff, 0xff, 0xff, 0xff, 0xff, 0x80, 0x0, 0x0,
    0x0, 0xfb, 0x22, 0x22, 0x22, 0x3f, 0x80, 0x0,
    0x0, 0x0, 0xff, 0xff, 0xff, 0xff, 0xff, 0x80,
    0x0, 0x0, 0x0, 0xfb, 0x22, 0x22, 0x22, 0x3f,
    0x80, 0x0, 0x0, 0x0, 0xff, 0xff, 0xff, 0xff,
    0xff, 0x90, 0x0, 0x0, 0x0, 0x65, 0x55, 0x57,
    0x55, 0x55, 0x40, 0x0, 0x0, 0x6, 0x4, 0x73,
    0xaf, 0x50, 0x1, 0x91, 0x0, 0x0, 0x5f, 0xb7,
    0xf6, 0x1d, 0xf2, 0x6, 0xfc, 0x10, 0x3, 0xfd,
    0x17, 0xf3, 0x2, 0x40, 0xea, 0x7f, 0xc0, 0xd,
    0xf2, 0x6, 0xfb, 0x76, 0x7a, 0xfc, 0xa, 0x90,
    0x1, 0x30, 0x0, 0xae, 0xff, 0xfe, 0xb1, 0x0,
    0x0, 0x0, 0x0, 0x0, 0x0, 0x0, 0x0, 0x0,
    0x0, 0x0,

    /* U+63A5 "接" */
    0x0, 0x0, 0x0, 0x0, 0x0, 0x10, 0x0, 0x0,
    0x0, 0x0, 0xb, 0xc4, 0x0, 0x1, 0xea, 0x0,
    0x0, 0x0, 0x0, 0xb, 0xf0, 0x0, 0x0, 0x8f,
    0x90, 0x0, 0x0, 0x0, 0xb, 0xf0, 0xc, 0xbb,
    0xbe, 0xcb, 0xbd, 0x10, 0x1, 0xb, 0xf0, 0x1b,
    0xab, 0x99, 0x9b, 0x9b, 0x10, 0xf, 0xff, 0xff,
    0xb0, 0xbd, 0x10, 0x4f, 0x90, 0x0, 0x7, 0x6c,
    0xf6, 0x50, 0x5f, 0xb0, 0xbf, 0x20, 0x0, 0x0,
    0xb, 0xf0, 0x6, 0x4c, 0xb7, 0xfa, 0x45, 0x10,
    0x0, 0xb, 0xf2, 0x2f, 0xff, 0xff, 0xff, 0xff,
    0x40, 0x0, 0xb, 0xff, 0x21, 0x5, 0xf8, 0x0,
    0x1, 0x0, 0x3, 0x9f, 0xf9, 0x87, 0x7d, 0xf8,
    0x77, 0x77, 0x90, 0x1f, 0xfe, 0xf0, 0xee, 0xef,
    0xed, 0xef, 0xed, 0xe1, 0x5, 0x2b, 0xf0, 0x0,
    0xdd, 0x0, 0x9f, 0x20, 0x0, 0x0, 0xb, 0xf0,
    0x7, 0xfe, 0x84, 0xfb, 0x0, 0x0, 0x0, 0xb,
    0xf0, 0x0, 0x4a, 0xff, 0xf8, 0x0, 0x0, 0x0,
    0xb, 0xe0, 0x2, 0x6c, 0xfd, 0xcf, 0xd5, 0x0,
    0x6, 0xdf, 0xd0, 0xdf, 0xfd, 0x50, 0x5, 0xef,
    0x30, 0x1, 0xca, 0x30, 0x47, 0x20, 0x0, 0x0,
    0x6, 0x0,

    /* U+6587 "文" */
    0x0, 0x0, 0x0, 0x0, 0x0, 0x0, 0x0, 0x0,
    0x0, 0x0, 0x0, 0xa, 0x80, 0x0, 0x0, 0x0,
    0x0, 0x0, 0x0, 0x1, 0xbf, 0xb0, 0x0, 0x0,
    0x0, 0x0, 0x0, 0x0, 0x0, 0x9f, 0x90, 0x0,
    0x0, 0x0, 0x48, 0x77, 0x77, 0x77, 0xd7, 0x77,
    0x77, 0x88, 0x6, 0xff, 0xff, 0xff, 0xff, 0xff,
    0xff, 0xff, 0xe0, 0x0, 0x3, 0xfb, 0x0, 0x0,
    0xaf, 0x20, 0x1, 0x0, 0x0, 0xc, 0xf2, 0x0,
    0x1f, 0xd0, 0x0, 0x0, 0x0, 0x0, 0x4f, 0xa0,
    0x6, 0xf6, 0x0, 0x0, 0x0, 0x0, 0x0, 0xbf,
    0x50, 0xee, 0x0, 0x0, 0x0, 0x0, 0x0, 0x2,
    0xfe, 0x9f, 0x70, 0x0, 0x0, 0x0, 0x0, 0x0,
    0x5, 0xff, 0xd0, 0x0, 0x0, 0x0, 0x0, 0x0,
    0x0, 0x3f, 0xfc, 0x20, 0x0, 0x0, 0x0, 0x0,
    0x0, 0x6f, 0xf9, 0xff, 0x70, 0x0, 0x0, 0x0,
    0x4, 0xcf, 0xc2, 0x4, 0xef, 0xd7, 0x10, 0x2,
    0x7d, 0xff, 0x70, 0x0, 0x1, 0x9f, 0xff, 0xc2,
    0x6f, 0xf9, 0x10, 0x0, 0x0, 0x0, 0x2a, 0xfa,
    0x0, 0x42, 0x0, 0x0, 0x0, 0x0, 0x0, 0x1,
    0x0,

    /* U+65E5 "日" */
    0x6, 0x55, 0x55, 0x55, 0x55, 0x55, 0x51, 0xff,
    0xff, 0xff, 0xff, 0xff, 0xfb, 0xf, 0xb2, 0x22,
    0x22, 0x22, 0x2f, 0xa0, 0xfa, 0x0, 0x0, 0x0,
    0x1, 0xfa, 0xf, 0xa0, 0x0, 0x0, 0x0, 0x1f,
    0xa0, 0xfa, 0x0, 0x0, 0x0, 0x1, 0xfa, 0xf,
    0xff, 0xff, 0xff, 0xff, 0xff, 0xa0, 0xfd, 0x77,
    0x77, 0x77, 0x78, 0xfa, 0xf, 0xa0, 0x0, 0x0,
    0x0, 0x1f, 0xa0, 0xfa, 0x0, 0x0, 0x0, 0x1,
    0xfa, 0xf, 0xa0, 0x0, 0x0, 0x0, 0x1f, 0xa0,
    0xfb, 0x22, 0x22, 0x22, 0x23, 0xfa, 0xf, 0xff,
    0xff, 0xff, 0xff, 0xff, 0xa0, 0xfc, 0x44, 0x44,
    0x44, 0x45, 0xfb, 0x1c, 0x90, 0x0, 0x0, 0x0,
    0x19, 0x60,

    /* U+65F6 "时" */
    0x0, 0x0, 0x0, 0x0, 0x0, 0x0, 0xda, 0x0,
    0x0, 0x43, 0x22, 0x33, 0x0, 0x0, 0xf, 0xb0,
    0x0, 0x2f, 0xff, 0xff, 0xb0, 0x0, 0x0, 0xfb,
    0x0, 0x1, 0xf9, 0x22, 0xfa, 0x0, 0x0, 0xf,
    0xb0, 0x0, 0x1f, 0x80, 0xf, 0xa8, 0x77, 0x77,
    0xfd, 0x78, 0x11, 0xf8, 0x0, 0xfa, 0xee, 0xee,
    0xef, 0xfe, 0xf2, 0x1f, 0x93, 0x3f, 0xa0, 0x0,
    0x0, 0xfb, 0x0, 0x1, 0xff, 0xff, 0xfa, 0x1a,
    0x50, 0xf, 0xb0, 0x0, 0x1f, 0x92, 0x2f, 0xa1,
    0xee, 0x0, 0xfb, 0x0, 0x1, 0xf8, 0x0, 0xfa,
    0x6, 0xf9, 0xf, 0xb0, 0x0, 0x1f, 0x80, 0xf,
    0xa0, 0xd, 0xa0, 0xfb, 0x0, 0x1, 0xf8, 0x0,
    0xfa, 0x0, 0x0, 0xf, 0xb0, 0x0, 0x1f, 0xff,
    0xff, 0xa0, 0x0, 0x0, 0xfb, 0x0, 0x1, 0xfb,
    0x66, 0xfb, 0x0, 0x0, 0xf, 0xa0, 0x0, 0x2f,
    0x90, 0x9, 0x70, 0x8, 0xdd, 0xf9, 0x0, 0x0,
    0x0, 0x0, 0x0, 0x0, 0x1f, 0xea, 0x10, 0x0,
    0x0, 0x0, 0x0, 0x0, 0x0, 0x0, 0x0, 0x0,
    0x0,

    /* U+663E "显" */
    0x0, 0x1, 0x0, 0x0, 0x0, 0x0, 0x0, 0x20,
    0x0, 0x0, 0xcf, 0xff, 0xff, 0xff, 0xff, 0xff,
    0x0, 0x0, 0xb, 0xf5, 0x55, 0x55, 0x55, 0x5c,
    0xf0, 0x0, 0x0, 0xaf, 0x11, 0x11, 0x11, 0x11,
    0xbe, 0x0, 0x0, 0xa, 0xff, 0xff, 0xff, 0xff,
    0xff, 0xe0, 0x0, 0x0, 0xaf, 0x44, 0x44, 0x44,
    0x44, 0xce, 0x0, 0x0, 0xb, 0xf5, 0x55, 0x55,
    0x55, 0x5c, 0xe0, 0x0, 0x0, 0xcf, 0xff, 0xff,
    0xff, 0xff, 0xff, 0x0, 0x0, 0x1, 0x10, 0x8a,
    0x48, 0xa4, 0x1, 0x40, 0x0, 0x1, 0xa8, 0x9,
    0xf3, 0x9f, 0x20, 0x4f, 0x60, 0x0, 0xe, 0xf1,
    0x8f, 0x18, 0xf1, 0xc, 0xf8, 0x0, 0x0, 0x5f,
    0x98, 0xf1, 0x8f, 0x17, 0xf9, 0x0, 0x0, 0x0,
    0xdf, 0xaf, 0x18, 0xf5, 0xfd, 0x0, 0x0, 0x0,
    0x5, 0x88, 0xf1, 0x8f, 0x3b, 0x30, 0x0, 0x18,
    0x76, 0x66, 0xbf, 0x7b, 0xf7, 0x66, 0x67, 0x62,
    0xff, 0xff, 0xff, 0xff, 0xff, 0xff, 0xff, 0xfb,
    0x0, 0x0, 0x0, 0x0, 0x0, 0x0, 0x0, 0x0,
    0x0,

    /* U+671F "期" */
    0x0, 0x1a, 0x91, 0xc, 0xa1, 0x11, 0x0, 0x0,
    0x10, 0x1, 0xfb, 0x0, 0xfc, 0x5, 0xff, 0xff,
    0xfc, 0x5, 0x7f, 0xc7, 0x7f, 0xd8, 0x5f, 0x85,
    0x5f, 0xb0, 0xbe, 0xff, 0xdd, 0xff, 0xf7, 0xf5,
    0x0, 0xfb, 0x0, 0xf, 0x90, 0xf, 0xb0, 0x4f,
    0xa6, 0x6f, 0xb0, 0x0, 0xff, 0xff, 0xfb, 0x4,
    0xfe, 0xee, 0xfb, 0x0, 0xf, 0xb5, 0x5f, 0xb0,
    0x4f, 0x50, 0xf, 0xb0, 0x0, 0xfb, 0x55, 0xfb,
    0x4, 0xf5, 0x0, 0xfb, 0x0, 0xf, 0xff, 0xff,
    0xb0, 0x5f, 0xa7, 0x7f, 0xb0, 0x0, 0xf9, 0x0,
    0xfb, 0x6, 0xfd, 0xcc, 0xfb, 0x1f, 0xff, 0xff,
    0xff, 0xff, 0xdf, 0x30, 0xf, 0xb0, 0x76, 0x87,
    0x57, 0x95, 0x6d, 0xf0, 0x0, 0xfb, 0x0, 0xd,
    0xe4, 0xdf, 0x40, 0xec, 0x0, 0xf, 0xb0, 0xa,
    0xfa, 0x3, 0xef, 0x9f, 0x70, 0x0, 0xfb, 0xa,
    0xfb, 0x0, 0x3, 0xaf, 0xe0, 0x7, 0x7f, 0xa1,
    0xbd, 0x0, 0x0, 0xb, 0xf5, 0x0, 0xcf, 0xf5,
    0x0, 0x0, 0x0, 0x0, 0x4, 0x0, 0x3, 0x41,
    0x0,

    /* U+6807 "标" */
    0x0, 0x0, 0x7a, 0x40, 0x0, 0x0, 0x0, 0x0,
    0x0, 0x0, 0x0, 0x9, 0xf2, 0x0, 0x87, 0x66,
    0x66, 0x77, 0x0, 0x0, 0x0, 0x8f, 0x10, 0x1f,
    0xff, 0xff, 0xff, 0xe0, 0x0, 0x0, 0x8, 0xf1,
    0x0, 0x0, 0x0, 0x0, 0x0, 0x0, 0x5, 0xdb,
    0xdf, 0xbc, 0xa0, 0x0, 0x0, 0x0, 0x0, 0x0,
    0x4b, 0xaf, 0xfa, 0xaa, 0x0, 0x0, 0x0, 0x0,
    0x10, 0x0, 0x1, 0xff, 0x40, 0xcf, 0xff, 0xff,
    0xff, 0xff, 0x0, 0x0, 0x6f, 0xff, 0x76, 0x65,
    0x5f, 0xc5, 0x56, 0x80, 0x0, 0xd, 0xff, 0xdf,
    0x80, 0x0, 0xfa, 0x0, 0x0, 0x0, 0x4, 0xff,
    0xf2, 0xd5, 0x77, 0xf, 0xa1, 0x70, 0x0, 0x0,
    0xdf, 0x9f, 0x11, 0xe, 0xf4, 0xfa, 0x8f, 0x70,
    0x0, 0x9f, 0x88, 0xf1, 0x5, 0xf8, 0xf, 0xa0,
    0xdf, 0x30, 0x4, 0x90, 0x8f, 0x10, 0xde, 0x10,
    0xfa, 0x3, 0xfd, 0x0, 0x0, 0x8, 0xf1, 0x9f,
    0x60, 0xf, 0xa0, 0xa, 0xf7, 0x0, 0x0, 0x8f,
    0x29, 0xc0, 0x0, 0xfa, 0x0, 0x2c, 0x20, 0x0,
    0x9, 0xf1, 0x0, 0x1b, 0xaf, 0xa0, 0x0, 0x0,
    0x0, 0x0, 0xaf, 0x30, 0x0, 0xbf, 0xc3, 0x0,
    0x0, 0x0, 0x0, 0x0, 0x10, 0x0, 0x0, 0x0,
    0x0, 0x0, 0x0,

    /* U+751F "生" */
    0x0, 0x0, 0x0, 0x7, 0x72, 0x0, 0x0, 0x0,
    0x0, 0x0, 0x0, 0xa, 0xf4, 0x0, 0x0, 0x0,
    0x0, 0xd, 0xc3, 0x9, 0xf1, 0x0, 0x0, 0x0,
    0x0, 0xf, 0xd0, 0x9, 0xf1, 0x0, 0x0, 0x0,
    0x0, 0x5f, 0xc7, 0x7c, 0xf7, 0x77, 0x78, 0x40,
    0x0, 0xbf, 0xff, 0xff, 0xff, 0xff, 0xff, 0x80,
    0x3, 0xfb, 0x0, 0x9, 0xf1, 0x0, 0x0, 0x0,
    0xc, 0xf3, 0x0, 0x9, 0xf1, 0x0, 0x0, 0x0,
    0x6f, 0xa0, 0x0, 0x9, 0xf1, 0x0, 0x0, 0x0,
    0x0, 0x4f, 0xff, 0xff, 0xff, 0xff, 0xfa, 0x0,
    0x0, 0x28, 0x77, 0x7c, 0xf7, 0x77, 0x86, 0x0,
    0x0, 0x0, 0x0, 0x9, 0xf1, 0x0, 0x0, 0x0,
    0x0, 0x0, 0x0, 0x9, 0xf1, 0x0, 0x0, 0x0,
    0x0, 0x0, 0x0, 0x9, 0xf1, 0x0, 0x0, 0x0,
    0xaf, 0xee, 0xee, 0xef, 0xfe, 0xee, 0xee, 0xff,
    0x58, 0x77, 0x77, 0x77, 0x77, 0x77, 0x77, 0x88,

    /* U+793A "示" */
    0x0, 0x0, 0x0, 0x0, 0x0, 0x0, 0x0, 0x0,
    0x0, 0xef, 0xff, 0xff, 0xff, 0xff, 0xfb, 0x0,
    0x0, 0x77, 0x66, 0x66, 0x66, 0x66, 0x76, 0x0,
    0x0, 0x0, 0x0, 0x0, 0x0, 0x0, 0x0, 0x0,
    0x0, 0x0, 0x0, 0x0, 0x0, 0x0, 0x0, 0x0,
    0x22, 0x11, 0x11, 0x11, 0x11, 0x11, 0x11, 0x22,
    0xcf, 0xff, 0xff, 0xff, 0xff, 0xff, 0xff, 0xfd,
    0x44, 0x44, 0x44, 0x4a, 0xf5, 0x44, 0x44, 0x54,
    0x0, 0x1, 0x10, 0x8, 0xf2, 0x0, 0x0, 0x0,
    0x0, 0x9, 0xf7, 0x8, 0xf2, 0x1c, 0xa0, 0x0,
    0x0, 0x2f, 0xe1, 0x8, 0xf2, 0xa, 0xfb, 0x0,
    0x0, 0xbf, 0x40, 0x8, 0xf2, 0x0, 0x9f, 0xc0,
    0xa, 0xf8, 0x0, 0x8, 0xf2, 0x0, 0xa, 0xfa,
    0x4e, 0xb0, 0x0, 0x8, 0xf2, 0x0, 0x0, 0x92,
    0x1, 0x0, 0xb, 0xbe, 0xf1, 0x0, 0x0, 0x0,
    0x0, 0x0, 0x7, 0xfe, 0x80, 0x0, 0x0, 0x0,
    0x0, 0x0, 0x0, 0x0, 0x0, 0x0, 0x0, 0x0,

    /* U+79D2 "秒" */
    0x0, 0x0, 0x0, 0x22, 0x0, 0x6, 0x94, 0x0,
    0x0, 0x38, 0x89, 0xbe, 0xfc, 0x0, 0x8, 0xf5,
    0x0, 0x0, 0xf, 0xfe, 0xfd, 0x77, 0x20, 0x8,
    0xf1, 0x0, 0x0, 0x0, 0x1, 0xf8, 0x0, 0x3,
    0x28, 0xf3, 0x91, 0x0, 0x0, 0x1, 0xf8, 0x0,
    0xb, 0xfc, 0xf7, 0xfa, 0x0, 0x4f, 0xff, 0xff,
    0xff, 0x9e, 0xd8, 0xf1, 0xbf, 0x40, 0x27, 0x6a,
    0xfb, 0x66, 0x6f, 0x98, 0xf1, 0x1f, 0xd0, 0x0,
    0xd, 0xfd, 0x10, 0x6f, 0x58, 0xf1, 0x9, 0xf5,
    0x0, 0x6f, 0xff, 0xd1, 0xdf, 0x8, 0xf1, 0x7d,
    0x70, 0x1, 0xee, 0xfc, 0xfc, 0x78, 0x8, 0xf1,
    0xef, 0x30, 0xa, 0xf5, 0xf8, 0x96, 0x0, 0x8,
    0xf9, 0xf8, 0x0, 0x8f, 0xa1, 0xf8, 0x0, 0x0,
    0x2, 0x8f, 0xe1, 0x0, 0x7, 0x11, 0xf8, 0x0,
    0x0, 0x3, 0xef, 0x40, 0x0, 0x0, 0x1, 0xf8,
    0x0, 0x0, 0x8f, 0xf6, 0x0, 0x0, 0x0, 0x1,
    0xf8, 0x27, 0xaf, 0xfe, 0x40, 0x0, 0x0, 0x0,
    0x3, 0xfa, 0xb, 0xfc, 0x60, 0x0, 0x0, 0x0,
    0x0, 0x0, 0x0, 0x1, 0x10, 0x0, 0x0, 0x0,
    0x0,

    /* U+79F0 "称" */
    0x0, 0x0, 0x0, 0x30, 0x0, 0x87, 0x10, 0x0,
    0x0, 0x2, 0x24, 0x7c, 0xf9, 0x0, 0xef, 0x30,
    0x0, 0x0, 0xc, 0xff, 0xfe, 0x97, 0x3, 0xf8,
    0x0, 0x0, 0x0, 0x3, 0x64, 0xf9, 0x0, 0x9,
    0xfa, 0x99, 0x99, 0xa2, 0x0, 0x1, 0xf9, 0x0,
    0x1f, 0xec, 0xcc, 0xcf, 0xd0, 0xf, 0xee, 0xff,
    0xed, 0x8f, 0x51, 0x0, 0x5f, 0x70, 0x8, 0x7a,
    0xfc, 0x7a, 0xfd, 0xa, 0xf6, 0xbe, 0x10, 0x0,
    0xb, 0xfe, 0x10, 0x33, 0x8, 0xf1, 0x0, 0x0,
    0x0, 0x1f, 0xff, 0xd1, 0x0, 0x8, 0xf1, 0x0,
    0x0, 0x0, 0x9f, 0xfd, 0xfc, 0x2f, 0x98, 0xf4,
    0xd2, 0x0, 0x3, 0xfb, 0xf9, 0x96, 0x7f, 0x88,
    0xf3, 0xfc, 0x0, 0x1d, 0xf4, 0xf9, 0x0, 0xdd,
    0x8, 0xf1, 0x6f, 0x70, 0x5d, 0x91, 0xf9, 0x6,
    0xf5, 0x8, 0xf1, 0xc, 0xf2, 0x0, 0x1, 0xf9,
    0x3f, 0xc0, 0x8, 0xf1, 0x3, 0xf9, 0x0, 0x1,
    0xf9, 0x6, 0x40, 0x8, 0xf1, 0x0, 0x40, 0x0,
    0x1, 0xf9, 0x0, 0x8, 0xcf, 0xf0, 0x0, 0x0,
    0x0, 0x2, 0xfa, 0x0, 0x4, 0xeb, 0x40, 0x0,
    0x0,

    /* U+7B80 "简" */
    0x0, 0x0, 0x10, 0x0, 0x0, 0x0, 0x0, 0x0,
    0x0, 0x0, 0x5f, 0xa0, 0x0, 0x8, 0xe6, 0x0,
    0x0, 0x0, 0xd, 0xf6, 0x22, 0x30, 0xef, 0x43,
    0x33, 0x20, 0x8, 0xff, 0xff, 0xff, 0x6f, 0xff,
    0xff, 0xf7, 0x6, 0xfc, 0x2e, 0xc2, 0x5f, 0xe2,
    0xec, 0x12, 0x16, 0xfe, 0x34, 0x6f, 0x3c, 0xf5,
    0x7, 0xf2, 0x0, 0x6, 0x3b, 0xf6, 0x86, 0x7b,
    0x66, 0x77, 0x71, 0x0, 0x0, 0xb, 0xfb, 0xff,
    0xff, 0xff, 0xff, 0x10, 0x0, 0x9f, 0x67, 0x10,
    0x0, 0x0, 0x9, 0xf1, 0x0, 0x8, 0xf1, 0x2f,
    0xff, 0xff, 0xb0, 0x9f, 0x10, 0x0, 0x8f, 0x11,
    0xfa, 0x66, 0xfb, 0x9, 0xf1, 0x0, 0x8, 0xf1,
    0x1f, 0xa6, 0x6f, 0xb0, 0x9f, 0x10, 0x0, 0x8f,
    0x11, 0xff, 0xff, 0xfb, 0x9, 0xf1, 0x0, 0x8,
    0xf1, 0x1f, 0x70, 0xe, 0xb0, 0x9f, 0x10, 0x0,
    0x8f, 0x11, 0xff, 0xff, 0xfb, 0x9, 0xf1, 0x0,
    0x8, 0xf1, 0x17, 0x66, 0x66, 0x70, 0x9f, 0x10,
    0x0, 0x8f, 0x10, 0x0, 0x0, 0x9, 0xad, 0xf0,
    0x0, 0x9, 0xf2, 0x0, 0x0, 0x0, 0x3f, 0xfa,
    0x0, 0x0, 0x0, 0x0, 0x0, 0x0, 0x0, 0x0,
    0x0, 0x0,

    /* U+7F16 "编" */
    0x0, 0x0, 0x0, 0x0, 0x0, 0x0, 0x0, 0x0,
    0x0, 0x0, 0x58, 0x10, 0x0, 0xb, 0x60, 0x0,
    0x0, 0x0, 0xc, 0xf5, 0x0, 0x1, 0xcf, 0x70,
    0x0, 0x0, 0x3, 0xf8, 0x0, 0x46, 0x55, 0xed,
    0x55, 0x71, 0x0, 0xce, 0x17, 0xb9, 0xff, 0xff,
    0xff, 0xff, 0x10, 0x4f, 0x60, 0xef, 0xaf, 0x30,
    0x0, 0x8, 0xf1, 0x1f, 0xfd, 0xef, 0x66, 0xfb,
    0xaa, 0xaa, 0xdf, 0x10, 0xb9, 0x9f, 0xc0, 0x6f,
    0xba, 0xaa, 0xaa, 0xc2, 0x0, 0xc, 0xf2, 0x6,
    0xf3, 0x11, 0x11, 0x12, 0x30, 0x7, 0xf6, 0x2,
    0x7f, 0xff, 0xff, 0xff, 0xfa, 0x5, 0xfe, 0xae,
    0xd9, 0xfc, 0xaf, 0x7f, 0x6f, 0x90, 0xcf, 0xfb,
    0x84, 0xcf, 0xa9, 0xe5, 0xf3, 0xf8, 0x3, 0x30,
    0x0, 0x2f, 0xff, 0xff, 0xff, 0xff, 0x80, 0x14,
    0x7b, 0xfd, 0xff, 0xca, 0xf7, 0xf6, 0xf8, 0xe,
    0xff, 0xda, 0xfd, 0xea, 0x9f, 0x5f, 0x3f, 0x80,
    0x66, 0x10, 0x9f, 0x5e, 0xa8, 0xc5, 0xb4, 0xf8,
    0x0, 0x0, 0x8, 0xc0, 0xfb, 0x0, 0xc, 0xff,
    0x80, 0x0, 0x0, 0x0, 0xf, 0xc0, 0x0, 0x8f,
    0xc2, 0x0, 0x0, 0x0, 0x0, 0x0, 0x0, 0x0,
    0x0, 0x0,

    /* U+81EA "自" */
    0x0, 0x0, 0xb9, 0x30, 0x0, 0x0, 0x0, 0x0,
    0x2f, 0xe3, 0x0, 0x0, 0x0, 0x10, 0x8, 0xf6,
    0x0, 0x0, 0x0, 0xe, 0xff, 0xff, 0xff, 0xff,
    0xff, 0xf2, 0xdf, 0x77, 0x77, 0x77, 0x77, 0xdf,
    0x1d, 0xf0, 0x0, 0x0, 0x0, 0xb, 0xf1, 0xdf,
    0x77, 0x77, 0x77, 0x77, 0xdf, 0x1d, 0xff, 0xff,
    0xff, 0xff, 0xff, 0xf1, 0xdf, 0x0, 0x0, 0x0,
    0x0, 0xbf, 0x1d, 0xf3, 0x33, 0x33, 0x33, 0x3c,
    0xf1, 0xdf, 0xff, 0xff, 0xff, 0xff, 0xff, 0x1d,
    0xf3, 0x33, 0x33, 0x33, 0x3b, 0xf1, 0xdf, 0x0,
    0x0, 0x0, 0x0, 0xbf, 0x1d, 0xf7, 0x77, 0x77,
    0x77, 0x7d, 0xf1, 0xdf, 0xee, 0xee, 0xee, 0xee,
    0xff, 0x1d, 0xf0, 0x0, 0x0, 0x0, 0xb, 0xf2,
    0xef, 0x0, 0x0, 0x0, 0x0, 0xbd, 0x20,

    /* U+82F1 "英" */
    0x0, 0x0, 0x0, 0x0, 0x0, 0x0, 0x0, 0x0,
    0x0, 0x0, 0x0, 0xa, 0xe5, 0x0, 0x5f, 0xc0,
    0x0, 0x0, 0x1, 0x0, 0x9, 0xf1, 0x0, 0x3f,
    0x90, 0x0, 0x0, 0xe, 0xff, 0xff, 0xff, 0xff,
    0xff, 0xff, 0xff, 0xf2, 0x7, 0x66, 0x6b, 0xf7,
    0x76, 0x8f, 0xb6, 0x66, 0x71, 0x0, 0x0, 0x9,
    0xf2, 0xde, 0x8f, 0x90, 0x0, 0x0, 0x0, 0x0,
    0x22, 0x31, 0xcf, 0x12, 0x11, 0x20, 0x0, 0x0,
    0x2, 0xff, 0xff, 0xff, 0xff, 0xff, 0xa0, 0x0,
    0x0, 0x1, 0xfb, 0x44, 0xde, 0x44, 0x5f, 0x90,
    0x0, 0x0, 0x0, 0xf9, 0x0, 0xdc, 0x0, 0x1f,
    0x90, 0x0, 0x2, 0x1, 0xf9, 0x0, 0xfa, 0x0,
    0x1f, 0x90, 0x10, 0x1f, 0xff, 0xff, 0xff, 0xff,
    0xff, 0xff, 0xff, 0xf5, 0x7, 0x65, 0x55, 0x6f,
    0xec, 0xfa, 0x55, 0x56, 0x72, 0x0, 0x0, 0x0,
    0xbf, 0x61, 0xdf, 0x60, 0x0, 0x0, 0x0, 0x0,
    0x2c, 0xf8, 0x0, 0x1c, 0xfb, 0x20, 0x0, 0x0,
    0x3a, 0xff, 0x60, 0x0, 0x0, 0x9f, 0xfc, 0x73,
    0x9, 0xff, 0xb2, 0x0, 0x0, 0x0, 0x3, 0xcf,
    0xe2, 0x0, 0x84, 0x0, 0x0, 0x0, 0x0, 0x0,
    0x4, 0x40,

    /* U+8BA4 "认" */
    0x0, 0x14, 0x0, 0x0, 0x0, 0x68, 0x30, 0x0,
    0x0, 0x0, 0xbf, 0x60, 0x0, 0x0, 0x9f, 0x20,
    0x0, 0x0, 0x0, 0x1c, 0xf7, 0x0, 0x0, 0x9f,
    0x10, 0x0, 0x0, 0x0, 0x0, 0xcf, 0x70, 0x0,
    0x9f, 0x10, 0x0, 0x0, 0x0, 0x0, 0xc, 0x50,
    0x0, 0xaf, 0x10, 0x0, 0x0, 0x23, 0x23, 0x30,
    0x0, 0x0, 0xbf, 0x30, 0x0, 0x0, 0x7f, 0xff,
    0xe0, 0x0, 0x0, 0xbf, 0x80, 0x0, 0x0, 0x23,
    0x3d, 0xd0, 0x0, 0x0, 0xef, 0xc0, 0x0, 0x0,
    0x0, 0xe, 0xc0, 0x0, 0x2, 0xff, 0xf2, 0x0,
    0x0, 0x0, 0xe, 0xc0, 0x0, 0x7, 0xf9, 0xf9,
    0x0, 0x0, 0x0, 0xf, 0xb0, 0x10, 0xd, 0xf1,
    0xdf, 0x10, 0x0, 0x0, 0xf, 0xb3, 0xd0, 0x5f,
    0xa0, 0x6f, 0xa0, 0x0, 0x0, 0xf, 0xdf, 0xe2,
    0xef, 0x20, 0xd, 0xf4, 0x0, 0x0, 0x2f, 0xfd,
    0x2b, 0xf8, 0x0, 0x3, 0xff, 0x30, 0x0, 0x5f,
    0xc1, 0xaf, 0xc0, 0x0, 0x0, 0x8f, 0xf2, 0x0,
    0x5, 0x7, 0xfe, 0x10, 0x0, 0x0, 0x9, 0x40,
    0x0, 0x0, 0x0, 0x32, 0x0, 0x0, 0x0, 0x0,
    0x0,

    /* U+8BC1 "证" */
    0x0, 0x35, 0x0, 0x0, 0x0, 0x0, 0x0, 0x0,
    0x0, 0x0, 0xdf, 0x50, 0x47, 0x77, 0x77, 0x77,
    0x77, 0x60, 0x0, 0x2e, 0xf4, 0x8f, 0xff, 0xff,
    0xff, 0xff, 0xc0, 0x0, 0x3, 0xf9, 0x0, 0x0,
    0xe, 0xb0, 0x0, 0x0, 0x0, 0x0, 0x20, 0x0,
    0x0, 0xe, 0xb0, 0x0, 0x0, 0x16, 0x55, 0x50,
    0x1, 0x31, 0xe, 0xb0, 0x0, 0x0, 0x4f, 0xef,
    0xa0, 0x3, 0xfb, 0xe, 0xb0, 0x0, 0x0, 0x0,
    0xf, 0xa0, 0x2, 0xf9, 0xe, 0xff, 0xff, 0x30,
    0x0, 0xf, 0xa0, 0x1, 0xf9, 0xe, 0xd6, 0x78,
    0x10, 0x0, 0xf, 0x90, 0x1, 0xf9, 0xe, 0xb0,
    0x0, 0x0, 0x0, 0xf, 0x90, 0x1, 0xf9, 0xe,
    0xb0, 0x0, 0x0, 0x0, 0xf, 0x97, 0x21, 0xf9,
    0xe, 0xb0, 0x0, 0x0, 0x0, 0xf, 0xbf, 0x91,
    0xf9, 0xe, 0xb0, 0x0, 0x0, 0x0, 0x1f, 0xff,
    0x41, 0xf9, 0xe, 0xb0, 0x0, 0x0, 0x0, 0x2f,
    0xfd, 0x77, 0xfb, 0x6f, 0xd6, 0x67, 0x81, 0x0,
    0x6f, 0xca, 0xff, 0xff, 0xff, 0xff, 0xff, 0xf1,
    0x0, 0xa, 0x20, 0x0, 0x0, 0x0, 0x0, 0x0,
    0x0, 0x0, 0x0, 0x0, 0x0, 0x0, 0x0, 0x0,
    0x0, 0x0,

    /* U+8FD4 "返" */
    0x0, 0x24, 0x0, 0x0, 0x0, 0x0, 0x0, 0x22,
    0x0, 0x0, 0xdf, 0x40, 0x9, 0x88, 0x8a, 0xce,
    0xfc, 0x0, 0x0, 0x2e, 0xf4, 0xf, 0xfd, 0xdc,
    0xb9, 0x88, 0x10, 0x0, 0x2, 0xe6, 0xe, 0xb0,
    0x0, 0x0, 0x0, 0x0, 0x0, 0x0, 0x0, 0xe,
    0xc2, 0x22, 0x22, 0x32, 0x0, 0x0, 0x0, 0x0,
    0xe, 0xff, 0xff, 0xff, 0xf3, 0x0, 0x3f, 0xee,
    0xf1, 0xe, 0xb2, 0x22, 0x2e, 0xe0, 0x0, 0x18,
    0x7c, 0xf0, 0xf, 0xac, 0x70, 0x2f, 0x80, 0x0,
    0x0, 0x9, 0xf0, 0xf, 0xaa, 0xfb, 0xaf, 0x20,
    0x0, 0x0, 0x9, 0xf0, 0x3f, 0x60, 0x5f, 0xfb,
    0x0, 0x0, 0x0, 0x9, 0xf0, 0x8f, 0x20, 0x2d,
    0xff, 0x50, 0x0, 0x0, 0x9, 0xf2, 0xfb, 0x6,
    0xef, 0x4c, 0xf7, 0x0, 0x0, 0x9, 0xf7, 0xf9,
    0xef, 0xd2, 0x0, 0xbf, 0x60, 0x0, 0x2d, 0xf8,
    0x31, 0xc8, 0x0, 0x0, 0x8, 0x0, 0x6, 0xfe,
    0xaf, 0xfe, 0xa9, 0x89, 0x9a, 0xbd, 0xd0, 0x5,
    0xf2, 0x0, 0x5a, 0xef, 0xff, 0xfe, 0xed, 0x80,
    0x0, 0x10, 0x0, 0x0, 0x0, 0x0, 0x0, 0x0,
    0x0,

    /* U+8FDE "连" */
    0x0, 0x0, 0x0, 0x0, 0x7, 0xa3, 0x0, 0x0,
    0x0, 0x0, 0x9a, 0x0, 0x0, 0xc, 0xf4, 0x0,
    0x0, 0x0, 0x0, 0xbf, 0x60, 0x98, 0x8f, 0xd7,
    0x77, 0x89, 0x10, 0x0, 0x1e, 0xf3, 0xfe, 0xff,
    0xee, 0xee, 0xef, 0x10, 0x0, 0x5, 0x80, 0x0,
    0xec, 0x33, 0x0, 0x0, 0x0, 0x0, 0x0, 0x0,
    0x7, 0xf5, 0x9f, 0x40, 0x0, 0x0, 0x5, 0x44,
    0x50, 0x3e, 0xe3, 0xaf, 0x42, 0x32, 0x0, 0x2f,
    0xff, 0xf0, 0x7f, 0xff, 0xff, 0xff, 0xf8, 0x0,
    0x3, 0x2b, 0xf0, 0x6, 0x33, 0xaf, 0x43, 0x43,
    0x0, 0x0, 0xa, 0xf0, 0x0, 0x0, 0x8f, 0x10,
    0x0, 0x0, 0x0, 0xa, 0xf2, 0xff, 0xff, 0xff,
    0xff, 0xff, 0x50, 0x0, 0xa, 0xf1, 0x87, 0x77,
    0xbf, 0x77, 0x78, 0x30, 0x0, 0xa, 0xf0, 0x0,
    0x0, 0x8f, 0x10, 0x0, 0x0, 0x1, 0x9f, 0xfa,
    0x20, 0x0, 0x9f, 0x20, 0x0, 0x0, 0x2e, 0xf7,
    0x6e, 0xfc, 0x97, 0xac, 0x99, 0xbd, 0xc0, 0xc,
    0x70, 0x0, 0x6b, 0xff, 0xff, 0xff, 0xff, 0x60,
    0x1, 0x0, 0x0, 0x0, 0x0, 0x11, 0x0, 0x0,
    0x0,

    /* U+9020 "造" */
    0x0, 0x0, 0x0, 0x0, 0x0, 0x8a, 0x40, 0x0,
    0x0, 0x0, 0xb8, 0x0, 0x3, 0x82, 0x9f, 0x20,
    0x0, 0x0, 0x0, 0xaf, 0x70, 0x8, 0xf5, 0x9f,
    0x10, 0x0, 0x0, 0x0, 0xc, 0xf5, 0xe, 0xff,
    0xff, 0xff, 0xf7, 0x0, 0x0, 0x1, 0xe5, 0x9f,
    0x86, 0xbf, 0x76, 0x63, 0x0, 0x0, 0x0, 0x2,
    0xcb, 0x0, 0x9f, 0x10, 0x0, 0x0, 0x3b, 0xaa,
    0xb8, 0xff, 0xff, 0xff, 0xff, 0xff, 0xa0, 0x4f,
    0xef, 0xf5, 0x76, 0x66, 0x66, 0x66, 0x66, 0x50,
    0x0, 0x9, 0xf1, 0x5, 0x66, 0x66, 0x66, 0x80,
    0x0, 0x0, 0x9, 0xf1, 0x9, 0xff, 0xff, 0xff,
    0xf0, 0x0, 0x0, 0x9, 0xf1, 0x8, 0xf1, 0x0,
    0xa, 0xf0, 0x0, 0x0, 0x9, 0xf1, 0x8, 0xf1,
    0x0, 0xa, 0xf0, 0x0, 0x0, 0x9, 0xf1, 0x9,
    0xff, 0xff, 0xff, 0xf0, 0x0, 0x2, 0xaf, 0xf8,
    0x14, 0x66, 0x66, 0x66, 0x70, 0x0, 0x2f, 0xfa,
    0xbf, 0xfc, 0x98, 0x77, 0x78, 0x8a, 0xa0, 0x9,
    0x60, 0x2, 0x7c, 0xff, 0xff, 0xff, 0xff, 0x80,
    0x0, 0x0, 0x0, 0x0, 0x0, 0x0, 0x0, 0x0,
    0x0,

    /* U+949F "钟" */
    0x0, 0x0, 0xb5, 0x0, 0x0, 0x2, 0xdb, 0x0,
    0x0, 0x0, 0x6, 0xfd, 0x10, 0x0, 0x2, 0xfb,
    0x0, 0x0, 0x0, 0xe, 0xf2, 0x0, 0x0, 0x1,
    0xf9, 0x0, 0x0, 0x0, 0xaf, 0xff, 0xff, 0x86,
    0x45, 0xfb, 0x45, 0x60, 0x7, 0xfc, 0x66, 0x67,
    0xbf, 0xff, 0xff, 0xff, 0xf0, 0x2e, 0xe1, 0x0,
    0x1, 0x8f, 0x21, 0xf9, 0xa, 0xf0, 0x2, 0xff,
    0xff, 0xfa, 0x8f, 0x11, 0xf9, 0xa, 0xf0, 0x0,
    0x76, 0xfb, 0x65, 0x8f, 0x11, 0xf9, 0xa, 0xf0,
    0x0, 0x1, 0xf9, 0x0, 0x8f, 0x11, 0xf9, 0xa,
    0xf0, 0x8, 0x99, 0xfd, 0x9a, 0x9f, 0x32, 0xfa,
    0x2b, 0xf0, 0xb, 0xcc, 0xfe, 0xcd, 0xaf, 0xff,
    0xff, 0xff, 0xf0, 0x0, 0x1, 0xf9, 0x0, 0x8f,
    0x44, 0xfa, 0x3c, 0xf0, 0x0, 0x1, 0xf9, 0x5,
    0x6a, 0x11, 0xf9, 0x3, 0x40, 0x0, 0x1, 0xfb,
    0xde, 0x0, 0x1, 0xf9, 0x0, 0x0, 0x0, 0x4,
    0xff, 0xe5, 0x0, 0x1, 0xf9, 0x0, 0x0, 0x0,
    0x7, 0xfc, 0x10, 0x0, 0x1, 0xf9, 0x0, 0x0,
    0x0, 0x0, 0x70, 0x0, 0x0, 0x2, 0xfa, 0x0,
    0x0,

    /* U+95F4 "间" */
    0x0, 0x20, 0x0, 0x0, 0x0, 0x0, 0x0, 0x0,
    0x4, 0xf8, 0x0, 0x0, 0x0, 0x0, 0x0, 0x10,
    0x1, 0xbf, 0x90, 0x4f, 0xff, 0xff, 0xff, 0xf0,
    0x0, 0xb, 0xc0, 0x27, 0x66, 0x66, 0x6d, 0xf0,
    0x1b, 0x80, 0x0, 0x0, 0x0, 0x0, 0xb, 0xe0,
    0xf, 0xa0, 0x0, 0x0, 0x0, 0x1, 0xb, 0xe0,
    0xf, 0x90, 0x9f, 0xff, 0xff, 0xfa, 0xb, 0xe0,
    0xf, 0x90, 0x8f, 0x65, 0x56, 0xf8, 0xb, 0xe0,
    0xf, 0x90, 0x8f, 0x10, 0x1, 0xf8, 0xb, 0xe0,
    0xf, 0x90, 0x8f, 0x65, 0x56, 0xf8, 0xb, 0xe0,
    0xf, 0x90, 0x8f, 0xff, 0xff, 0xf8, 0xb, 0xe0,
    0xf, 0x90, 0x8f, 0x10, 0x1, 0xf8, 0xb, 0xe0,
    0xf, 0x90, 0x8f, 0x32, 0x23, 0xf8, 0xb, 0xe0,
    0xf, 0x90, 0x9f, 0xff, 0xff, 0xf9, 0xb, 0xe0,
    0xf, 0x90, 0x23, 0x33, 0x33, 0x43, 0xb, 0xe0,
    0xf, 0x90, 0x0, 0x0, 0x0, 0x0, 0xb, 0xe0,
    0xf, 0xa0, 0x0, 0x0, 0x0, 0x5, 0xef, 0xc0,
    0x1f, 0xb0, 0x0, 0x0, 0x0, 0x0, 0xda, 0x20,

    /* U+9633 "阳" */
    0xc, 0xaa, 0xaa, 0xb8, 0x66, 0x66, 0x66, 0x72,
    0xf, 0xda, 0xbf, 0x8d, 0xff, 0xff, 0xff, 0xf2,
    0xf, 0xa0, 0x9f, 0x1c, 0xc0, 0x0, 0x8, 0xf1,
    0xf, 0xa2, 0xf9, 0xc, 0xc0, 0x0, 0x8, 0xf1,
    0xf, 0xab, 0xf1, 0xc, 0xc0, 0x0, 0x8, 0xf1,
    0xf, 0xbf, 0xe1, 0xc, 0xc0, 0x0, 0x8, 0xf1,
    0xf, 0xa4, 0xfc, 0xc, 0xff, 0xff, 0xff, 0xf1,
    0xf, 0xa0, 0x9f, 0x4c, 0xd6, 0x66, 0x6b, 0xf1,
    0xf, 0xa0, 0x3f, 0x8c, 0xc0, 0x0, 0x8, 0xf1,
    0xf, 0xa0, 0x6f, 0x8c, 0xc0, 0x0, 0x8, 0xf1,
    0xf, 0xff, 0xff, 0x2c, 0xc0, 0x0, 0x8, 0xf1,
    0xf, 0xec, 0x92, 0xc, 0xe6, 0x66, 0x6b, 0xf1,
    0xf, 0xa0, 0x0, 0xc, 0xff, 0xff, 0xff, 0xf1,
    0xf, 0xa0, 0x0, 0xc, 0xc0, 0x0, 0x9, 0xf1,
    0x1f, 0xa0, 0x0, 0xd, 0xe0, 0x0, 0xa, 0xf3,
    0x0, 0x0, 0x0, 0x3, 0x30, 0x0, 0x0, 0x0,

    /* U+F001 "" */
    0x0, 0x0, 0x0, 0x0, 0x0, 0x0, 0x0, 0x27,
    0xba, 0x0, 0x0, 0x0, 0x0, 0x0, 0x0, 0x48,
    0xdf, 0xff, 0xf2, 0x0, 0x0, 0x0, 0x1, 0x6a,
    0xff, 0xff, 0xff, 0xff, 0x20, 0x0, 0x0, 0x7c,
    0xff, 0xff, 0xff, 0xff, 0xff, 0xf2, 0x0, 0x0,
    0x4f, 0xff, 0xff, 0xff, 0xff, 0xff, 0xff, 0x20,
    0x0, 0x5, 0xff, 0xff, 0xff, 0xff, 0xb7, 0x3f,
    0xf2, 0x0, 0x0, 0x5f, 0xff, 0xfe, 0x95, 0x0,
    0x1, 0xff, 0x20, 0x0, 0x5, 0xff, 0x73, 0x0,
    0x0, 0x0, 0x1f, 0xf2, 0x0, 0x0, 0x5f, 0xe0,
    0x0, 0x0, 0x0, 0x1, 0xff, 0x20, 0x0, 0x5,
    0xfe, 0x0, 0x0, 0x0, 0x0, 0x1f, 0xf2, 0x0,
    0x0, 0x5f, 0xe0, 0x0, 0x0, 0x0, 0x1, 0xff,
    0x20, 0x0, 0x5, 0xfe, 0x0, 0x0, 0x0, 0x69,
    0x8f, 0xf2, 0x0, 0x0, 0x5f, 0xe0, 0x0, 0x2,
    0xef, 0xff, 0xff, 0x20, 0x3, 0x58, 0xfe, 0x0,
    0x0, 0x8f, 0xff, 0xff, 0xf2, 0x2d, 0xff, 0xff,
    0xe0, 0x0, 0x4, 0xff, 0xff, 0xfd, 0xb, 0xff,
    0xff, 0xfe, 0x0, 0x0, 0x4, 0xbd, 0xc8, 0x10,
    0xaf, 0xff, 0xff, 0xb0, 0x0, 0x0, 0x0, 0x0,
    0x0, 0x0, 0xaf, 0xff, 0xb1, 0x0, 0x0, 0x0,
    0x0, 0x0, 0x0, 0x0, 0x1, 0x0, 0x0, 0x0,
    0x0, 0x0, 0x0, 0x0, 0x0,

    /* U+F008 "" */
    0x51, 0x6, 0x88, 0x88, 0x88, 0x88, 0x88, 0x30,
    0x15, 0xf7, 0x6e, 0xff, 0xff, 0xff, 0xff, 0xff,
    0xb6, 0x8f, 0xfd, 0xcf, 0xf3, 0x33, 0x33, 0x33,
    0x6f, 0xec, 0xdf, 0xf2, 0xc, 0xe0, 0x0, 0x0,
    0x0, 0x3f, 0x70, 0x2f, 0xf2, 0xc, 0xe0, 0x0,
    0x0, 0x0, 0x3f, 0x80, 0x2f, 0xff, 0xff, 0xe0,
    0x0, 0x0, 0x0, 0x3f, 0xff, 0xff, 0xf4, 0x2d,
    0xf9, 0x99, 0x99, 0x99, 0xbf, 0x92, 0x4f, 0xf2,
    0xc, 0xff, 0xff, 0xff, 0xff, 0xff, 0x70, 0x2f,
    0xfb, 0xaf, 0xf1, 0x11, 0x11, 0x11, 0x5f, 0xda,
    0xbf, 0xf9, 0x8e, 0xe0, 0x0, 0x0, 0x0, 0x3f,
    0xc8, 0x9f, 0xf2, 0xc, 0xe0, 0x0, 0x0, 0x0,
    0x3f, 0x70, 0x2f, 0xf6, 0x4d, 0xe0, 0x0, 0x0,
    0x0, 0x3f, 0xa4, 0x6f, 0xfe, 0xef, 0xfb, 0xbb,
    0xbb, 0xbb, 0xcf, 0xfe, 0xef, 0xc2, 0xc, 0xff,
    0xff, 0xff, 0xff, 0xff, 0x80, 0x2c,

    /* U+F00B "" */
    0x58, 0x88, 0x70, 0x28, 0x88, 0x88, 0x88, 0x88,
    0x85, 0xff, 0xff, 0xf3, 0x9f, 0xff, 0xff, 0xff,
    0xff, 0xff, 0xff, 0xff, 0xf3, 0xaf, 0xff, 0xff,
    0xff, 0xff, 0xff, 0xff, 0xff, 0xf3, 0xaf, 0xff,
    0xff, 0xff, 0xff, 0xff, 0xbf, 0xff, 0xd1, 0x6f,
    0xff, 0xff, 0xff, 0xff, 0xfb, 0x0, 0x0, 0x0,
    0x0, 0x0, 0x0, 0x0, 0x0, 0x0, 0xcf, 0xff,
    0xe1, 0x7f, 0xff, 0xff, 0xff, 0xff, 0xfc, 0xff,
    0xff, 0xf3, 0xaf, 0xff, 0xff, 0xff, 0xff, 0xff,
    0xff, 0xff, 0xf3, 0xaf, 0xff, 0xff, 0xff, 0xff,
    0xff, 0xff, 0xff, 0xf3, 0x9f, 0xff, 0xff, 0xff,
    0xff, 0xff, 0x58, 0x88, 0x60, 0x27, 0x88, 0x88,
    0x88, 0x88, 0x85, 0x47, 0x77, 0x50, 0x17, 0x77,
    0x77, 0x77, 0x77, 0x74, 0xff, 0xff, 0xf3, 0x9f,
    0xff, 0xff, 0xff, 0xff, 0xff, 0xff, 0xff, 0xf3,
    0xaf, 0xff, 0xff, 0xff, 0xff, 0xff, 0xff, 0xff,
    0xf3, 0xaf, 0xff, 0xff, 0xff, 0xff, 0xff, 0xdf,
    0xff, 0xf1, 0x7f, 0xff, 0xff, 0xff, 0xff, 0xfd,
    0x0, 0x0, 0x0, 0x0, 0x0, 0x0, 0x0, 0x0,
    0x0,

    /* U+F00C "" */
    0x0, 0x0, 0x0, 0x0, 0x0, 0x0, 0x0, 0x5,
    0x20, 0x0, 0x0, 0x0, 0x0, 0x0, 0x0, 0x0,
    0x7f, 0xf3, 0x0, 0x0, 0x0, 0x0, 0x0, 0x0,
    0x7, 0xff, 0xfe, 0x0, 0x0, 0x0, 0x0, 0x0,
    0x0, 0x7f, 0xff, 0xf8, 0x0, 0x0, 0x0, 0x0,
    0x0, 0x7, 0xff, 0xff, 0x90, 0x9, 0xd1, 0x0,
    0x0, 0x0, 0x7f, 0xff, 0xf9, 0x0, 0x9f, 0xfd,
    0x10, 0x0, 0x7, 0xff, 0xff, 0x90, 0x0, 0xdf,
    0xff, 0xd1, 0x0, 0x7f, 0xff, 0xf9, 0x0, 0x0,
    0x2e, 0xff, 0xfd, 0x17, 0xff, 0xff, 0x90, 0x0,
    0x0, 0x2, 0xef, 0xff, 0xef, 0xff, 0xf9, 0x0,
    0x0, 0x0, 0x0, 0x2e, 0xff, 0xff, 0xff, 0x90,
    0x0, 0x0, 0x0, 0x0, 0x2, 0xef, 0xff, 0xf9,
    0x0, 0x0, 0x0, 0x0, 0x0, 0x0, 0x2e, 0xff,
    0x90, 0x0, 0x0, 0x0, 0x0, 0x0, 0x0, 0x2,
    0xd8, 0x0, 0x0, 0x0, 0x0, 0x0,

    /* U+F00D "" */
    0x2d, 0xb0, 0x0, 0x0, 0x6, 0xe6, 0xd, 0xff,
    0xc0, 0x0, 0x6, 0xff, 0xf3, 0xcf, 0xff, 0xc0,
    0x6, 0xff, 0xff, 0x31, 0xdf, 0xff, 0xc7, 0xff,
    0xff, 0x50, 0x1, 0xdf, 0xff, 0xff, 0xff, 0x50,
    0x0, 0x1, 0xdf, 0xff, 0xff, 0x50, 0x0, 0x0,
    0x7, 0xff, 0xff, 0xd0, 0x0, 0x0, 0x6, 0xff,
    0xff, 0xff, 0xc0, 0x0, 0x6, 0xff, 0xff, 0xdf,
    0xff, 0xc0, 0x6, 0xff, 0xff, 0x51, 0xdf, 0xff,
    0xc0, 0xff, 0xff, 0x50, 0x1, 0xdf, 0xff, 0x58,
    0xff, 0x50, 0x0, 0x1, 0xdf, 0xd0, 0x5, 0x30,
    0x0, 0x0, 0x1, 0x61, 0x0,

    /* U+F011 "" */
    0x0, 0x0, 0x0, 0x0, 0xcd, 0x50, 0x0, 0x0,
    0x0, 0x0, 0x0, 0x0, 0x0, 0x3f, 0xfa, 0x0,
    0x0, 0x0, 0x0, 0x0, 0x7, 0xe3, 0x3, 0xff,
    0xa0, 0xb, 0xc1, 0x0, 0x0, 0x8, 0xff, 0xb0,
    0x3f, 0xfa, 0x4, 0xff, 0xd1, 0x0, 0x4, 0xff,
    0xf6, 0x3, 0xff, 0xa0, 0x1e, 0xff, 0xa0, 0x0,
    0xdf, 0xf7, 0x0, 0x3f, 0xfa, 0x0, 0x2e, 0xff,
    0x40, 0x3f, 0xfc, 0x0, 0x3, 0xff, 0xa0, 0x0,
    0x6f, 0xfa, 0x8, 0xff, 0x60, 0x0, 0x3f, 0xfa,
    0x0, 0x0, 0xef, 0xf0, 0xaf, 0xf2, 0x0, 0x3,
    0xff, 0xa0, 0x0, 0xb, 0xff, 0x1b, 0xff, 0x10,
    0x0, 0x1f, 0xf8, 0x0, 0x0, 0xbf, 0xf1, 0x9f,
    0xf3, 0x0, 0x0, 0x24, 0x0, 0x0, 0xd, 0xff,
    0x6, 0xff, 0x90, 0x0, 0x0, 0x0, 0x0, 0x2,
    0xff, 0xd0, 0x1f, 0xff, 0x20, 0x0, 0x0, 0x0,
    0x0, 0xbf, 0xf8, 0x0, 0x9f, 0xfd, 0x20, 0x0,
    0x0, 0x0, 0x9f, 0xfe, 0x10, 0x0, 0xcf, 0xfe,
    0x71, 0x0, 0x4, 0xcf, 0xff, 0x50, 0x0, 0x1,
    0xdf, 0xff, 0xfe, 0xdf, 0xff, 0xff, 0x60, 0x0,
    0x0, 0x0, 0x9f, 0xff, 0xff, 0xff, 0xfd, 0x40,
    0x0, 0x0, 0x0, 0x0, 0x28, 0xce, 0xfd, 0xa5,
    0x0, 0x0, 0x0,

    /* U+F013 "" */
    0x0, 0x0, 0x0, 0x4, 0x66, 0x40, 0x0, 0x0,
    0x0, 0x0, 0x0, 0x0, 0x3f, 0xff, 0xf3, 0x0,
    0x0, 0x0, 0x0, 0x0, 0x0, 0x4f, 0xff, 0xf4,
    0x0, 0x0, 0x0, 0x0, 0x78, 0x17, 0xff, 0xff,
    0xff, 0x71, 0x87, 0x0, 0x4, 0xff, 0xff, 0xff,
    0xff, 0xff, 0xff, 0xff, 0x40, 0xd, 0xff, 0xff,
    0xff, 0xff, 0xff, 0xff, 0xff, 0xd0, 0x3f, 0xff,
    0xff, 0xfe, 0x88, 0xef, 0xff, 0xff, 0xf3, 0x8,
    0xff, 0xff, 0xd0, 0x0, 0xd, 0xff, 0xff, 0x80,
    0x0, 0xaf, 0xff, 0x50, 0x0, 0x5, 0xff, 0xfa,
    0x0, 0x0, 0xbf, 0xff, 0x30, 0x0, 0x3, 0xff,
    0xfb, 0x0, 0x1, 0xcf, 0xff, 0x80, 0x0, 0x8,
    0xff, 0xfc, 0x10, 0x3e, 0xff, 0xff, 0xf6, 0x0,
    0x6f, 0xff, 0xff, 0xe3, 0x1f, 0xff, 0xff, 0xff,
    0xff, 0xff, 0xff, 0xff, 0xf1, 0x9, 0xff, 0xff,
    0xff, 0xff, 0xff, 0xff, 0xff, 0x90, 0x0, 0xdf,
    0x8e, 0xff, 0xff, 0xff, 0xe8, 0xfd, 0x0, 0x0,
    0x11, 0x1, 0x9f, 0xff, 0xf9, 0x10, 0x11, 0x0,
    0x0, 0x0, 0x0, 0x4f, 0xff, 0xf4, 0x0, 0x0,
    0x0, 0x0, 0x0, 0x0, 0x2c, 0xee, 0xd2, 0x0,
    0x0, 0x0, 0x0, 0x0, 0x0, 0x0, 0x0, 0x0,
    0x0, 0x0, 0x0,

    /* U+F015 "" */
    0x0, 0x0, 0x0, 0x0, 0x8, 0x92, 0x0, 0x6b,
    0xb1, 0x0, 0x0, 0x0, 0x0, 0x0, 0x2d, 0xff,
    0xe4, 0xa, 0xff, 0x20, 0x0, 0x0, 0x0, 0x0,
    0x4e, 0xff, 0xff, 0xf6, 0xaf, 0xf2, 0x0, 0x0,
    0x0, 0x0, 0x6f, 0xfe, 0x31, 0xcf, 0xff, 0xff,
    0x20, 0x0, 0x0, 0x0, 0x9f, 0xfd, 0x25, 0x70,
    0xaf, 0xff, 0xf2, 0x0, 0x0, 0x1, 0xbf, 0xfa,
    0x8, 0xff, 0xb0, 0x7f, 0xff, 0x40, 0x0, 0x2,
    0xdf, 0xf8, 0xa, 0xff, 0xff, 0xd2, 0x5f, 0xff,
    0x50, 0x4, 0xff, 0xf5, 0x1d, 0xff, 0xff, 0xff,
    0xe4, 0x2e, 0xff, 0x70, 0xdf, 0xe3, 0x3e, 0xff,
    0xff, 0xff, 0xff, 0xf6, 0x1c, 0xff, 0x13, 0xb1,
    0x5f, 0xff, 0xff, 0xff, 0xff, 0xff, 0xf8, 0x9,
    0x60, 0x0, 0xa, 0xff, 0xff, 0xff, 0xff, 0xff,
    0xff, 0xe0, 0x0, 0x0, 0x0, 0xaf, 0xff, 0xfd,
    0x88, 0xbf, 0xff, 0xfe, 0x0, 0x0, 0x0, 0xa,
    0xff, 0xff, 0x70, 0x3, 0xff, 0xff, 0xe0, 0x0,
    0x0, 0x0, 0xaf, 0xff, 0xf7, 0x0, 0x3f, 0xff,
    0xfe, 0x0, 0x0, 0x0, 0xa, 0xff, 0xff, 0x70,
    0x3, 0xff, 0xff, 0xe0, 0x0, 0x0, 0x0, 0x8f,
    0xff, 0xf5, 0x0, 0x2f, 0xff, 0xfc, 0x0, 0x0,
    0x0, 0x0, 0x0, 0x0, 0x0, 0x0, 0x0, 0x0,
    0x0, 0x0, 0x0,

    /* U+F019 "" */
    0x0, 0x0, 0x0, 0x9, 0xaa, 0x90, 0x0, 0x0,
    0x0, 0x0, 0x0, 0x0, 0x3f, 0xff, 0xf3, 0x0,
    0x0, 0x0, 0x0, 0x0, 0x0, 0x4f, 0xff, 0xf4,
    0x0, 0x0, 0x0, 0x0, 0x0, 0x0, 0x4f, 0xff,
    0xf4, 0x0, 0x0, 0x0, 0x0, 0x0, 0x0, 0x4f,
    0xff, 0xf4, 0x0, 0x0, 0x0, 0x0, 0x0, 0x0,
    0x4f, 0xff, 0xf4, 0x0, 0x0, 0x0, 0x0, 0x0,
    0x0, 0x4f, 0xff, 0xf4, 0x0, 0x0, 0x0, 0x0,
    0xc, 0xee, 0xef, 0xff, 0xfe, 0xee, 0xc0, 0x0,
    0x0, 0x8, 0xff, 0xff, 0xff, 0xff, 0xff, 0x90,
    0x0, 0x0, 0x0, 0x8f, 0xff, 0xff, 0xff, 0xf8,
    0x0, 0x0, 0x0, 0x0, 0x8, 0xff, 0xff, 0xff,
    0x80, 0x0, 0x0, 0x0, 0x0, 0x0, 0x8f, 0xff,
    0xf8, 0x0, 0x0, 0x0, 0x24, 0x44, 0x44, 0x7,
    0xff, 0x70, 0x44, 0x44, 0x42, 0xff, 0xff, 0xff,
    0xc1, 0x66, 0x1d, 0xff, 0xff, 0xff, 0xff, 0xff,
    0xff, 0xfe, 0x66, 0xef, 0xff, 0xff, 0xff, 0xff,
    0xff, 0xff, 0xff, 0xff, 0xff, 0xff, 0xff, 0xff,
    0xff, 0xff, 0xff, 0xff, 0xff, 0xff, 0x66, 0xc4,
    0xff, 0xdf, 0xff, 0xff, 0xff, 0xff, 0xff, 0xff,
    0xff, 0xfd, 0x0, 0x0, 0x0, 0x0, 0x0, 0x0,
    0x0, 0x0, 0x0,

    /* U+F01C "" */
    0x0, 0x0, 0x4, 0x44, 0x44, 0x44, 0x44, 0x41,
    0x0, 0x0, 0x0, 0x0, 0x1e, 0xff, 0xff, 0xff,
    0xff, 0xff, 0xf4, 0x0, 0x0, 0x0, 0xb, 0xff,
    0xff, 0xff, 0xff, 0xff, 0xff, 0xe1, 0x0, 0x0,
    0x6, 0xff, 0x50, 0x0, 0x0, 0x0, 0x1, 0xff,
    0xa0, 0x0, 0x1, 0xff, 0x90, 0x0, 0x0, 0x0,
    0x0, 0x5, 0xff, 0x50, 0x0, 0xbf, 0xd0, 0x0,
    0x0, 0x0, 0x0, 0x0, 0xa, 0xfe, 0x10, 0x6f,
    0xf3, 0x0, 0x0, 0x0, 0x0, 0x0, 0x0, 0x1e,
    0xfa, 0xe, 0xff, 0xcc, 0xcc, 0x20, 0x0, 0x0,
    0xbc, 0xcc, 0xef, 0xf2, 0xff, 0xff, 0xff, 0xfa,
    0x0, 0x0, 0x6f, 0xff, 0xff, 0xff, 0x4f, 0xff,
    0xff, 0xff, 0xf8, 0x88, 0x8e, 0xff, 0xff, 0xff,
    0xf4, 0xff, 0xff, 0xff, 0xff, 0xff, 0xff, 0xff,
    0xff, 0xff, 0xff, 0x4f, 0xff, 0xff, 0xff, 0xff,
    0xff, 0xff, 0xff, 0xff, 0xff, 0xf4, 0xff, 0xff,
    0xff, 0xff, 0xff, 0xff, 0xff, 0xff, 0xff, 0xff,
    0x37, 0xff, 0xff, 0xff, 0xff, 0xff, 0xff, 0xff,
    0xff, 0xff, 0xa0,

    /* U+F021 "" */
    0x0, 0x0, 0x0, 0x15, 0x66, 0x40, 0x0, 0x5,
    0xcb, 0x0, 0x0, 0x3b, 0xff, 0xff, 0xff, 0x92,
    0x7, 0xff, 0x0, 0x7, 0xff, 0xff, 0xff, 0xff,
    0xff, 0x66, 0xff, 0x0, 0x8f, 0xff, 0xa4, 0x12,
    0x5b, 0xff, 0xfd, 0xff, 0x4, 0xff, 0xe4, 0x0,
    0x0, 0x0, 0x4e, 0xff, 0xff, 0xd, 0xff, 0x30,
    0x0, 0x0, 0x45, 0x46, 0xff, 0xff, 0x4f, 0xf7,
    0x0, 0x0, 0x0, 0xdf, 0xff, 0xff, 0xff, 0x8f,
    0xf1, 0x0, 0x0, 0x0, 0xdf, 0xff, 0xff, 0xff,
    0x2, 0x10, 0x0, 0x0, 0x0, 0x12, 0x22, 0x22,
    0x21, 0x0, 0x0, 0x0, 0x0, 0x0, 0x0, 0x0,
    0x0, 0x0, 0x67, 0x77, 0x77, 0x75, 0x0, 0x0,
    0x0, 0x6, 0x73, 0xff, 0xff, 0xff, 0xfe, 0x0,
    0x0, 0x0, 0x3f, 0xf6, 0xff, 0xff, 0xee, 0xfd,
    0x0, 0x0, 0x0, 0xcf, 0xf1, 0xff, 0xff, 0x70,
    0x0, 0x0, 0x0, 0x9, 0xff, 0xa0, 0xff, 0xff,
    0xfb, 0x20, 0x0, 0x2, 0xbf, 0xfe, 0x10, 0xff,
    0x8d, 0xff, 0xfc, 0xa9, 0xcf, 0xff, 0xe2, 0x0,
    0xff, 0x61, 0x9f, 0xff, 0xff, 0xff, 0xfb, 0x10,
    0x0, 0xff, 0x70, 0x1, 0x7c, 0xee, 0xd9, 0x30,
    0x0, 0x0, 0x56, 0x20, 0x0, 0x0, 0x0, 0x0,
    0x0, 0x0, 0x0,

    /* U+F026 "" */
    0x0, 0x0, 0x0, 0x2, 0x40, 0x0, 0x0, 0x2,
    0xef, 0x0, 0x0, 0x2, 0xef, 0xf0, 0x0, 0x3,
    0xef, 0xff, 0xdf, 0xff, 0xff, 0xff, 0xff, 0xff,
    0xff, 0xff, 0xff, 0xff, 0xff, 0xff, 0xff, 0xff,
    0xff, 0xff, 0xff, 0xff, 0xff, 0xff, 0xff, 0xff,
    0xff, 0xff, 0xff, 0xff, 0xff, 0x7b, 0xbb, 0xdf,
    0xff, 0xf0, 0x0, 0x0, 0xbf, 0xff, 0x0, 0x0,
    0x0, 0xbf, 0xf0, 0x0, 0x0, 0x0, 0xbe, 0x0,
    0x0, 0x0, 0x0, 0x0,

    /* U+F027 "" */
    0x0, 0x0, 0x0, 0x2, 0x40, 0x0, 0x0, 0x0,
    0x0, 0x0, 0x2e, 0xf0, 0x0, 0x0, 0x0, 0x0,
    0x2, 0xef, 0xf0, 0x0, 0x0, 0x0, 0x0, 0x3e,
    0xff, 0xf0, 0x0, 0x0, 0xdf, 0xff, 0xff, 0xff,
    0xf0, 0x7, 0x10, 0xff, 0xff, 0xff, 0xff, 0xf0,
    0x3f, 0xd0, 0xff, 0xff, 0xff, 0xff, 0xf0, 0x8,
    0xf5, 0xff, 0xff, 0xff, 0xff, 0xf0, 0x4, 0xf7,
    0xff, 0xff, 0xff, 0xff, 0xf0, 0xd, 0xf3, 0xff,
    0xff, 0xff, 0xff, 0xf0, 0x3f, 0x70, 0x8b, 0xbb,
    0xdf, 0xff, 0xf0, 0x0, 0x0, 0x0, 0x0, 0xb,
    0xff, 0xf0, 0x0, 0x0, 0x0, 0x0, 0x0, 0xbf,
    0xf0, 0x0, 0x0, 0x0, 0x0, 0x0, 0xb, 0xe0,
    0x0, 0x0, 0x0, 0x0, 0x0, 0x0, 0x0, 0x0,
    0x0,

    /* U+F028 "" */
    0x0, 0x0, 0x0, 0x0, 0x0, 0x0, 0x0, 0x1,
    0x0, 0x0, 0x0, 0x0, 0x0, 0x0, 0x0, 0x0,
    0x0, 0x7, 0xf6, 0x0, 0x0, 0x0, 0x0, 0x0,
    0x2, 0x40, 0x0, 0x0, 0x2d, 0xf8, 0x0, 0x0,
    0x0, 0x0, 0x2, 0xef, 0x0, 0x0, 0x40, 0x1c,
    0xf4, 0x0, 0x0, 0x0, 0x2, 0xef, 0xf0, 0x0,
    0x5f, 0xb0, 0x1e, 0xe1, 0x0, 0x0, 0x3, 0xef,
    0xff, 0x0, 0x0, 0xaf, 0xa0, 0x6f, 0x70, 0xdf,
    0xff, 0xff, 0xff, 0xf0, 0x7, 0x10, 0xbf, 0x30,
    0xfd, 0xf, 0xff, 0xff, 0xff, 0xff, 0x3, 0xfd,
    0x3, 0xf9, 0xa, 0xf0, 0xff, 0xff, 0xff, 0xff,
    0xf0, 0x7, 0xf5, 0xe, 0xc0, 0x8f, 0x2f, 0xff,
    0xff, 0xff, 0xff, 0x0, 0x4f, 0x70, 0xdd, 0x7,
    0xf3, 0xff, 0xff, 0xff, 0xff, 0xf0, 0x1d, 0xf3,
    0xf, 0xb0, 0x9f, 0x2f, 0xff, 0xff, 0xff, 0xff,
    0x3, 0xf7, 0x7, 0xf6, 0xc, 0xf0, 0x7b, 0xbb,
    0xdf, 0xff, 0xf0, 0x0, 0x3, 0xfe, 0x12, 0xfa,
    0x0, 0x0, 0x0, 0xbf, 0xff, 0x0, 0x3, 0xff,
    0x40, 0xaf, 0x30, 0x0, 0x0, 0x0, 0xbf, 0xf0,
    0x0, 0x3c, 0x30, 0x6f, 0xa0, 0x0, 0x0, 0x0,
    0x0, 0xbe, 0x0, 0x0, 0x0, 0x6f, 0xe1, 0x0,
    0x0, 0x0, 0x0, 0x0, 0x0, 0x0, 0x0, 0x6f,
    0xd2, 0x0, 0x0, 0x0, 0x0, 0x0, 0x0, 0x0,
    0x0, 0x3, 0x90, 0x0, 0x0,

    /* U+F03E "" */
    0x3a, 0xbb, 0xbb, 0xbb, 0xbb, 0xbb, 0xbb, 0xbb,
    0xa3, 0xef, 0xff, 0xff, 0xff, 0xff, 0xff, 0xff,
    0xff, 0xfe, 0xff, 0xd5, 0x6e, 0xff, 0xff, 0xff,
    0xff, 0xff, 0xff, 0xff, 0x20, 0x4, 0xff, 0xff,
    0xff, 0xff, 0xff, 0xff, 0xff, 0x0, 0x2, 0xff,
    0xff, 0xff, 0xbf, 0xff, 0xff, 0xff, 0x50, 0x7,
    0xff, 0xff, 0xf5, 0x9, 0xff, 0xff, 0xff, 0xfb,
    0xbf, 0xff, 0xff, 0x50, 0x0, 0x9f, 0xff, 0xff,
    0xff, 0xcb, 0xff, 0xf5, 0x0, 0x0, 0x9, 0xff,
    0xff, 0xfc, 0x0, 0xaf, 0x50, 0x0, 0x0, 0x4,
    0xff, 0xff, 0xc0, 0x0, 0x3, 0x0, 0x0, 0x0,
    0x4, 0xff, 0xff, 0x40, 0x0, 0x0, 0x0, 0x0,
    0x0, 0x4, 0xff, 0xff, 0x74, 0x44, 0x44, 0x44,
    0x44, 0x44, 0x47, 0xff, 0xff, 0xff, 0xff, 0xff,
    0xff, 0xff, 0xff, 0xff, 0xff, 0x6f, 0xff, 0xff,
    0xff, 0xff, 0xff, 0xff, 0xff, 0xf6,

    /* U+F043 "" */
    0x0, 0x0, 0x6, 0x90, 0x0, 0x0, 0x0, 0x0,
    0x1, 0xff, 0x40, 0x0, 0x0, 0x0, 0x0, 0x6f,
    0xfa, 0x0, 0x0, 0x0, 0x0, 0xd, 0xff, 0xf2,
    0x0, 0x0, 0x0, 0x5, 0xff, 0xff, 0x90, 0x0,
    0x0, 0x0, 0xef, 0xff, 0xff, 0x30, 0x0, 0x0,
    0x9f, 0xff, 0xff, 0xfd, 0x0, 0x0, 0x5f, 0xff,
    0xff, 0xff, 0xf9, 0x0, 0xe, 0xff, 0xff, 0xff,
    0xff, 0xf3, 0x7, 0xff, 0xff, 0xff, 0xff, 0xff,
    0xa0, 0xcf, 0xff, 0xff, 0xff, 0xff, 0xff, 0xf,
    0xfb, 0xff, 0xff, 0xff, 0xff, 0xf2, 0xff, 0x4a,
    0xff, 0xff, 0xff, 0xff, 0x2c, 0xf8, 0x4f, 0xff,
    0xff, 0xff, 0xf0, 0x7f, 0xf2, 0x5c, 0xff, 0xff,
    0xfb, 0x0, 0xef, 0xe5, 0x8, 0xff, 0xff, 0x30,
    0x2, 0xef, 0xff, 0xff, 0xff, 0x50, 0x0, 0x1,
    0xaf, 0xff, 0xfb, 0x30, 0x0, 0x0, 0x0, 0x3,
    0x31, 0x0, 0x0, 0x0,

    /* U+F048 "" */
    0x6b, 0x90, 0x0, 0x0, 0x3, 0xa2, 0x9f, 0xe0,
    0x0, 0x0, 0x4f, 0xf9, 0x9f, 0xe0, 0x0, 0x5,
    0xff, 0xfa, 0x9f, 0xe0, 0x0, 0x6f, 0xff, 0xfa,
    0x9f, 0xe0, 0x7, 0xff, 0xff, 0xfa, 0x9f, 0xe0,
    0x8f, 0xff, 0xff, 0xfa, 0x9f, 0xe9, 0xff, 0xff,
    0xff, 0xfa, 0x9f, 0xff, 0xff, 0xff, 0xff, 0xfa,
    0x9f, 0xff, 0xff, 0xff, 0xff, 0xfa, 0x9f, 0xfe,
    0xff, 0xff, 0xff, 0xfa, 0x9f, 0xe1, 0xdf, 0xff,
    0xff, 0xfa, 0x9f, 0xe0, 0x1c, 0xff, 0xff, 0xfa,
    0x9f, 0xe0, 0x0, 0xbf, 0xff, 0xfa, 0x9f, 0xe0,
    0x0, 0xa, 0xff, 0xfa, 0x9f, 0xe0, 0x0, 0x0,
    0x9f, 0xfa, 0x9f, 0xe0, 0x0, 0x0, 0x8, 0xf6,
    0x0, 0x0, 0x0, 0x0, 0x0, 0x0,

    /* U+F04B "" */
    0x3a, 0x70, 0x0, 0x0, 0x0, 0x0, 0x0, 0x0,
    0xef, 0xfe, 0x50, 0x0, 0x0, 0x0, 0x0, 0x0,
    0xff, 0xff, 0xfb, 0x20, 0x0, 0x0, 0x0, 0x0,
    0xff, 0xff, 0xff, 0xf8, 0x0, 0x0, 0x0, 0x0,
    0xff, 0xff, 0xff, 0xff, 0xe6, 0x0, 0x0, 0x0,
    0xff, 0xff, 0xff, 0xff, 0xff, 0xc3, 0x0, 0x0,
    0xff, 0xff, 0xff, 0xff, 0xff, 0xff, 0x91, 0x0,
    0xff, 0xff, 0xff, 0xff, 0xff, 0xff, 0xfe, 0x60,
    0xff, 0xff, 0xff, 0xff, 0xff, 0xff, 0xff, 0xf7,
    0xff, 0xff, 0xff, 0xff, 0xff, 0xff, 0xff, 0xfa,
    0xff, 0xff, 0xff, 0xff, 0xff, 0xff, 0xff, 0xe2,
    0xff, 0xff, 0xff, 0xff, 0xff, 0xff, 0xf8, 0x0,
    0xff, 0xff, 0xff, 0xff, 0xff, 0xfb, 0x20, 0x0,
    0xff, 0xff, 0xff, 0xff, 0xfd, 0x40, 0x0, 0x0,
    0xff, 0xff, 0xff, 0xff, 0x70, 0x0, 0x0, 0x0,
    0xff, 0xff, 0xff, 0xa1, 0x0, 0x0, 0x0, 0x0,
    0xff, 0xff, 0xd3, 0x0, 0x0, 0x0, 0x0, 0x0,
    0xaf, 0xe6, 0x0, 0x0, 0x0, 0x0, 0x0, 0x0,
    0x2, 0x0, 0x0, 0x0, 0x0, 0x0, 0x0, 0x0,

    /* U+F04C "" */
    0x3a, 0xbb, 0xb9, 0x10, 0x3, 0xab, 0xbb, 0x91,
    0xef, 0xff, 0xff, 0xa0, 0xe, 0xff, 0xff, 0xfa,
    0xff, 0xff, 0xff, 0xc0, 0xf, 0xff, 0xff, 0xfc,
    0xff, 0xff, 0xff, 0xc0, 0xf, 0xff, 0xff, 0xfc,
    0xff, 0xff, 0xff, 0xc0, 0xf, 0xff, 0xff, 0xfc,
    0xff, 0xff, 0xff, 0xc0, 0xf, 0xff, 0xff, 0xfc,
    0xff, 0xff, 0xff, 0xc0, 0xf, 0xff, 0xff, 0xfc,
    0xff, 0xff, 0xff, 0xc0, 0xf, 0xff, 0xff, 0xfc,
    0xff, 0xff, 0xff, 0xc0, 0xf, 0xff, 0xff, 0xfc,
    0xff, 0xff, 0xff, 0xc0, 0xf, 0xff, 0xff, 0xfc,
    0xff, 0xff, 0xff, 0xc0, 0xf, 0xff, 0xff, 0xfc,
    0xff, 0xff, 0xff, 0xc0, 0xf, 0xff, 0xff, 0xfc,
    0xff, 0xff, 0xff, 0xc0, 0xf, 0xff, 0xff, 0xfc,
    0xff, 0xff, 0xff, 0xc0, 0xf, 0xff, 0xff, 0xfc,
    0xff, 0xff, 0xff, 0xb0, 0xf, 0xff, 0xff, 0xfb,
    0x7f, 0xff, 0xfe, 0x40, 0x7, 0xff, 0xff, 0xe4,
    0x0, 0x0, 0x0, 0x0, 0x0, 0x0, 0x0, 0x0,

    /* U+F04D "" */
    0x3a, 0xbb, 0xbb, 0xbb, 0xbb, 0xbb, 0xbb, 0x91,
    0xef, 0xff, 0xff, 0xff, 0xff, 0xff, 0xff, 0xfa,
    0xff, 0xff, 0xff, 0xff, 0xff, 0xff, 0xff, 0xfc,
    0xff, 0xff, 0xff, 0xff, 0xff, 0xff, 0xff, 0xfc,
    0xff, 0xff, 0xff, 0xff, 0xff, 0xff, 0xff, 0xfc,
    0xff, 0xff, 0xff, 0xff, 0xff, 0xff, 0xff, 0xfc,
    0xff, 0xff, 0xff, 0xff, 0xff, 0xff, 0xff, 0xfc,
    0xff, 0xff, 0xff, 0xff, 0xff, 0xff, 0xff, 0xfc,
    0xff, 0xff, 0xff, 0xff, 0xff, 0xff, 0xff, 0xfc,
    0xff, 0xff, 0xff, 0xff, 0xff, 0xff, 0xff, 0xfc,
    0xff, 0xff, 0xff, 0xff, 0xff, 0xff, 0xff, 0xfc,
    0xff, 0xff, 0xff, 0xff, 0xff, 0xff, 0xff, 0xfc,
    0xff, 0xff, 0xff, 0xff, 0xff, 0xff, 0xff, 0xfc,
    0xff, 0xff, 0xff, 0xff, 0xff, 0xff, 0xff, 0xfc,
    0xff, 0xff, 0xff, 0xff, 0xff, 0xff, 0xff, 0xfb,
    0x7f, 0xff, 0xff, 0xff, 0xff, 0xff, 0xff, 0xe4,
    0x0, 0x0, 0x0, 0x0, 0x0, 0x0, 0x0, 0x0,

    /* U+F051 "" */
    0x4a, 0x20, 0x0, 0x0, 0xa, 0xb4, 0xbf, 0xe3,
    0x0, 0x0, 0xf, 0xf8, 0xcf, 0xff, 0x40, 0x0,
    0xf, 0xf8, 0xcf, 0xff, 0xf5, 0x0, 0xf, 0xf8,
    0xcf, 0xff, 0xff, 0x60, 0xf, 0xf8, 0xcf, 0xff,
    0xff, 0xf7, 0xf, 0xf8, 0xcf, 0xff, 0xff, 0xff,
    0x9f, 0xf8, 0xcf, 0xff, 0xff, 0xff, 0xff, 0xf8,
    0xcf, 0xff, 0xff, 0xff, 0xff, 0xf8, 0xcf, 0xff,
    0xff, 0xff, 0xdf, 0xf8, 0xcf, 0xff, 0xff, 0xfc,
    0x1f, 0xf8, 0xcf, 0xff, 0xff, 0xb0, 0xf, 0xf8,
    0xcf, 0xff, 0xfa, 0x0, 0xf, 0xf8, 0xcf, 0xff,
    0x80, 0x0, 0xf, 0xf8, 0xbf, 0xf7, 0x0, 0x0,
    0xf, 0xf8, 0x7f, 0x60, 0x0, 0x0, 0xf, 0xf7,
    0x0, 0x0, 0x0, 0x0, 0x0, 0x0,

    /* U+F052 "" */
    0x0, 0x0, 0x0, 0x2, 0xca, 0x10, 0x0, 0x0,
    0x0, 0x0, 0x0, 0x0, 0x2e, 0xff, 0xc0, 0x0,
    0x0, 0x0, 0x0, 0x0, 0x1, 0xef, 0xff, 0xfb,
    0x0, 0x0, 0x0, 0x0, 0x0, 0x1d, 0xff, 0xff,
    0xff, 0xa0, 0x0, 0x0, 0x0, 0x0, 0xcf, 0xff,
    0xff, 0xff, 0xf9, 0x0, 0x0, 0x0, 0xb, 0xff,
    0xff, 0xff, 0xff, 0xff, 0x70, 0x0, 0x0, 0xaf,
    0xff, 0xff, 0xff, 0xff, 0xff, 0xf6, 0x0, 0x8,
    0xff, 0xff, 0xff, 0xff, 0xff, 0xff, 0xff, 0x40,
    0xf, 0xff, 0xff, 0xff, 0xff, 0xff, 0xff, 0xff,
    0xb0, 0xa, 0xff, 0xff, 0xff, 0xff, 0xff, 0xff,
    0xff, 0x60, 0x0, 0x34, 0x44, 0x44, 0x44, 0x44,
    0x44, 0x42, 0x0, 0x3, 0x77, 0x77, 0x77, 0x77,
    0x77, 0x77, 0x77, 0x10, 0xf, 0xff, 0xff, 0xff,
    0xff, 0xff, 0xff, 0xff, 0xb0, 0xf, 0xff, 0xff,
    0xff, 0xff, 0xff, 0xff, 0xff, 0xc0, 0xf, 0xff,
    0xff, 0xff, 0xff, 0xff, 0xff, 0xff, 0xb0, 0xc,
    0xff, 0xff, 0xff, 0xff, 0xff, 0xff, 0xff, 0x70,
    0x0, 0x0, 0x0, 0x0, 0x0, 0x0, 0x0, 0x0,
    0x0,

    /* U+F053 "" */
    0x0, 0x0, 0x0, 0x0, 0x41, 0x0, 0x0, 0x0,
    0x0, 0x9f, 0xd0, 0x0, 0x0, 0x0, 0x9f, 0xff,
    0x20, 0x0, 0x0, 0x9f, 0xff, 0x50, 0x0, 0x0,
    0x9f, 0xff, 0x50, 0x0, 0x0, 0x9f, 0xff, 0x50,
    0x0, 0x0, 0x9f, 0xff, 0x50, 0x0, 0x0, 0x9f,
    0xff, 0x50, 0x0, 0x0, 0xe, 0xff, 0xd1, 0x0,
    0x0, 0x0, 0x3e, 0xff, 0xc1, 0x0, 0x0, 0x0,
    0x3e, 0xff, 0xc1, 0x0, 0x0, 0x0, 0x3e, 0xff,
    0xc1, 0x0, 0x0, 0x0, 0x3e, 0xff, 0xc1, 0x0,
    0x0, 0x0, 0x3e, 0xff, 0xc0, 0x0, 0x0, 0x0,
    0x3e, 0xff, 0x20, 0x0, 0x0, 0x0, 0x3c, 0x60,

    /* U+F054 "" */
    0x0, 0x50, 0x0, 0x0, 0x0, 0x0, 0x9f, 0xc1,
    0x0, 0x0, 0x0, 0xe, 0xff, 0xc1, 0x0, 0x0,
    0x0, 0x2e, 0xff, 0xc1, 0x0, 0x0, 0x0, 0x2e,
    0xff, 0xc1, 0x0, 0x0, 0x0, 0x2e, 0xff, 0xc1,
    0x0, 0x0, 0x0, 0x2e, 0xff, 0xc1, 0x0, 0x0,
    0x0, 0x2e, 0xff, 0xc0, 0x0, 0x0, 0x0, 0xaf,
    0xff, 0x20, 0x0, 0x0, 0x9f, 0xff, 0x50, 0x0,
    0x0, 0x9f, 0xff, 0x50, 0x0, 0x0, 0x9f, 0xff,
    0x50, 0x0, 0x0, 0x9f, 0xff, 0x60, 0x0, 0x0,
    0x9f, 0xff, 0x60, 0x0, 0x0, 0xe, 0xff, 0x60,
    0x0, 0x0, 0x0, 0x3d, 0x50, 0x0, 0x0, 0x0,

    /* U+F067 "" */
    0x0, 0x0, 0x0, 0x39, 0x91, 0x0, 0x0, 0x0,
    0x0, 0x0, 0x0, 0xcf, 0xf8, 0x0, 0x0, 0x0,
    0x0, 0x0, 0x0, 0xdf, 0xf9, 0x0, 0x0, 0x0,
    0x0, 0x0, 0x0, 0xdf, 0xf9, 0x0, 0x0, 0x0,
    0x0, 0x0, 0x0, 0xdf, 0xf9, 0x0, 0x0, 0x0,
    0x0, 0x0, 0x0, 0xdf, 0xf9, 0x0, 0x0, 0x0,
    0x36, 0x77, 0x77, 0xef, 0xfc, 0x77, 0x77, 0x61,
    0xef, 0xff, 0xff, 0xff, 0xff, 0xff, 0xff, 0xfa,
    0xff, 0xff, 0xff, 0xff, 0xff, 0xff, 0xff, 0xfb,
    0xae, 0xff, 0xff, 0xff, 0xff, 0xff, 0xff, 0xe6,
    0x0, 0x0, 0x0, 0xdf, 0xf9, 0x0, 0x0, 0x0,
    0x0, 0x0, 0x0, 0xdf, 0xf9, 0x0, 0x0, 0x0,
    0x0, 0x0, 0x0, 0xdf, 0xf9, 0x0, 0x0, 0x0,
    0x0, 0x0, 0x0, 0xdf, 0xf9, 0x0, 0x0, 0x0,
    0x0, 0x0, 0x0, 0xdf, 0xf9, 0x0, 0x0, 0x0,
    0x0, 0x0, 0x0, 0x9f, 0xf5, 0x0, 0x0, 0x0,
    0x0, 0x0, 0x0, 0x1, 0x10, 0x0, 0x0, 0x0,

    /* U+F068 "" */
    0x36, 0x66, 0x66, 0x66, 0x66, 0x66, 0x66, 0x61,
    0xef, 0xff, 0xff, 0xff, 0xff, 0xff, 0xff, 0xfa,
    0xff, 0xff, 0xff, 0xff, 0xff, 0xff, 0xff, 0xfb,
    0xaf, 0xff, 0xff, 0xff, 0xff, 0xff, 0xff, 0xf6,

    /* U+F06E "" */
    0x0, 0x0, 0x0, 0x3, 0x68, 0x87, 0x40, 0x0,
    0x0, 0x0, 0x0, 0x0, 0x0, 0x8e, 0xff, 0xff,
    0xff, 0xf9, 0x20, 0x0, 0x0, 0x0, 0x4, 0xef,
    0xfd, 0x63, 0x25, 0xbf, 0xff, 0x70, 0x0, 0x0,
    0x7, 0xff, 0xfa, 0x0, 0x0, 0x0, 0x7f, 0xff,
    0xa0, 0x0, 0x6, 0xff, 0xfd, 0x0, 0x8, 0xfc,
    0x20, 0x9f, 0xff, 0xa0, 0x2, 0xff, 0xff, 0x50,
    0x0, 0x8f, 0xfe, 0x12, 0xff, 0xff, 0x60, 0xcf,
    0xff, 0xf2, 0x16, 0x7f, 0xff, 0xf5, 0xe, 0xff,
    0xfe, 0x1e, 0xff, 0xff, 0x12, 0xff, 0xff, 0xff,
    0x70, 0xdf, 0xff, 0xf2, 0x6f, 0xff, 0xf3, 0xe,
    0xff, 0xff, 0xf3, 0xf, 0xff, 0xfb, 0x0, 0xbf,
    0xff, 0x90, 0x4f, 0xff, 0xf8, 0x5, 0xff, 0xfe,
    0x10, 0x1, 0xdf, 0xff, 0x40, 0x28, 0x84, 0x1,
    0xef, 0xff, 0x30, 0x0, 0x1, 0xbf, 0xff, 0x60,
    0x0, 0x4, 0xef, 0xfd, 0x30, 0x0, 0x0, 0x0,
    0x6e, 0xff, 0xfb, 0xbe, 0xff, 0xf9, 0x0, 0x0,
    0x0, 0x0, 0x0, 0x5, 0xad, 0xff, 0xeb, 0x71,
    0x0, 0x0, 0x0,

    /* U+F070 "" */
    0x4a, 0x10, 0x0, 0x0, 0x0, 0x0, 0x0, 0x0,
    0x0, 0x0, 0x0, 0xe, 0xfe, 0x30, 0x0, 0x0,
    0x0, 0x0, 0x0, 0x0, 0x0, 0x0, 0x0, 0x5f,
    0xff, 0x60, 0x0, 0x15, 0x78, 0x74, 0x0, 0x0,
    0x0, 0x0, 0x0, 0x2d, 0xff, 0xa6, 0xdf, 0xff,
    0xff, 0xff, 0xa2, 0x0, 0x0, 0x0, 0x0, 0xa,
    0xff, 0xff, 0xe8, 0x32, 0x5b, 0xff, 0xf8, 0x0,
    0x0, 0x0, 0x0, 0x6, 0xff, 0xf6, 0x0, 0x10,
    0x6, 0xff, 0xfb, 0x0, 0x0, 0x0, 0x0, 0x3,
    0xef, 0xf8, 0x7f, 0xd3, 0x9, 0xff, 0xfb, 0x0,
    0x0, 0x1e, 0x70, 0x1, 0xbf, 0xfe, 0xff, 0xf2,
    0x1f, 0xff, 0xf7, 0x0, 0x9, 0xff, 0xa0, 0x0,
    0x8f, 0xff, 0xff, 0x70, 0xdf, 0xff, 0xf1, 0x0,
    0xcf, 0xff, 0xd1, 0x0, 0x5f, 0xff, 0xf9, 0xc,
    0xff, 0xff, 0x30, 0x5, 0xff, 0xff, 0x60, 0x0,
    0x2d, 0xff, 0xb0, 0xef, 0xff, 0xb0, 0x0, 0xa,
    0xff, 0xfc, 0x0, 0x0, 0xa, 0xff, 0xef, 0xff,
    0xe1, 0x0, 0x0, 0xc, 0xff, 0xf6, 0x0, 0x0,
    0x6, 0xff, 0xff, 0xf3, 0x0, 0x0, 0x0, 0xa,
    0xff, 0xf8, 0x10, 0x0, 0x3, 0xef, 0xfa, 0x0,
    0x0, 0x0, 0x0, 0x5, 0xef, 0xff, 0xcb, 0x80,
    0x1, 0xbf, 0xfb, 0x10, 0x0, 0x0, 0x0, 0x0,
    0x5a, 0xdf, 0xfe, 0x70, 0x0, 0x8f, 0xfe, 0x30,
    0x0, 0x0, 0x0, 0x0, 0x0, 0x0, 0x0, 0x0,
    0x0, 0x5f, 0xff, 0x30, 0x0, 0x0, 0x0, 0x0,
    0x0, 0x0, 0x0, 0x0, 0x0, 0x2d, 0xe1, 0x0,
    0x0, 0x0, 0x0, 0x0, 0x0, 0x0, 0x0, 0x0,
    0x0, 0x1, 0x0,

    /* U+F071 "" */
    0x0, 0x0, 0x0, 0x0, 0x1, 0xcd, 0x40, 0x0,
    0x0, 0x0, 0x0, 0x0, 0x0, 0x0, 0x0, 0xa,
    0xff, 0xe0, 0x0, 0x0, 0x0, 0x0, 0x0, 0x0,
    0x0, 0x0, 0x4f, 0xff, 0xf8, 0x0, 0x0, 0x0,
    0x0, 0x0, 0x0, 0x0, 0x0, 0xdf, 0xff, 0xff,
    0x10, 0x0, 0x0, 0x0, 0x0, 0x0, 0x0, 0x6,
    0xff, 0xff, 0xff, 0xa0, 0x0, 0x0, 0x0, 0x0,
    0x0, 0x0, 0xe, 0xff, 0xff, 0xff, 0xf3, 0x0,
    0x0, 0x0, 0x0, 0x0, 0x0, 0x8f, 0xfb, 0x33,
    0x8f, 0xfc, 0x0, 0x0, 0x0, 0x0, 0x0, 0x2,
    0xff, 0xf9, 0x0, 0x6f, 0xff, 0x60, 0x0, 0x0,
    0x0, 0x0, 0xa, 0xff, 0xfa, 0x0, 0x6f, 0xff,
    0xe0, 0x0, 0x0, 0x0, 0x0, 0x4f, 0xff, 0xfb,
    0x0, 0x7f, 0xff, 0xf8, 0x0, 0x0, 0x0, 0x0,
    0xdf, 0xff, 0xfc, 0x0, 0x8f, 0xff, 0xff, 0x10,
    0x0, 0x0, 0x6, 0xff, 0xff, 0xfd, 0x0, 0x9f,
    0xff, 0xff, 0xa0, 0x0, 0x0, 0xe, 0xff, 0xff,
    0xff, 0xcb, 0xff, 0xff, 0xff, 0xf3, 0x0, 0x0,
    0x8f, 0xff, 0xff, 0xfc, 0x0, 0x8f, 0xff, 0xff,
    0xfc, 0x0, 0x2, 0xff, 0xff, 0xff, 0xf9, 0x0,
    0x4f, 0xff, 0xff, 0xff, 0x60, 0xa, 0xff, 0xff,
    0xff, 0xfe, 0x42, 0xcf, 0xff, 0xff, 0xff, 0xe0,
    0xf, 0xff, 0xff, 0xff, 0xff, 0xff, 0xff, 0xff,
    0xff, 0xff, 0xf3, 0x9, 0xff, 0xff, 0xff, 0xff,
    0xff, 0xff, 0xff, 0xff, 0xff, 0xd0, 0x0, 0x23,
    0x33, 0x33, 0x33, 0x33, 0x33, 0x33, 0x33, 0x33,
    0x0,

    /* U+F074 "" */
    0x0, 0x0, 0x0, 0x0, 0x0, 0x0, 0x1, 0x40,
    0x0, 0x0, 0x0, 0x0, 0x0, 0x0, 0x0, 0x7,
    0xf9, 0x0, 0x12, 0x22, 0x10, 0x0, 0x0, 0x1,
    0x29, 0xff, 0x90, 0xff, 0xff, 0xe2, 0x0, 0x0,
    0x6f, 0xff, 0xff, 0xf8, 0xff, 0xff, 0xfe, 0x20,
    0x5, 0xff, 0xff, 0xff, 0xfd, 0x9a, 0xad, 0xff,
    0xd0, 0x5f, 0xff, 0xbd, 0xff, 0xe2, 0x0, 0x0,
    0xcf, 0x44, 0xff, 0xf9, 0x8, 0xfe, 0x20, 0x0,
    0x0, 0x4, 0x4f, 0xff, 0x90, 0x4, 0xd2, 0x0,
    0x0, 0x0, 0x3, 0xff, 0xfa, 0x0, 0x0, 0x10,
    0x0, 0x0, 0x0, 0x3f, 0xff, 0xa1, 0x91, 0x6,
    0xf6, 0x0, 0x0, 0x2, 0xef, 0xfb, 0xc, 0xfc,
    0x8, 0xff, 0x60, 0xef, 0xff, 0xff, 0xb0, 0x1d,
    0xff, 0xff, 0xff, 0xf6, 0xff, 0xff, 0xfc, 0x0,
    0x2, 0xef, 0xff, 0xff, 0xfe, 0xdd, 0xdd, 0xb0,
    0x0, 0x0, 0x2d, 0xde, 0xff, 0xf5, 0x0, 0x0,
    0x0, 0x0, 0x0, 0x0, 0x8, 0xff, 0x50, 0x0,
    0x0, 0x0, 0x0, 0x0, 0x0, 0x6, 0xf5, 0x0,
    0x0, 0x0, 0x0, 0x0, 0x0, 0x0, 0x0, 0x0,
    0x0,

    /* U+F077 "" */
    0x0, 0x0, 0x0, 0x4, 0x20, 0x0, 0x0, 0x0,
    0x0, 0x0, 0x0, 0x5f, 0xe2, 0x0, 0x0, 0x0,
    0x0, 0x0, 0x5, 0xff, 0xfe, 0x20, 0x0, 0x0,
    0x0, 0x0, 0x5f, 0xff, 0xff, 0xe3, 0x0, 0x0,
    0x0, 0x6, 0xff, 0xfa, 0xcf, 0xfe, 0x30, 0x0,
    0x0, 0x6f, 0xff, 0x90, 0xc, 0xff, 0xe3, 0x0,
    0x6, 0xff, 0xf9, 0x0, 0x0, 0xcf, 0xfe, 0x30,
    0x5f, 0xff, 0x90, 0x0, 0x0, 0xc, 0xff, 0xe2,
    0xaf, 0xf9, 0x0, 0x0, 0x0, 0x0, 0xcf, 0xf6,
    0x1b, 0x80, 0x0, 0x0, 0x0, 0x0, 0xb, 0x90,

    /* U+F078 "" */
    0x3, 0x20, 0x0, 0x0, 0x0, 0x0, 0x3, 0x20,
    0x6f, 0xe2, 0x0, 0x0, 0x0, 0x0, 0x5f, 0xf2,
    0xaf, 0xfe, 0x30, 0x0, 0x0, 0x5, 0xff, 0xf6,
    0x1c, 0xff, 0xe3, 0x0, 0x0, 0x5f, 0xff, 0x90,
    0x1, 0xcf, 0xfe, 0x30, 0x5, 0xff, 0xf9, 0x0,
    0x0, 0x1c, 0xff, 0xe3, 0x5f, 0xff, 0x90, 0x0,
    0x0, 0x1, 0xcf, 0xff, 0xff, 0xf9, 0x0, 0x0,
    0x0, 0x0, 0x1c, 0xff, 0xff, 0x90, 0x0, 0x0,
    0x0, 0x0, 0x1, 0xcf, 0xf9, 0x0, 0x0, 0x0,
    0x0, 0x0, 0x0, 0x1b, 0x90, 0x0, 0x0, 0x0,

    /* U+F079 "" */
    0x0, 0x0, 0x26, 0x0, 0x0, 0x0, 0x0, 0x0,
    0x0, 0x0, 0x0, 0x0, 0x0, 0x2, 0xef, 0xa0,
    0x0, 0x44, 0x44, 0x44, 0x44, 0x42, 0x0, 0x0,
    0x0, 0x2e, 0xff, 0xfa, 0x4, 0xff, 0xff, 0xff,
    0xff, 0xfd, 0x0, 0x0, 0x3, 0xef, 0xff, 0xff,
    0xa0, 0xaf, 0xff, 0xff, 0xff, 0xfe, 0x0, 0x0,
    0xe, 0xfd, 0xef, 0xcf, 0xf8, 0x0, 0x0, 0x0,
    0x5, 0xfe, 0x0, 0x0, 0xb, 0xe2, 0xdf, 0x67,
    0xf5, 0x0, 0x0, 0x0, 0x5, 0xfe, 0x0, 0x0,
    0x0, 0x0, 0xdf, 0x60, 0x0, 0x0, 0x0, 0x0,
    0x5, 0xfe, 0x0, 0x0, 0x0, 0x0, 0xdf, 0x60,
    0x0, 0x0, 0x0, 0x0, 0x5, 0xfe, 0x0, 0x0,
    0x0, 0x0, 0xdf, 0x60, 0x0, 0x0, 0x0, 0x4,
    0x15, 0xfe, 0x3, 0x20, 0x0, 0x0, 0xdf, 0x60,
    0x0, 0x0, 0x0, 0x6f, 0xd6, 0xfe, 0x4f, 0xf1,
    0x0, 0x0, 0xdf, 0x94, 0x44, 0x44, 0x41, 0x3f,
    0xff, 0xff, 0xff, 0xc0, 0x0, 0x0, 0xdf, 0xff,
    0xff, 0xff, 0xff, 0x24, 0xff, 0xff, 0xfc, 0x10,
    0x0, 0x0, 0x9f, 0xff, 0xff, 0xff, 0xfe, 0x30,
    0x4f, 0xff, 0xc0, 0x0, 0x0, 0x0, 0x0, 0x0,
    0x0, 0x0, 0x0, 0x0, 0x4, 0xfc, 0x0, 0x0,
    0x0, 0x0, 0x0, 0x0, 0x0, 0x0, 0x0, 0x0,
    0x0, 0x10, 0x0, 0x0,

    /* U+F07B "" */
    0x17, 0x88, 0x88, 0x84, 0x0, 0x0, 0x0, 0x0,
    0x0, 0xcf, 0xff, 0xff, 0xff, 0x50, 0x0, 0x0,
    0x0, 0x0, 0xff, 0xff, 0xff, 0xff, 0xf6, 0x44,
    0x44, 0x44, 0x30, 0xff, 0xff, 0xff, 0xff, 0xff,
    0xff, 0xff, 0xff, 0xfa, 0xff, 0xff, 0xff, 0xff,
    0xff, 0xff, 0xff, 0xff, 0xff, 0xff, 0xff, 0xff,
    0xff, 0xff, 0xff, 0xff, 0xff, 0xff, 0xff, 0xff,
    0xff, 0xff, 0xff, 0xff, 0xff, 0xff, 0xff, 0xff,
    0xff, 0xff, 0xff, 0xff, 0xff, 0xff, 0xff, 0xff,
    0xff, 0xff, 0xff, 0xff, 0xff, 0xff, 0xff, 0xff,
    0xff, 0xff, 0xff, 0xff, 0xff, 0xff, 0xff, 0xff,
    0xff, 0xff, 0xff, 0xff, 0xff, 0xff, 0xff, 0xff,
    0xff, 0xff, 0xff, 0xff, 0xff, 0xff, 0xff, 0xff,
    0xff, 0xff, 0xff, 0xff, 0xff, 0xff, 0xff, 0xff,
    0xff, 0xff, 0xff, 0xff, 0xff, 0x7f, 0xff, 0xff,
    0xff, 0xff, 0xff, 0xff, 0xff, 0xf6,

    /* U+F093 "" */
    0x0, 0x0, 0x0, 0x0, 0x47, 0x0, 0x0, 0x0,
    0x0, 0x0, 0x0, 0x0, 0x4, 0xff, 0x90, 0x0,
    0x0, 0x0, 0x0, 0x0, 0x0, 0x4f, 0xff, 0xf9,
    0x0, 0x0, 0x0, 0x0, 0x0, 0x4, 0xff, 0xff,
    0xff, 0x90, 0x0, 0x0, 0x0, 0x0, 0x4f, 0xff,
    0xff, 0xff, 0xf9, 0x0, 0x0, 0x0, 0x4, 0xff,
    0xff, 0xff, 0xff, 0xff, 0x90, 0x0, 0x0, 0xc,
    0xff, 0xff, 0xff, 0xff, 0xff, 0xf1, 0x0, 0x0,
    0x0, 0x11, 0x2f, 0xff, 0xf7, 0x11, 0x10, 0x0,
    0x0, 0x0, 0x0, 0x1f, 0xff, 0xf6, 0x0, 0x0,
    0x0, 0x0, 0x0, 0x0, 0x1f, 0xff, 0xf6, 0x0,
    0x0, 0x0, 0x0, 0x0, 0x0, 0x1f, 0xff, 0xf6,
    0x0, 0x0, 0x0, 0x0, 0x0, 0x0, 0x1f, 0xff,
    0xf6, 0x0, 0x0, 0x0, 0x24, 0x44, 0x42, 0x1f,
    0xff, 0xf6, 0x24, 0x44, 0x42, 0xff, 0xff, 0xfc,
    0x8, 0xbb, 0xa2, 0xcf, 0xff, 0xff, 0xff, 0xff,
    0xff, 0xa5, 0x55, 0x5a, 0xff, 0xff, 0xff, 0xff,
    0xff, 0xff, 0xff, 0xff, 0xff, 0xff, 0xff, 0xff,
    0xff, 0xff, 0xff, 0xff, 0xff, 0xff, 0x66, 0xc4,
    0xff, 0xdf, 0xff, 0xff, 0xff, 0xff, 0xff, 0xff,
    0xff, 0xfd, 0x0, 0x0, 0x0, 0x0, 0x0, 0x0,
    0x0, 0x0, 0x0,

    /* U+F095 "" */
    0x0, 0x0, 0x0, 0x0, 0x0, 0x0, 0x2, 0xb8,
    0x41, 0x0, 0x0, 0x0, 0x0, 0x0, 0x0, 0x0,
    0x9f, 0xff, 0xfb, 0x0, 0x0, 0x0, 0x0, 0x0,
    0x0, 0x1f, 0xff, 0xff, 0xf0, 0x0, 0x0, 0x0,
    0x0, 0x0, 0x7, 0xff, 0xff, 0xfe, 0x0, 0x0,
    0x0, 0x0, 0x0, 0x0, 0xdf, 0xff, 0xff, 0xc0,
    0x0, 0x0, 0x0, 0x0, 0x0, 0xc, 0xff, 0xff,
    0xf9, 0x0, 0x0, 0x0, 0x0, 0x0, 0x0, 0xa,
    0xff, 0xff, 0x50, 0x0, 0x0, 0x0, 0x0, 0x0,
    0x0, 0xc, 0xff, 0xf1, 0x0, 0x0, 0x0, 0x0,
    0x0, 0x0, 0x3, 0xff, 0xfa, 0x0, 0x0, 0x0,
    0x0, 0x0, 0x0, 0x0, 0xdf, 0xff, 0x20, 0x0,
    0x0, 0x0, 0x0, 0x0, 0x0, 0xaf, 0xff, 0x90,
    0x0, 0x0, 0x4, 0xa5, 0x0, 0x0, 0xaf, 0xff,
    0xd0, 0x0, 0x0, 0x7d, 0xff, 0xf4, 0x2, 0xcf,
    0xff, 0xe2, 0x0, 0x0, 0xdf, 0xff, 0xff, 0xe9,
    0xff, 0xff, 0xf3, 0x0, 0x0, 0xd, 0xff, 0xff,
    0xff, 0xff, 0xff, 0xe2, 0x0, 0x0, 0x0, 0x9f,
    0xff, 0xff, 0xff, 0xff, 0xa1, 0x0, 0x0, 0x0,
    0x6, 0xff, 0xff, 0xff, 0xfc, 0x40, 0x0, 0x0,
    0x0, 0x0, 0x2f, 0xff, 0xfd, 0x83, 0x0, 0x0,
    0x0, 0x0, 0x0, 0x0, 0x23, 0x20, 0x0, 0x0,
    0x0, 0x0, 0x0, 0x0, 0x0,

    /* U+F0C4 "" */
    0x0, 0x35, 0x20, 0x0, 0x0, 0x0, 0x0, 0x0,
    0x1c, 0xff, 0xfa, 0x0, 0x0, 0x1, 0x9c, 0xa1,
    0xaf, 0xfe, 0xff, 0x60, 0x0, 0x2e, 0xff, 0xf9,
    0xef, 0x60, 0xaf, 0xb0, 0x3, 0xef, 0xff, 0xb0,
    0xef, 0x92, 0xcf, 0x90, 0x3e, 0xff, 0xfa, 0x0,
    0x7f, 0xff, 0xff, 0xe6, 0xff, 0xff, 0xa0, 0x0,
    0x8, 0xff, 0xff, 0xff, 0xff, 0xfa, 0x0, 0x0,
    0x0, 0x1, 0xcf, 0xff, 0xff, 0xa0, 0x0, 0x0,
    0x0, 0x0, 0x3f, 0xff, 0xff, 0x10, 0x0, 0x0,
    0x0, 0x36, 0xef, 0xff, 0xff, 0xd1, 0x0, 0x0,
    0x1c, 0xff, 0xff, 0xff, 0xff, 0xfd, 0x10, 0x0,
    0xaf, 0xfe, 0xff, 0xc2, 0xdf, 0xff, 0xd1, 0x0,
    0xef, 0x60, 0xaf, 0xa0, 0x1c, 0xff, 0xfe, 0x20,
    0xef, 0x92, 0xcf, 0xa0, 0x0, 0xcf, 0xff, 0xe2,
    0x7f, 0xff, 0xff, 0x40, 0x0, 0xb, 0xff, 0xf9,
    0x8, 0xff, 0xe5, 0x0, 0x0, 0x0, 0x58, 0x50,
    0x0, 0x1, 0x0, 0x0, 0x0, 0x0, 0x0, 0x0,

    /* U+F0C5 "" */
    0x0, 0x0, 0x6f, 0xff, 0xff, 0xf1, 0x68, 0x0,
    0x0, 0x0, 0xaf, 0xff, 0xff, 0xf1, 0x7f, 0x80,
    0x0, 0x0, 0xaf, 0xff, 0xff, 0xf1, 0x7f, 0xf8,
    0x36, 0x62, 0xaf, 0xff, 0xff, 0xf1, 0x36, 0x66,
    0xff, 0xf6, 0xaf, 0xff, 0xff, 0xf6, 0x22, 0x22,
    0xff, 0xf6, 0xaf, 0xff, 0xff, 0xff, 0xff, 0xfe,
    0xff, 0xf6, 0xaf, 0xff, 0xff, 0xff, 0xff, 0xfe,
    0xff, 0xf6, 0xaf, 0xff, 0xff, 0xff, 0xff, 0xfe,
    0xff, 0xf6, 0xaf, 0xff, 0xff, 0xff, 0xff, 0xfe,
    0xff, 0xf6, 0xaf, 0xff, 0xff, 0xff, 0xff, 0xfe,
    0xff, 0xf6, 0xaf, 0xff, 0xff, 0xff, 0xff, 0xfe,
    0xff, 0xf6, 0xaf, 0xff, 0xff, 0xff, 0xff, 0xfe,
    0xff, 0xf6, 0xaf, 0xff, 0xff, 0xff, 0xff, 0xfe,
    0xff, 0xf6, 0xaf, 0xff, 0xff, 0xff, 0xff, 0xfe,
    0xff, 0xf7, 0x6f, 0xff, 0xff, 0xff, 0xff, 0xfa,
    0xff, 0xfe, 0x30, 0x0, 0x0, 0x0, 0x0, 0x0,
    0xff, 0xff, 0xff, 0xff, 0xff, 0xf1, 0x0, 0x0,
    0xef, 0xff, 0xff, 0xff, 0xff, 0xf0, 0x0, 0x0,
    0x14, 0x44, 0x44, 0x44, 0x44, 0x20, 0x0, 0x0,

    /* U+F0C7 "" */
    0x5, 0x66, 0x66, 0x66, 0x66, 0x64, 0x0, 0x0,
    0xcf, 0xff, 0xff, 0xff, 0xff, 0xff, 0x90, 0x0,
    0xff, 0xed, 0xdd, 0xdd, 0xdd, 0xef, 0xf9, 0x0,
    0xff, 0x40, 0x0, 0x0, 0x0, 0xf, 0xff, 0x90,
    0xff, 0x40, 0x0, 0x0, 0x0, 0xe, 0xff, 0xf6,
    0xff, 0x40, 0x0, 0x0, 0x0, 0xe, 0xff, 0xf9,
    0xff, 0x40, 0x0, 0x0, 0x0, 0xf, 0xff, 0xf9,
    0xff, 0xff, 0xff, 0xff, 0xff, 0xff, 0xff, 0xf9,
    0xff, 0xff, 0xff, 0xff, 0xff, 0xff, 0xff, 0xf9,
    0xff, 0xff, 0xff, 0xc5, 0x7f, 0xff, 0xff, 0xf9,
    0xff, 0xff, 0xfe, 0x0, 0x5, 0xff, 0xff, 0xf9,
    0xff, 0xff, 0xfa, 0x0, 0x1, 0xff, 0xff, 0xf9,
    0xff, 0xff, 0xfd, 0x0, 0x4, 0xff, 0xff, 0xf9,
    0xff, 0xff, 0xff, 0x93, 0x4d, 0xff, 0xff, 0xf9,
    0xff, 0xff, 0xff, 0xff, 0xff, 0xff, 0xff, 0xf8,
    0x8f, 0xff, 0xff, 0xff, 0xff, 0xff, 0xff, 0xe3,
    0x1, 0x22, 0x22, 0x22, 0x22, 0x22, 0x21, 0x0,

    /* U+F0C9 "" */
    0x79, 0x99, 0x99, 0x99, 0x99, 0x99, 0x99, 0x95,
    0xff, 0xff, 0xff, 0xff, 0xff, 0xff, 0xff, 0xfc,
    0xdf, 0xff, 0xff, 0xff, 0xff, 0xff, 0xff, 0xfa,
    0x0, 0x0, 0x0, 0x0, 0x0, 0x0, 0x0, 0x0,
    0x0, 0x0, 0x0, 0x0, 0x0, 0x0, 0x0, 0x0,
    0x0, 0x0, 0x0, 0x0, 0x0, 0x0, 0x0, 0x0,
    0xef, 0xff, 0xff, 0xff, 0xff, 0xff, 0xff, 0xfa,
    0xff, 0xff, 0xff, 0xff, 0xff, 0xff, 0xff, 0xfb,
    0x68, 0x88, 0x88, 0x88, 0x88, 0x88, 0x88, 0x84,
    0x0, 0x0, 0x0, 0x0, 0x0, 0x0, 0x0, 0x0,
    0x0, 0x0, 0x0, 0x0, 0x0, 0x0, 0x0, 0x0,
    0x67, 0x77, 0x77, 0x77, 0x77, 0x77, 0x77, 0x74,
    0xff, 0xff, 0xff, 0xff, 0xff, 0xff, 0xff, 0xfb,
    0xef, 0xff, 0xff, 0xff, 0xff, 0xff, 0xff, 0xfa,
    0x0, 0x0, 0x0, 0x0, 0x0, 0x0, 0x0, 0x0,

    /* U+F0E0 "" */
    0x3, 0x44, 0x44, 0x44, 0x44, 0x44, 0x44, 0x44,
    0x30, 0xaf, 0xff, 0xff, 0xff, 0xff, 0xff, 0xff,
    0xff, 0xfa, 0xff, 0xff, 0xff, 0xff, 0xff, 0xff,
    0xff, 0xff, 0xff, 0xcf, 0xff, 0xff, 0xff, 0xff,
    0xff, 0xff, 0xff, 0xfc, 0xa, 0xff, 0xff, 0xff,
    0xff, 0xff, 0xff, 0xff, 0xa0, 0xa1, 0x6f, 0xff,
    0xff, 0xff, 0xff, 0xff, 0xf6, 0x3d, 0xfe, 0x42,
    0xdf, 0xff, 0xff, 0xff, 0xfd, 0x26, 0xff, 0xff,
    0xf9, 0x19, 0xff, 0xff, 0xff, 0x91, 0xbf, 0xff,
    0xff, 0xff, 0xd3, 0x5f, 0xff, 0xe5, 0x4e, 0xff,
    0xff, 0xff, 0xff, 0xff, 0x71, 0x99, 0x17, 0xff,
    0xff, 0xff, 0xff, 0xff, 0xff, 0xfd, 0x77, 0xdf,
    0xff, 0xff, 0xff, 0xff, 0xff, 0xff, 0xff, 0xff,
    0xff, 0xff, 0xff, 0xff, 0xff, 0xff, 0xff, 0xff,
    0xff, 0xff, 0xff, 0xff, 0xff, 0x7f, 0xff, 0xff,
    0xff, 0xff, 0xff, 0xff, 0xff, 0xf6,

    /* U+F0E7 "" */
    0x0, 0xaf, 0xff, 0xff, 0xa0, 0x0, 0x0, 0xf,
    0xff, 0xff, 0xfb, 0x0, 0x0, 0x1, 0xff, 0xff,
    0xff, 0x60, 0x0, 0x0, 0x3f, 0xff, 0xff, 0xf1,
    0x0, 0x0, 0x5, 0xff, 0xff, 0xfb, 0x0, 0x0,
    0x0, 0x8f, 0xff, 0xff, 0xa5, 0x55, 0x40, 0xa,
    0xff, 0xff, 0xff, 0xff, 0xff, 0x30, 0xcf, 0xff,
    0xff, 0xff, 0xff, 0xc0, 0xe, 0xff, 0xff, 0xff,
    0xff, 0xf3, 0x0, 0xef, 0xff, 0xff, 0xff, 0xfa,
    0x0, 0x1, 0x22, 0x23, 0xff, 0xff, 0x10, 0x0,
    0x0, 0x0, 0x4f, 0xff, 0x70, 0x0, 0x0, 0x0,
    0x8, 0xff, 0xe0, 0x0, 0x0, 0x0, 0x0, 0xcf,
    0xf5, 0x0, 0x0, 0x0, 0x0, 0xf, 0xfc, 0x0,
    0x0, 0x0, 0x0, 0x3, 0xff, 0x30, 0x0, 0x0,
    0x0, 0x0, 0x7f, 0x90, 0x0, 0x0, 0x0, 0x0,
    0x7, 0xe1, 0x0, 0x0, 0x0, 0x0, 0x0, 0x0,
    0x0, 0x0, 0x0, 0x0,

    /* U+F0EA "" */
    0x0, 0x0, 0x8d, 0x90, 0x0, 0x0, 0x0, 0x0,
    0x8b, 0xbc, 0xfa, 0xfd, 0xbb, 0x90, 0x0, 0x0,
    0xff, 0xff, 0xd0, 0xcf, 0xff, 0xf1, 0x0, 0x0,
    0xff, 0xff, 0xf8, 0xff, 0xff, 0xf1, 0x0, 0x0,
    0xff, 0xff, 0xff, 0xff, 0xff, 0xf1, 0x0, 0x0,
    0xff, 0xff, 0xf3, 0x0, 0x0, 0x0, 0x0, 0x0,
    0xff, 0xff, 0x95, 0xff, 0xff, 0xf1, 0x79, 0x0,
    0xff, 0xff, 0x88, 0xff, 0xff, 0xf1, 0x7f, 0xb0,
    0xff, 0xff, 0x88, 0xff, 0xff, 0xf1, 0x7f, 0xfa,
    0xff, 0xff, 0x88, 0xff, 0xff, 0xf2, 0x2, 0x21,
    0xff, 0xff, 0x88, 0xff, 0xff, 0xff, 0xdd, 0xdc,
    0xff, 0xff, 0x88, 0xff, 0xff, 0xff, 0xff, 0xfe,
    0xff, 0xff, 0x88, 0xff, 0xff, 0xff, 0xff, 0xfe,
    0xff, 0xff, 0x88, 0xff, 0xff, 0xff, 0xff, 0xfe,
    0x7a, 0xaa, 0x58, 0xff, 0xff, 0xff, 0xff, 0xfe,
    0x0, 0x0, 0x8, 0xff, 0xff, 0xff, 0xff, 0xfe,
    0x0, 0x0, 0x8, 0xff, 0xff, 0xff, 0xff, 0xfe,
    0x0, 0x0, 0x6, 0xff, 0xff, 0xff, 0xff, 0xfc,
    0x0, 0x0, 0x0, 0x0, 0x0, 0x0, 0x0, 0x0,

    /* U+F0F3 "" */
    0x0, 0x0, 0x0, 0x8, 0x60, 0x0, 0x0, 0x0,
    0x0, 0x0, 0x0, 0x3f, 0xf0, 0x0, 0x0, 0x0,
    0x0, 0x0, 0x6, 0xcf, 0xfa, 0x40, 0x0, 0x0,
    0x0, 0x1, 0xcf, 0xff, 0xff, 0xf9, 0x0, 0x0,
    0x0, 0xc, 0xff, 0xff, 0xff, 0xff, 0x80, 0x0,
    0x0, 0x5f, 0xff, 0xff, 0xff, 0xff, 0xf1, 0x0,
    0x0, 0x9f, 0xff, 0xff, 0xff, 0xff, 0xf5, 0x0,
    0x0, 0xbf, 0xff, 0xff, 0xff, 0xff, 0xf7, 0x0,
    0x0, 0xcf, 0xff, 0xff, 0xff, 0xff, 0xf8, 0x0,
    0x0, 0xef, 0xff, 0xff, 0xff, 0xff, 0xfa, 0x0,
    0x2, 0xff, 0xff, 0xff, 0xff, 0xff, 0xfe, 0x0,
    0x8, 0xff, 0xff, 0xff, 0xff, 0xff, 0xff, 0x40,
    0x3f, 0xff, 0xff, 0xff, 0xff, 0xff, 0xff, 0xd1,
    0xef, 0xff, 0xff, 0xff, 0xff, 0xff, 0xff, 0xfa,
    0xaf, 0xff, 0xff, 0xff, 0xff, 0xff, 0xff, 0xf7,
    0x0, 0x0, 0x0, 0x0, 0x0, 0x0, 0x0, 0x0,
    0x0, 0x0, 0x4, 0xff, 0xff, 0x0, 0x0, 0x0,
    0x0, 0x0, 0x0, 0xbf, 0xf7, 0x0, 0x0, 0x0,
    0x0, 0x0, 0x0, 0x2, 0x10, 0x0, 0x0, 0x0,

    /* U+F11C "" */
    0x4, 0x44, 0x44, 0x44, 0x44, 0x44, 0x44, 0x44,
    0x44, 0x41, 0xb, 0xff, 0xff, 0xff, 0xff, 0xff,
    0xff, 0xff, 0xff, 0xff, 0xe0, 0xff, 0xff, 0xff,
    0xff, 0xff, 0xff, 0xff, 0xff, 0xff, 0xff, 0x3f,
    0xf4, 0x4, 0xd0, 0x2f, 0x0, 0xf3, 0x3, 0xf0,
    0xf, 0xf4, 0xff, 0x40, 0x5d, 0x2, 0xf0, 0xf,
    0x40, 0x4f, 0x0, 0xff, 0x4f, 0xff, 0xff, 0xff,
    0xff, 0xff, 0xff, 0xff, 0xff, 0xff, 0xf4, 0xff,
    0xff, 0x22, 0xb7, 0x29, 0xa2, 0x4f, 0x42, 0xcf,
    0xff, 0x4f, 0xff, 0xf0, 0xa, 0x60, 0x79, 0x2,
    0xf2, 0xb, 0xff, 0xf4, 0xff, 0xff, 0xdd, 0xfe,
    0xdf, 0xfd, 0xef, 0xed, 0xff, 0xff, 0x4f, 0xf8,
    0x48, 0xe4, 0x44, 0x44, 0x44, 0x47, 0xf4, 0x5f,
    0xf4, 0xff, 0x40, 0x4d, 0x0, 0x0, 0x0, 0x0,
    0x3e, 0x0, 0xff, 0x4f, 0xf7, 0x48, 0xe4, 0x44,
    0x44, 0x44, 0x47, 0xf4, 0x4f, 0xf4, 0xff, 0xff,
    0xff, 0xff, 0xff, 0xff, 0xff, 0xff, 0xff, 0xff,
    0x37, 0xff, 0xff, 0xff, 0xff, 0xff, 0xff, 0xff,
    0xff, 0xff, 0xa0,

    /* U+F124 "" */
    0x0, 0x0, 0x0, 0x0, 0x0, 0x0, 0x0, 0x0,
    0x0, 0x0, 0x0, 0x0, 0x0, 0x0, 0x0, 0x0,
    0x0, 0x1, 0x8b, 0x30, 0x0, 0x0, 0x0, 0x0,
    0x0, 0x0, 0x2, 0xaf, 0xff, 0xd0, 0x0, 0x0,
    0x0, 0x0, 0x0, 0x3, 0xbf, 0xff, 0xff, 0xd0,
    0x0, 0x0, 0x0, 0x0, 0x5, 0xcf, 0xff, 0xff,
    0xff, 0x70, 0x0, 0x0, 0x0, 0x6, 0xdf, 0xff,
    0xff, 0xff, 0xfe, 0x0, 0x0, 0x0, 0x17, 0xef,
    0xff, 0xff, 0xff, 0xff, 0xf8, 0x0, 0x0, 0x29,
    0xff, 0xff, 0xff, 0xff, 0xff, 0xff, 0xf1, 0x0,
    0x7, 0xff, 0xff, 0xff, 0xff, 0xff, 0xff, 0xff,
    0x90, 0x0, 0xf, 0xff, 0xff, 0xff, 0xff, 0xff,
    0xff, 0xff, 0x20, 0x0, 0xb, 0xff, 0xff, 0xff,
    0xff, 0xff, 0xff, 0xfb, 0x0, 0x0, 0x0, 0x56,
    0x66, 0x66, 0x7f, 0xff, 0xff, 0xf3, 0x0, 0x0,
    0x0, 0x0, 0x0, 0x0, 0x2f, 0xff, 0xff, 0xc0,
    0x0, 0x0, 0x0, 0x0, 0x0, 0x0, 0x2f, 0xff,
    0xff, 0x50, 0x0, 0x0, 0x0, 0x0, 0x0, 0x0,
    0x2f, 0xff, 0xfd, 0x0, 0x0, 0x0, 0x0, 0x0,
    0x0, 0x0, 0x2f, 0xff, 0xf6, 0x0, 0x0, 0x0,
    0x0, 0x0, 0x0, 0x0, 0x2f, 0xff, 0xe0, 0x0,
    0x0, 0x0, 0x0, 0x0, 0x0, 0x0, 0x1f, 0xff,
    0x70, 0x0, 0x0, 0x0, 0x0, 0x0, 0x0, 0x0,
    0xc, 0xfd, 0x0, 0x0, 0x0, 0x0, 0x0, 0x0,
    0x0, 0x0, 0x0, 0x30, 0x0, 0x0, 0x0, 0x0,

    /* U+F15B "" */
    0x58, 0x88, 0x88, 0x87, 0x6, 0x0, 0x0, 0xff,
    0xff, 0xff, 0xfe, 0xf, 0x90, 0x0, 0xff, 0xff,
    0xff, 0xfe, 0xf, 0xf9, 0x0, 0xff, 0xff, 0xff,
    0xfe, 0xf, 0xff, 0x90, 0xff, 0xff, 0xff, 0xfe,
    0xf, 0xff, 0xf5, 0xff, 0xff, 0xff, 0xff, 0x32,
    0x22, 0x21, 0xff, 0xff, 0xff, 0xff, 0xff, 0xff,
    0xf8, 0xff, 0xff, 0xff, 0xff, 0xff, 0xff, 0xf8,
    0xff, 0xff, 0xff, 0xff, 0xff, 0xff, 0xf8, 0xff,
    0xff, 0xff, 0xff, 0xff, 0xff, 0xf8, 0xff, 0xff,
    0xff, 0xff, 0xff, 0xff, 0xf8, 0xff, 0xff, 0xff,
    0xff, 0xff, 0xff, 0xf8, 0xff, 0xff, 0xff, 0xff,
    0xff, 0xff, 0xf8, 0xff, 0xff, 0xff, 0xff, 0xff,
    0xff, 0xf8, 0xff, 0xff, 0xff, 0xff, 0xff, 0xff,
    0xf8, 0xff, 0xff, 0xff, 0xff, 0xff, 0xff, 0xf8,
    0xff, 0xff, 0xff, 0xff, 0xff, 0xff, 0xf8, 0xef,
    0xff, 0xff, 0xff, 0xff, 0xff, 0xf6, 0x14, 0x44,
    0x44, 0x44, 0x44, 0x44, 0x30,

    /* U+F1EB "" */
    0x0, 0x0, 0x0, 0x0, 0x0, 0x0, 0x0, 0x0,
    0x0, 0x0, 0x0, 0x0, 0x0, 0x0, 0x0, 0x36,
    0x89, 0xa9, 0x74, 0x10, 0x0, 0x0, 0x0, 0x0,
    0x0, 0x29, 0xef, 0xff, 0xff, 0xff, 0xff, 0xc6,
    0x0, 0x0, 0x0, 0x1, 0xaf, 0xff, 0xff, 0xff,
    0xff, 0xff, 0xff, 0xfe, 0x60, 0x0, 0x6, 0xff,
    0xff, 0xfc, 0x75, 0x43, 0x46, 0x9e, 0xff, 0xff,
    0xb1, 0x8, 0xff, 0xfe, 0x71, 0x0, 0x0, 0x0,
    0x0, 0x3, 0xcf, 0xff, 0xe2, 0xcf, 0xfa, 0x10,
    0x0, 0x0, 0x0, 0x0, 0x0, 0x0, 0x4e, 0xff,
    0x40, 0xb6, 0x0, 0x0, 0x59, 0xde, 0xfe, 0xc7,
    0x20, 0x0, 0x1b, 0x50, 0x0, 0x0, 0x5, 0xdf,
    0xff, 0xff, 0xff, 0xff, 0xa1, 0x0, 0x0, 0x0,
    0x0, 0x9, 0xff, 0xff, 0xfe, 0xde, 0xff, 0xff,
    0xe3, 0x0, 0x0, 0x0, 0x0, 0xdf, 0xfc, 0x40,
    0x0, 0x2, 0x8f, 0xff, 0x50, 0x0, 0x0, 0x0,
    0x1, 0xb6, 0x0, 0x0, 0x0, 0x0, 0x1b, 0x60,
    0x0, 0x0, 0x0, 0x0, 0x0, 0x0, 0x0, 0x35,
    0x0, 0x0, 0x0, 0x0, 0x0, 0x0, 0x0, 0x0,
    0x0, 0x0, 0x7f, 0xfe, 0x10, 0x0, 0x0, 0x0,
    0x0, 0x0, 0x0, 0x0, 0x0, 0xe, 0xff, 0xf6,
    0x0, 0x0, 0x0, 0x0, 0x0, 0x0, 0x0, 0x0,
    0x0, 0xdf, 0xff, 0x50, 0x0, 0x0, 0x0, 0x0,
    0x0, 0x0, 0x0, 0x0, 0x4, 0xff, 0xb0, 0x0,
    0x0, 0x0, 0x0, 0x0, 0x0, 0x0, 0x0, 0x0,
    0x0, 0x10, 0x0, 0x0, 0x0, 0x0, 0x0,

    /* U+F240 "" */
    0x4, 0x44, 0x44, 0x44, 0x44, 0x44, 0x44, 0x44,
    0x44, 0x44, 0x10, 0xa, 0xff, 0xff, 0xff, 0xff,
    0xff, 0xff, 0xff, 0xff, 0xff, 0xfe, 0x10, 0xff,
    0xff, 0xff, 0xff, 0xff, 0xff, 0xff, 0xff, 0xff,
    0xff, 0xf5, 0xf, 0xf4, 0x0, 0x0, 0x0, 0x0,
    0x0, 0x0, 0x0, 0x0, 0xff, 0xf3, 0xff, 0x4a,
    0xff, 0xff, 0xff, 0xff, 0xff, 0xff, 0xff, 0xf,
    0xff, 0x5f, 0xf4, 0xaf, 0xff, 0xff, 0xff, 0xff,
    0xff, 0xff, 0xf0, 0x3f, 0xf5, 0xff, 0x4a, 0xff,
    0xff, 0xff, 0xff, 0xff, 0xff, 0xff, 0x0, 0xef,
    0x5f, 0xf4, 0xaf, 0xff, 0xff, 0xff, 0xff, 0xff,
    0xff, 0xf0, 0x8f, 0xf5, 0xff, 0x45, 0x88, 0x88,
    0x88, 0x88, 0x88, 0x88, 0x88, 0xf, 0xff, 0x5f,
    0xf7, 0x44, 0x44, 0x44, 0x44, 0x44, 0x44, 0x44,
    0x45, 0xff, 0xc1, 0xff, 0xff, 0xff, 0xff, 0xff,
    0xff, 0xff, 0xff, 0xff, 0xff, 0xf5, 0x6, 0xef,
    0xff, 0xff, 0xff, 0xff, 0xff, 0xff, 0xff, 0xff,
    0xfb, 0x0,

    /* U+F241 "" */
    0x4, 0x44, 0x44, 0x44, 0x44, 0x44, 0x44, 0x44,
    0x44, 0x44, 0x10, 0xa, 0xff, 0xff, 0xff, 0xff,
    0xff, 0xff, 0xff, 0xff, 0xff, 0xfe, 0x10, 0xff,
    0xff, 0xff, 0xff, 0xff, 0xff, 0xff, 0xff, 0xff,
    0xff, 0xf5, 0xf, 0xf4, 0x0, 0x0, 0x0, 0x0,
    0x0, 0x0, 0x0, 0x0, 0xff, 0xf3, 0xff, 0x4d,
    0xff, 0xff, 0xff, 0xff, 0xff, 0x60, 0x0, 0xf,
    0xff, 0x5f, 0xf4, 0xdf, 0xff, 0xff, 0xff, 0xff,
    0xf6, 0x0, 0x0, 0x3f, 0xf5, 0xff, 0x4d, 0xff,
    0xff, 0xff, 0xff, 0xff, 0x60, 0x0, 0x0, 0xef,
    0x5f, 0xf4, 0xdf, 0xff, 0xff, 0xff, 0xff, 0xf6,
    0x0, 0x0, 0x8f, 0xf5, 0xff, 0x46, 0x88, 0x88,
    0x88, 0x88, 0x88, 0x30, 0x0, 0xf, 0xff, 0x5f,
    0xf7, 0x44, 0x44, 0x44, 0x44, 0x44, 0x44, 0x44,
    0x45, 0xff, 0xc1, 0xff, 0xff, 0xff, 0xff, 0xff,
    0xff, 0xff, 0xff, 0xff, 0xff, 0xf5, 0x6, 0xef,
    0xff, 0xff, 0xff, 0xff, 0xff, 0xff, 0xff, 0xff,
    0xfb, 0x0,

    /* U+F242 "" */
    0x4, 0x44, 0x44, 0x44, 0x44, 0x44, 0x44, 0x44,
    0x44, 0x44, 0x10, 0xa, 0xff, 0xff, 0xff, 0xff,
    0xff, 0xff, 0xff, 0xff, 0xff, 0xfe, 0x10, 0xff,
    0xff, 0xff, 0xff, 0xff, 0xff, 0xff, 0xff, 0xff,
    0xff, 0xf5, 0xf, 0xf4, 0x0, 0x0, 0x0, 0x0,
    0x0, 0x0, 0x0, 0x0, 0xff, 0xf3, 0xff, 0x4c,
    0xff, 0xff, 0xff, 0xf1, 0x0, 0x0, 0x0, 0xf,
    0xff, 0x5f, 0xf4, 0xcf, 0xff, 0xff, 0xff, 0x10,
    0x0, 0x0, 0x0, 0x3f, 0xf5, 0xff, 0x4c, 0xff,
    0xff, 0xff, 0xf1, 0x0, 0x0, 0x0, 0x0, 0xef,
    0x5f, 0xf4, 0xcf, 0xff, 0xff, 0xff, 0x10, 0x0,
    0x0, 0x0, 0x8f, 0xf5, 0xff, 0x46, 0x88, 0x88,
    0x88, 0x80, 0x0, 0x0, 0x0, 0xf, 0xff, 0x5f,
    0xf7, 0x44, 0x44, 0x44, 0x44, 0x44, 0x44, 0x44,
    0x45, 0xff, 0xc1, 0xff, 0xff, 0xff, 0xff, 0xff,
    0xff, 0xff, 0xff, 0xff, 0xff, 0xf5, 0x6, 0xef,
    0xff, 0xff, 0xff, 0xff, 0xff, 0xff, 0xff, 0xff,
    0xfb, 0x0,

    /* U+F243 "" */
    0x4, 0x44, 0x44, 0x44, 0x44, 0x44, 0x44, 0x44,
    0x44, 0x44, 0x10, 0xa, 0xff, 0xff, 0xff, 0xff,
    0xff, 0xff, 0xff, 0xff, 0xff, 0xfe, 0x10, 0xff,
    0xff, 0xff, 0xff, 0xff, 0xff, 0xff, 0xff, 0xff,
    0xff, 0xf5, 0xf, 0xf4, 0x0, 0x0, 0x0, 0x0,
    0x0, 0x0, 0x0, 0x0, 0xff, 0xf3, 0xff, 0x49,
    0xff, 0xfe, 0x0, 0x0, 0x0, 0x0, 0x0, 0xf,
    0xff, 0x5f, 0xf4, 0x9f, 0xff, 0xe0, 0x0, 0x0,
    0x0, 0x0, 0x0, 0x3f, 0xf5, 0xff, 0x49, 0xff,
    0xfe, 0x0, 0x0, 0x0, 0x0, 0x0, 0x0, 0xef,
    0x5f, 0xf4, 0x9f, 0xff, 0xe0, 0x0, 0x0, 0x0,
    0x0, 0x0, 0x8f, 0xf5, 0xff, 0x44, 0x88, 0x87,
    0x0, 0x0, 0x0, 0x0, 0x0, 0xf, 0xff, 0x5f,
    0xf7, 0x44, 0x44, 0x44, 0x44, 0x44, 0x44, 0x44,
    0x45, 0xff, 0xc1, 0xff, 0xff, 0xff, 0xff, 0xff,
    0xff, 0xff, 0xff, 0xff, 0xff, 0xf5, 0x6, 0xef,
    0xff, 0xff, 0xff, 0xff, 0xff, 0xff, 0xff, 0xff,
    0xfb, 0x0,

    /* U+F244 "" */
    0x4, 0x44, 0x44, 0x44, 0x44, 0x44, 0x44, 0x44,
    0x44, 0x44, 0x10, 0xa, 0xff, 0xff, 0xff, 0xff,
    0xff, 0xff, 0xff, 0xff, 0xff, 0xfe, 0x10, 0xff,
    0xff, 0xff, 0xff, 0xff, 0xff, 0xff, 0xff, 0xff,
    0xff, 0xf5, 0xf, 0xf4, 0x0, 0x0, 0x0, 0x0,
    0x0, 0x0, 0x0, 0x0, 0xff, 0xf3, 0xff, 0x40,
    0x0, 0x0, 0x0, 0x0, 0x0, 0x0, 0x0, 0xf,
    0xff, 0x5f, 0xf4, 0x0, 0x0, 0x0, 0x0, 0x0,
    0x0, 0x0, 0x0, 0x3f, 0xf5, 0xff, 0x40, 0x0,
    0x0, 0x0, 0x0, 0x0, 0x0, 0x0, 0x0, 0xef,
    0x5f, 0xf4, 0x0, 0x0, 0x0, 0x0, 0x0, 0x0,
    0x0, 0x0, 0x8f, 0xf5, 0xff, 0x40, 0x0, 0x0,
    0x0, 0x0, 0x0, 0x0, 0x0, 0xf, 0xff, 0x5f,
    0xf7, 0x44, 0x44, 0x44, 0x44, 0x44, 0x44, 0x44,
    0x45, 0xff, 0xc1, 0xff, 0xff, 0xff, 0xff, 0xff,
    0xff, 0xff, 0xff, 0xff, 0xff, 0xf5, 0x6, 0xef,
    0xff, 0xff, 0xff, 0xff, 0xff, 0xff, 0xff, 0xff,
    0xfb, 0x0,

    /* U+F287 "" */
    0x0, 0x0, 0x0, 0x0, 0x0, 0x0, 0x78, 0x10,
    0x0, 0x0, 0x0, 0x0, 0x0, 0x0, 0x0, 0x0,
    0x26, 0x9f, 0xfd, 0x0, 0x0, 0x0, 0x0, 0x0,
    0x0, 0x0, 0x0, 0x4f, 0xef, 0xff, 0xf0, 0x0,
    0x0, 0x0, 0x0, 0x0, 0x0, 0x0, 0xe, 0x80,
    0x2e, 0xf7, 0x0, 0x0, 0x0, 0x0, 0x0, 0x20,
    0x0, 0x6, 0xe0, 0x0, 0x0, 0x0, 0x0, 0x0,
    0x0, 0x3, 0xef, 0xe3, 0x0, 0xd7, 0x0, 0x0,
    0x0, 0x0, 0x2, 0xa1, 0x0, 0xcf, 0xff, 0xd4,
    0x9f, 0x55, 0x55, 0x55, 0x55, 0x55, 0x7f, 0xf7,
    0xf, 0xff, 0xff, 0xff, 0xff, 0xff, 0xff, 0xff,
    0xff, 0xff, 0xff, 0xf5, 0xaf, 0xff, 0xa0, 0x0,
    0xb, 0xb0, 0x0, 0x0, 0x0, 0x3f, 0xb2, 0x0,
    0x9c, 0x90, 0x0, 0x0, 0x3f, 0x30, 0x0, 0x0,
    0x1, 0x50, 0x0, 0x0, 0x0, 0x0, 0x0, 0x0,
    0xbb, 0x2, 0xbb, 0xb5, 0x0, 0x0, 0x0, 0x0,
    0x0, 0x0, 0x0, 0x2, 0xf9, 0x9f, 0xff, 0x80,
    0x0, 0x0, 0x0, 0x0, 0x0, 0x0, 0x0, 0x3,
    0xbd, 0xff, 0xf8, 0x0, 0x0, 0x0, 0x0, 0x0,
    0x0, 0x0, 0x0, 0x0, 0x3f, 0xff, 0x80, 0x0,
    0x0, 0x0, 0x0, 0x0, 0x0, 0x0, 0x0, 0x0,
    0x0, 0x0, 0x0, 0x0, 0x0,

    /* U+F293 "" */
    0x0, 0x1, 0x7b, 0xdd, 0xb8, 0x20, 0x0, 0x0,
    0x5f, 0xff, 0xdf, 0xff, 0xf6, 0x0, 0x4, 0xff,
    0xff, 0x68, 0xff, 0xff, 0x40, 0xe, 0xff, 0xff,
    0x60, 0x8f, 0xff, 0xd0, 0x4f, 0xff, 0xff, 0x60,
    0x9, 0xff, 0xf3, 0x8f, 0xf6, 0xbf, 0x61, 0xc0,
    0x9f, 0xf7, 0xbf, 0xf6, 0xb, 0x60, 0xe2, 0x5f,
    0xf9, 0xdf, 0xff, 0x50, 0x20, 0x33, 0xff, 0xfb,
    0xef, 0xff, 0xf5, 0x0, 0x2e, 0xff, 0xfc, 0xef,
    0xff, 0xfc, 0x0, 0x7f, 0xff, 0xfc, 0xdf, 0xff,
    0xd1, 0x0, 0x9, 0xff, 0xfc, 0xcf, 0xfc, 0x13,
    0x50, 0x90, 0xaf, 0xfb, 0xaf, 0xf2, 0x4f, 0x60,
    0xf3, 0x2f, 0xf9, 0x6f, 0xfd, 0xff, 0x70, 0x52,
    0xef, 0xf6, 0x1f, 0xff, 0xff, 0x70, 0x2e, 0xff,
    0xf1, 0x9, 0xff, 0xff, 0x72, 0xef, 0xff, 0x90,
    0x0, 0xbf, 0xff, 0xae, 0xff, 0xfd, 0x10, 0x0,
    0x5, 0xcf, 0xff, 0xfd, 0x80, 0x0, 0x0, 0x0,
    0x0, 0x11, 0x0, 0x0, 0x0,

    /* U+F2ED "" */
    0x0, 0x0, 0x5, 0x88, 0x88, 0x30, 0x0, 0x0,
    0x56, 0x66, 0x7f, 0xff, 0xff, 0xe6, 0x66, 0x63,
    0xff, 0xff, 0xff, 0xff, 0xff, 0xff, 0xff, 0xfb,
    0xcd, 0xdd, 0xdd, 0xdd, 0xdd, 0xdd, 0xdd, 0xd8,
    0x3, 0x44, 0x44, 0x44, 0x44, 0x44, 0x44, 0x20,
    0xe, 0xff, 0xff, 0xff, 0xff, 0xff, 0xff, 0xa0,
    0xe, 0xff, 0xff, 0xff, 0xff, 0xff, 0xff, 0xa0,
    0xe, 0xff, 0x1f, 0xf6, 0xaf, 0xc4, 0xff, 0xa0,
    0xe, 0xff, 0xf, 0xf5, 0x9f, 0xb3, 0xff, 0xa0,
    0xe, 0xff, 0xf, 0xf5, 0x9f, 0xb3, 0xff, 0xa0,
    0xe, 0xff, 0xf, 0xf5, 0x9f, 0xb3, 0xff, 0xa0,
    0xe, 0xff, 0xf, 0xf5, 0x9f, 0xb3, 0xff, 0xa0,
    0xe, 0xff, 0xf, 0xf5, 0x9f, 0xb3, 0xff, 0xa0,
    0xe, 0xff, 0xf, 0xf5, 0x9f, 0xb3, 0xff, 0xa0,
    0xe, 0xff, 0xf, 0xf5, 0x9f, 0xb3, 0xff, 0xa0,
    0xe, 0xff, 0x1f, 0xf6, 0xaf, 0xc4, 0xff, 0xa0,
    0xd, 0xff, 0xff, 0xff, 0xff, 0xff, 0xff, 0x90,
    0x8, 0xff, 0xff, 0xff, 0xff, 0xff, 0xff, 0x40,
    0x0, 0x24, 0x44, 0x44, 0x44, 0x44, 0x31, 0x0,

    /* U+F304 "" */
    0x0, 0x0, 0x0, 0x0, 0x0, 0x0, 0x0, 0x8a,
    0x30, 0x0, 0x0, 0x0, 0x0, 0x0, 0x0, 0x0,
    0xbf, 0xff, 0x30, 0x0, 0x0, 0x0, 0x0, 0x0,
    0x0, 0xbf, 0xff, 0xff, 0x30, 0x0, 0x0, 0x0,
    0x0, 0x0, 0x34, 0xff, 0xff, 0xfd, 0x0, 0x0,
    0x0, 0x0, 0x0, 0xbf, 0x44, 0xff, 0xff, 0xe0,
    0x0, 0x0, 0x0, 0x0, 0xbf, 0xff, 0x44, 0xff,
    0xf4, 0x0, 0x0, 0x0, 0x0, 0xbf, 0xff, 0xff,
    0x44, 0xf4, 0x0, 0x0, 0x0, 0x0, 0xbf, 0xff,
    0xff, 0xff, 0x41, 0x0, 0x0, 0x0, 0x0, 0xbf,
    0xff, 0xff, 0xff, 0xf4, 0x0, 0x0, 0x0, 0x0,
    0xbf, 0xff, 0xff, 0xff, 0xf4, 0x0, 0x0, 0x0,
    0x0, 0xbf, 0xff, 0xff, 0xff, 0xf4, 0x0, 0x0,
    0x0, 0x0, 0xbf, 0xff, 0xff, 0xff, 0xf4, 0x0,
    0x0, 0x0, 0x0, 0xbf, 0xff, 0xff, 0xff, 0xf4,
    0x0, 0x0, 0x0, 0x0, 0x8f, 0xff, 0xff, 0xff,
    0xf4, 0x0, 0x0, 0x0, 0x0, 0xa, 0xff, 0xff,
    0xff, 0xf4, 0x0, 0x0, 0x0, 0x0, 0x0, 0xcf,
    0xff, 0xff, 0xf4, 0x0, 0x0, 0x0, 0x0, 0x0,
    0xe, 0xff, 0xff, 0xf4, 0x0, 0x0, 0x0, 0x0,
    0x0, 0x0, 0xff, 0xff, 0xd4, 0x0, 0x0, 0x0,
    0x0, 0x0, 0x0, 0x2, 0x31, 0x0, 0x0, 0x0,
    0x0, 0x0, 0x0, 0x0, 0x0,

    /* U+F55A "" */
    0x0, 0x0, 0x0, 0x57, 0x88, 0x88, 0x88, 0x88,
    0x88, 0x88, 0x72, 0x0, 0x0, 0x0, 0xaf, 0xff,
    0xff, 0xff, 0xff, 0xff, 0xff, 0xff, 0xf2, 0x0,
    0x0, 0xbf, 0xff, 0xff, 0xff, 0xff, 0xff, 0xff,
    0xff, 0xff, 0x70, 0x0, 0xbf, 0xff, 0xff, 0xf8,
    0xaf, 0xff, 0xa8, 0xff, 0xff, 0xf8, 0x0, 0xbf,
    0xff, 0xff, 0xfa, 0x0, 0xaf, 0xa0, 0xa, 0xff,
    0xff, 0x80, 0xbf, 0xff, 0xff, 0xff, 0xf3, 0x0,
    0x60, 0x3, 0xff, 0xff, 0xf8, 0xaf, 0xff, 0xff,
    0xff, 0xff, 0xf3, 0x0, 0x3, 0xff, 0xff, 0xff,
    0x8e, 0xff, 0xff, 0xff, 0xff, 0xff, 0x90, 0x0,
    0x9f, 0xff, 0xff, 0xf8, 0x4f, 0xff, 0xff, 0xff,
    0xff, 0xa0, 0x0, 0x0, 0xaf, 0xff, 0xff, 0x80,
    0x4f, 0xff, 0xff, 0xff, 0xb0, 0x3, 0xe3, 0x0,
    0xbf, 0xff, 0xf8, 0x0, 0x4f, 0xff, 0xff, 0xfe,
    0x13, 0xff, 0xf3, 0x1e, 0xff, 0xff, 0x80, 0x0,
    0x4f, 0xff, 0xff, 0xfe, 0xff, 0xff, 0xfe, 0xff,
    0xff, 0xf7, 0x0, 0x0, 0x4f, 0xff, 0xff, 0xff,
    0xff, 0xff, 0xff, 0xff, 0xff, 0x50, 0x0, 0x0,
    0x3d, 0xff, 0xff, 0xff, 0xff, 0xff, 0xff, 0xff,
    0x90,

    /* U+F7C2 "" */
    0x0, 0x1, 0xcf, 0xff, 0xff, 0xfe, 0x60, 0x0,
    0x1c, 0xff, 0xff, 0xff, 0xff, 0xf2, 0x0, 0xcf,
    0x47, 0xf4, 0xd8, 0x4f, 0xf5, 0xc, 0xff, 0x3,
    0xe0, 0xc5, 0xe, 0xf5, 0xcf, 0xff, 0x3, 0xe0,
    0xc5, 0xe, 0xf5, 0xff, 0xff, 0x24, 0xe2, 0xc6,
    0x2e, 0xf5, 0xff, 0xff, 0xff, 0xff, 0xff, 0xff,
    0xf5, 0xff, 0xff, 0xff, 0xff, 0xff, 0xff, 0xf5,
    0xff, 0xff, 0xff, 0xff, 0xff, 0xff, 0xf5, 0xff,
    0xff, 0xff, 0xff, 0xff, 0xff, 0xf5, 0xff, 0xff,
    0xff, 0xff, 0xff, 0xff, 0xf5, 0xff, 0xff, 0xff,
    0xff, 0xff, 0xff, 0xf5, 0xff, 0xff, 0xff, 0xff,
    0xff, 0xff, 0xf5, 0xff, 0xff, 0xff, 0xff, 0xff,
    0xff, 0xf5, 0xff, 0xff, 0xff, 0xff, 0xff, 0xff,
    0xf5, 0xff, 0xff, 0xff, 0xff, 0xff, 0xff, 0xf5,
    0xef, 0xff, 0xff, 0xff, 0xff, 0xff, 0xf3, 0x5f,
    0xff, 0xff, 0xff, 0xff, 0xff, 0xa0, 0x1, 0x34,
    0x44, 0x44, 0x44, 0x42, 0x0,

    /* U+F8A2 "" */
    0x0, 0x0, 0x0, 0x0, 0x0, 0x0, 0x0, 0x0,
    0x3, 0x0, 0x0, 0x0, 0x0, 0x0, 0x0, 0x0,
    0x0, 0x5, 0xf1, 0x0, 0x0, 0x0, 0x0, 0x0,
    0x0, 0x0, 0x5, 0xff, 0x10, 0x0, 0x3e, 0x90,
    0x0, 0x0, 0x0, 0x0, 0xbf, 0xf1, 0x0, 0x4f,
    0xfb, 0x0, 0x0, 0x0, 0x0, 0xb, 0xff, 0x10,
    0x5f, 0xff, 0xb0, 0x0, 0x0, 0x0, 0x0, 0xbf,
    0xf1, 0x6f, 0xff, 0xff, 0xff, 0xff, 0xff, 0xff,
    0xff, 0xff, 0x1d, 0xff, 0xff, 0xff, 0xff, 0xff,
    0xff, 0xff, 0xff, 0xf1, 0x3e, 0xff, 0xfe, 0xcc,
    0xcc, 0xcc, 0xcc, 0xcc, 0xca, 0x0, 0x2e, 0xff,
    0xb0, 0x0, 0x0, 0x0, 0x0, 0x0, 0x0, 0x0,
    0x1d, 0xfb, 0x0, 0x0, 0x0, 0x0, 0x0, 0x0,
    0x0, 0x0, 0x1b, 0x60, 0x0, 0x0, 0x0, 0x0,
    0x0, 0x0
};


/*---------------------
 *  GLYPH DESCRIPTION
 *--------------------*/

static const lv_font_fmt_txt_glyph_dsc_t glyph_dsc[] = {
    {.bitmap_index = 0, .adv_w = 0, .box_w = 0, .box_h = 0, .ofs_x = 0, .ofs_y = 0} /* id = 0 reserved */,
    {.bitmap_index = 0, .adv_w = 79, .box_w = 0, .box_h = 0, .ofs_x = 0, .ofs_y = 0},
    {.bitmap_index = 0, .adv_w = 87, .box_w = 3, .box_h = 13, .ofs_x = 1, .ofs_y = -1},
    {.bitmap_index = 20, .adv_w = 126, .box_w = 6, .box_h = 5, .ofs_x = 1, .ofs_y = 7},
    {.bitmap_index = 35, .adv_w = 170, .box_w = 11, .box_h = 13, .ofs_x = 0, .ofs_y = -1},
    {.bitmap_index = 107, .adv_w = 160, .box_w = 10, .box_h = 16, .ofs_x = 0, .ofs_y = -3},
    {.bitmap_index = 187, .adv_w = 144, .box_w = 9, .box_h = 13, .ofs_x = 0, .ofs_y = -1},
    {.bitmap_index = 246, .adv_w = 237, .box_w = 13, .box_h = 13, .ofs_x = 1, .ofs_y = -1},
    {.bitmap_index = 331, .adv_w = 74, .box_w = 3, .box_h = 5, .ofs_x = 1, .ofs_y = 7},
    {.bitmap_index = 339, .adv_w = 96, .box_w = 6, .box_h = 17, .ofs_x = 0, .ofs_y = -4},
    {.bitmap_index = 390, .adv_w = 96, .box_w = 6, .box_h = 17, .ofs_x = 0, .ofs_y = -4},
    {.bitmap_index = 441, .adv_w = 125, .box_w = 8, .box_h = 8, .ofs_x = 0, .ofs_y = 1},
    {.bitmap_index = 473, .adv_w = 200, .box_w = 10, .box_h = 10, .ofs_x = 1, .ofs_y = 1},
    {.bitmap_index = 523, .adv_w = 69, .box_w = 3, .box_h = 6, .ofs_x = 1, .ofs_y = -4},
    {.bitmap_index = 532, .adv_w = 144, .box_w = 7, .box_h = 2, .ofs_x = 1, .ofs_y = 3},
    {.bitmap_index = 539, .adv_w = 69, .box_w = 3, .box_h = 3, .ofs_x = 1, .ofs_y = -1},
    {.bitmap_index = 544, .adv_w = 119, .box_w = 9, .box_h = 15, .ofs_x = -1, .ofs_y = -2},
    {.bitmap_index = 612, .adv_w = 160, .box_w = 10, .box_h = 13, .ofs_x = 0, .ofs_y = -1},
    {.bitmap_index = 677, .adv_w = 160, .box_w = 9, .box_h = 13, .ofs_x = 1, .ofs_y = -1},
    {.bitmap_index = 736, .adv_w = 160, .box_w = 10, .box_h = 13, .ofs_x = 0, .ofs_y = -1},
    {.bitmap_index = 801, .adv_w = 160, .box_w = 10, .box_h = 13, .ofs_x = 0, .ofs_y = -1},
    {.bitmap_index = 866, .adv_w = 160, .box_w = 10, .box_h = 13, .ofs_x = 0, .ofs_y = -1},
    {.bitmap_index = 931, .adv_w = 160, .box_w = 10, .box_h = 13, .ofs_x = 0, .ofs_y = -1},
    {.bitmap_index = 996, .adv_w = 160, .box_w = 10, .box_h = 13, .ofs_x = 0, .ofs_y = -1},
    {.bitmap_index = 1061, .adv_w = 160, .box_w = 10, .box_h = 13, .ofs_x = 0, .ofs_y = -1},
    {.bitmap_index = 1126, .adv_w = 160, .box_w = 10, .box_h = 13, .ofs_x = 0, .ofs_y = -1},
    {.bitmap_index = 1191, .adv_w = 160, .box_w = 10, .box_h = 13, .ofs_x = 0, .ofs_y = -1},
    {.bitmap_index = 1256, .adv_w = 69, .box_w = 3, .box_h = 10, .ofs_x = 1, .ofs_y = -1},
    {.bitmap_index = 1271, .adv_w = 69, .box_w = 3, .box_h = 13, .ofs_x = 1, .ofs_y = -4},
    {.bitmap_index = 1291, .adv_w = 200, .box_w = 10, .box_h = 11, .ofs_x = 1, .ofs_y = 0},
    {.bitmap_index = 1346, .adv_w = 200, .box_w = 10, .box_h = 7, .ofs_x = 1, .ofs_y = 2},
    {.bitmap_index = 1381, .adv_w = 200, .box_w = 10, .box_h = 11, .ofs_x = 1, .ofs_y = 0},
    {.bitmap_index = 1436, .adv_w = 128, .box_w = 8, .box_h = 13, .ofs_x = 0, .ofs_y = -1},
    {.bitmap_index = 1488, .adv_w = 275, .box_w = 17, .box_h = 18, .ofs_x = 0, .ofs_y = -5},
    {.bitmap_index = 1641, .adv_w = 193, .box_w = 12, .box_h = 13, .ofs_x = 0, .ofs_y = -1},
    {.bitmap_index = 1719, .adv_w = 174, .box_w = 10, .box_h = 13, .ofs_x = 1, .ofs_y = -1},
    {.bitmap_index = 1784, .adv_w = 179, .box_w = 11, .box_h = 13, .ofs_x = 0, .ofs_y = -1},
    {.bitmap_index = 1856, .adv_w = 207, .box_w = 11, .box_h = 13, .ofs_x = 1, .ofs_y = -1},
    {.bitmap_index = 1928, .adv_w = 149, .box_w = 8, .box_h = 13, .ofs_x = 1, .ofs_y = -1},
    {.bitmap_index = 1980, .adv_w = 145, .box_w = 8, .box_h = 13, .ofs_x = 1, .ofs_y = -1},
    {.bitmap_index = 2032, .adv_w = 201, .box_w = 12, .box_h = 13, .ofs_x = 0, .ofs_y = -1},
    {.bitmap_index = 2110, .adv_w = 212, .box_w = 11, .box_h = 13, .ofs_x = 1, .ofs_y = -1},
    {.bitmap_index = 2182, .adv_w = 84, .box_w = 3, .box_h = 13, .ofs_x = 1, .ofs_y = -1},
    {.bitmap_index = 2202, .adv_w = 114, .box_w = 6, .box_h = 13, .ofs_x = 0, .ofs_y = -1},
    {.bitmap_index = 2241, .adv_w = 176, .box_w = 11, .box_h = 13, .ofs_x = 1, .ofs_y = -1},
    {.bitmap_index = 2313, .adv_w = 141, .box_w = 8, .box_h = 13, .ofs_x = 1, .ofs_y = -1},
    {.bitmap_index = 2365, .adv_w = 266, .box_w = 15, .box_h = 13, .ofs_x = 1, .ofs_y = -1},
    {.bitmap_index = 2463, .adv_w = 221, .box_w = 12, .box_h = 13, .ofs_x = 1, .ofs_y = -1},
    {.bitmap_index = 2541, .adv_w = 218, .box_w = 13, .box_h = 13, .ofs_x = 0, .ofs_y = -1},
    {.bitmap_index = 2626, .adv_w = 168, .box_w = 9, .box_h = 13, .ofs_x = 1, .ofs_y = -1},
    {.bitmap_index = 2685, .adv_w = 218, .box_w = 13, .box_h = 16, .ofs_x = 0, .ofs_y = -4},
    {.bitmap_index = 2789, .adv_w = 179, .box_w = 10, .box_h = 13, .ofs_x = 1, .ofs_y = -1},
    {.bitmap_index = 2854, .adv_w = 157, .box_w = 10, .box_h = 13, .ofs_x = 0, .ofs_y = -1},
    {.bitmap_index = 2919, .adv_w = 159, .box_w = 10, .box_h = 13, .ofs_x = 0, .ofs_y = -1},
    {.bitmap_index = 2984, .adv_w = 203, .box_w = 11, .box_h = 13, .ofs_x = 1, .ofs_y = -1},
    {.bitmap_index = 3056, .adv_w = 185, .box_w = 12, .box_h = 13, .ofs_x = 0, .ofs_y = -1},
    {.bitmap_index = 3134, .adv_w = 278, .box_w = 18, .box_h = 13, .ofs_x = 0, .ofs_y = -1},
    {.bitmap_index = 3251, .adv_w = 178, .box_w = 13, .box_h = 13, .ofs_x = -1, .ofs_y = -1},
    {.bitmap_index = 3336, .adv_w = 166, .box_w = 11, .box_h = 13, .ofs_x = 0, .ofs_y = -1},
    {.bitmap_index = 3408, .adv_w = 169, .box_w = 11, .box_h = 13, .ofs_x = 0, .ofs_y = -1},
    {.bitmap_index = 3480, .adv_w = 96, .box_w = 5, .box_h = 17, .ofs_x = 1, .ofs_y = -4},
    {.bitmap_index = 3523, .adv_w = 117, .box_w = 8, .box_h = 14, .ofs_x = 0, .ofs_y = -1},
    {.bitmap_index = 3579, .adv_w = 96, .box_w = 5, .box_h = 17, .ofs_x = 0, .ofs_y = -4},
    {.bitmap_index = 3622, .adv_w = 200, .box_w = 10, .box_h = 9, .ofs_x = 1, .ofs_y = 4},
    {.bitmap_index = 3667, .adv_w = 120, .box_w = 9, .box_h = 1, .ofs_x = -1, .ofs_y = -3},
    {.bitmap_index = 3672, .adv_w = 83, .box_w = 5, .box_h = 3, .ofs_x = 0, .ofs_y = 10},
    {.bitmap_index = 3680, .adv_w = 150, .box_w = 9, .box_h = 10, .ofs_x = 0, .ofs_y = -1},
    {.bitmap_index = 3725, .adv_w = 174, .box_w = 10, .box_h = 14, .ofs_x = 1, .ofs_y = -1},
    {.bitmap_index = 3795, .adv_w = 135, .box_w = 9, .box_h = 10, .ofs_x = 0, .ofs_y = -1},
    {.bitmap_index = 3840, .adv_w = 174, .box_w = 10, .box_h = 14, .ofs_x = 0, .ofs_y = -1},
    {.bitmap_index = 3910, .adv_w = 153, .box_w = 9, .box_h = 10, .ofs_x = 0, .ofs_y = -1},
    {.bitmap_index = 3955, .adv_w = 99, .box_w = 7, .box_h = 14, .ofs_x = 0, .ofs_y = -1},
    {.bitmap_index = 4004, .adv_w = 174, .box_w = 10, .box_h = 13, .ofs_x = 0, .ofs_y = -4},
    {.bitmap_index = 4069, .adv_w = 168, .box_w = 9, .box_h = 14, .ofs_x = 1, .ofs_y = -1},
    {.bitmap_index = 4132, .adv_w = 75, .box_w = 3, .box_h = 14, .ofs_x = 1, .ofs_y = -1},
    {.bitmap_index = 4153, .adv_w = 75, .box_w = 5, .box_h = 17, .ofs_x = -1, .ofs_y = -4},
    {.bitmap_index = 4196, .adv_w = 151, .box_w = 9, .box_h = 14, .ofs_x = 1, .ofs_y = -1},
    {.bitmap_index = 4259, .adv_w = 75, .box_w = 3, .box_h = 14, .ofs_x = 1, .ofs_y = -1},
    {.bitmap_index = 4280, .adv_w = 255, .box_w = 14, .box_h = 10, .ofs_x = 1, .ofs_y = -1},
    {.bitmap_index = 4350, .adv_w = 168, .box_w = 9, .box_h = 10, .ofs_x = 1, .ofs_y = -1},
    {.bitmap_index = 4395, .adv_w = 172, .box_w = 10, .box_h = 10, .ofs_x = 0, .ofs_y = -1},
    {.bitmap_index = 4445, .adv_w = 174, .box_w = 10, .box_h = 13, .ofs_x = 1, .ofs_y = -4},
    {.bitmap_index = 4510, .adv_w = 174, .box_w = 10, .box_h = 13, .ofs_x = 0, .ofs_y = -4},
    {.bitmap_index = 4575, .adv_w = 107, .box_w = 6, .box_h = 11, .ofs_x = 1, .ofs_y = -1},
    {.bitmap_index = 4608, .adv_w = 124, .box_w = 8, .box_h = 10, .ofs_x = 0, .ofs_y = -1},
    {.bitmap_index = 4648, .adv_w = 104, .box_w = 7, .box_h = 12, .ofs_x = 0, .ofs_y = -1},
    {.bitmap_index = 4690, .adv_w = 168, .box_w = 9, .box_h = 10, .ofs_x = 1, .ofs_y = -1},
    {.bitmap_index = 4735, .adv_w = 146, .box_w = 10, .box_h = 10, .ofs_x = 0, .ofs_y = -1},
    {.bitmap_index = 4785, .adv_w = 218, .box_w = 14, .box_h = 10, .ofs_x = 0, .ofs_y = -1},
    {.bitmap_index = 4855, .adv_w = 144, .box_w = 9, .box_h = 10, .ofs_x = 0, .ofs_y = -1},
    {.bitmap_index = 4900, .adv_w = 146, .box_w = 11, .box_h = 13, .ofs_x = -1, .ofs_y = -4},
    {.bitmap_index = 4972, .adv_w = 134, .box_w = 9, .box_h = 10, .ofs_x = 0, .ofs_y = -1},
    {.bitmap_index = 5017, .adv_w = 96, .box_w = 6, .box_h = 17, .ofs_x = 0, .ofs_y = -4},
    {.bitmap_index = 5068, .adv_w = 80, .box_w = 3, .box_h = 17, .ofs_x = 1, .ofs_y = -4},
    {.bitmap_index = 5094, .adv_w = 96, .box_w = 6, .box_h = 17, .ofs_x = 0, .ofs_y = -4},
    {.bitmap_index = 5145, .adv_w = 200, .box_w = 10, .box_h = 3, .ofs_x = 1, .ofs_y = 4},
    {.bitmap_index = 5160, .adv_w = 288, .box_w = 14, .box_h = 18, .ofs_x = 2, .ofs_y = -3},
    {.bitmap_index = 5286, .adv_w = 288, .box_w = 17, .box_h = 18, .ofs_x = 0, .ofs_y = -3},
    {.bitmap_index = 5439, .adv_w = 288, .box_w = 16, .box_h = 19, .ofs_x = 1, .ofs_y = -4},
    {.bitmap_index = 5591, .adv_w = 288, .box_w = 18, .box_h = 17, .ofs_x = 0, .ofs_y = -3},
    {.bitmap_index = 5744, .adv_w = 288, .box_w = 18, .box_h = 18, .ofs_x = 0, .ofs_y = -3},
    {.bitmap_index = 5906, .adv_w = 288, .box_w = 18, .box_h = 17, .ofs_x = 0, .ofs_y = -3},
    {.bitmap_index = 6059, .adv_w = 288, .box_w = 17, .box_h = 17, .ofs_x = 0, .ofs_y = -3},
    {.bitmap_index = 6204, .adv_w = 288, .box_w = 17, .box_h = 17, .ofs_x = 1, .ofs_y = -3},
    {.bitmap_index = 6349, .adv_w = 288, .box_w = 16, .box_h = 17, .ofs_x = 0, .ofs_y = -3},
    {.bitmap_index = 6485, .adv_w = 288, .box_w = 16, .box_h = 17, .ofs_x = 1, .ofs_y = -3},
    {.bitmap_index = 6621, .adv_w = 288, .box_w = 14, .box_h = 15, .ofs_x = 2, .ofs_y = -2},
    {.bitmap_index = 6726, .adv_w = 288, .box_w = 18, .box_h = 17, .ofs_x = 0, .ofs_y = -3},
    {.bitmap_index = 6879, .adv_w = 288, .box_w = 18, .box_h = 17, .ofs_x = 0, .ofs_y = -3},
    {.bitmap_index = 7032, .adv_w = 288, .box_w = 18, .box_h = 18, .ofs_x = 0, .ofs_y = -3},
    {.bitmap_index = 7194, .adv_w = 288, .box_w = 17, .box_h = 18, .ofs_x = 0, .ofs_y = -3},
    {.bitmap_index = 7347, .adv_w = 288, .box_w = 18, .box_h = 18, .ofs_x = 0, .ofs_y = -3},
    {.bitmap_index = 7509, .adv_w = 288, .box_w = 18, .box_h = 18, .ofs_x = 0, .ofs_y = -3},
    {.bitmap_index = 7671, .adv_w = 288, .box_w = 17, .box_h = 18, .ofs_x = 1, .ofs_y = -3},
    {.bitmap_index = 7824, .adv_w = 288, .box_w = 13, .box_h = 15, .ofs_x = 2, .ofs_y = -2},
    {.bitmap_index = 7922, .adv_w = 288, .box_w = 17, .box_h = 17, .ofs_x = 1, .ofs_y = -3},
    {.bitmap_index = 8067, .adv_w = 288, .box_w = 17, .box_h = 17, .ofs_x = 0, .ofs_y = -3},
    {.bitmap_index = 8212, .adv_w = 288, .box_w = 17, .box_h = 17, .ofs_x = 0, .ofs_y = -3},
    {.bitmap_index = 8357, .adv_w = 288, .box_w = 19, .box_h = 18, .ofs_x = -1, .ofs_y = -4},
    {.bitmap_index = 8528, .adv_w = 288, .box_w = 16, .box_h = 16, .ofs_x = 1, .ofs_y = -2},
    {.bitmap_index = 8656, .adv_w = 288, .box_w = 16, .box_h = 17, .ofs_x = 1, .ofs_y = -3},
    {.bitmap_index = 8792, .adv_w = 288, .box_w = 18, .box_h = 17, .ofs_x = 0, .ofs_y = -3},
    {.bitmap_index = 8945, .adv_w = 288, .box_w = 18, .box_h = 17, .ofs_x = 0, .ofs_y = -3},
    {.bitmap_index = 9098, .adv_w = 288, .box_w = 17, .box_h = 19, .ofs_x = 0, .ofs_y = -4},
    {.bitmap_index = 9260, .adv_w = 288, .box_w = 17, .box_h = 19, .ofs_x = 0, .ofs_y = -4},
    {.bitmap_index = 9422, .adv_w = 288, .box_w = 13, .box_h = 17, .ofs_x = 3, .ofs_y = -3},
    {.bitmap_index = 9533, .adv_w = 288, .box_w = 18, .box_h = 18, .ofs_x = 0, .ofs_y = -3},
    {.bitmap_index = 9695, .adv_w = 288, .box_w = 18, .box_h = 17, .ofs_x = 0, .ofs_y = -3},
    {.bitmap_index = 9848, .adv_w = 288, .box_w = 18, .box_h = 18, .ofs_x = 0, .ofs_y = -4},
    {.bitmap_index = 10010, .adv_w = 288, .box_w = 18, .box_h = 17, .ofs_x = 0, .ofs_y = -3},
    {.bitmap_index = 10163, .adv_w = 288, .box_w = 18, .box_h = 17, .ofs_x = 0, .ofs_y = -3},
    {.bitmap_index = 10316, .adv_w = 288, .box_w = 18, .box_h = 17, .ofs_x = 0, .ofs_y = -3},
    {.bitmap_index = 10469, .adv_w = 288, .box_w = 18, .box_h = 17, .ofs_x = 0, .ofs_y = -3},
    {.bitmap_index = 10622, .adv_w = 288, .box_w = 16, .box_h = 18, .ofs_x = 1, .ofs_y = -3},
    {.bitmap_index = 10766, .adv_w = 288, .box_w = 16, .box_h = 16, .ofs_x = 1, .ofs_y = -3},
    {.bitmap_index = 10894, .adv_w = 288, .box_w = 19, .box_h = 19, .ofs_x = 0, .ofs_y = -3},
    {.bitmap_index = 11075, .adv_w = 288, .box_w = 18, .box_h = 14, .ofs_x = 0, .ofs_y = 0},
    {.bitmap_index = 11201, .adv_w = 288, .box_w = 18, .box_h = 17, .ofs_x = 0, .ofs_y = -2},
    {.bitmap_index = 11354, .adv_w = 288, .box_w = 18, .box_h = 14, .ofs_x = 0, .ofs_y = 0},
    {.bitmap_index = 11480, .adv_w = 198, .box_w = 13, .box_h = 13, .ofs_x = 0, .ofs_y = 0},
    {.bitmap_index = 11565, .adv_w = 288, .box_w = 19, .box_h = 18, .ofs_x = 0, .ofs_y = -2},
    {.bitmap_index = 11736, .adv_w = 288, .box_w = 18, .box_h = 19, .ofs_x = 0, .ofs_y = -3},
    {.bitmap_index = 11907, .adv_w = 324, .box_w = 21, .box_h = 17, .ofs_x = 0, .ofs_y = -2},
    {.bitmap_index = 12086, .adv_w = 288, .box_w = 18, .box_h = 19, .ofs_x = 0, .ofs_y = -3},
    {.bitmap_index = 12257, .adv_w = 324, .box_w = 21, .box_h = 14, .ofs_x = 0, .ofs_y = 0},
    {.bitmap_index = 12404, .adv_w = 288, .box_w = 18, .box_h = 19, .ofs_x = 0, .ofs_y = -3},
    {.bitmap_index = 12575, .adv_w = 144, .box_w = 9, .box_h = 15, .ofs_x = 0, .ofs_y = -1},
    {.bitmap_index = 12643, .adv_w = 216, .box_w = 14, .box_h = 15, .ofs_x = 0, .ofs_y = -1},
    {.bitmap_index = 12748, .adv_w = 324, .box_w = 21, .box_h = 18, .ofs_x = 0, .ofs_y = -2},
    {.bitmap_index = 12937, .adv_w = 288, .box_w = 18, .box_h = 14, .ofs_x = 0, .ofs_y = 0},
    {.bitmap_index = 13063, .adv_w = 198, .box_w = 13, .box_h = 19, .ofs_x = 0, .ofs_y = -3},
    {.bitmap_index = 13187, .adv_w = 252, .box_w = 12, .box_h = 17, .ofs_x = 2, .ofs_y = -2},
    {.bitmap_index = 13289, .adv_w = 252, .box_w = 16, .box_h = 19, .ofs_x = 0, .ofs_y = -3},
    {.bitmap_index = 13441, .adv_w = 252, .box_w = 16, .box_h = 17, .ofs_x = 0, .ofs_y = -2},
    {.bitmap_index = 13577, .adv_w = 252, .box_w = 16, .box_h = 17, .ofs_x = 0, .ofs_y = -2},
    {.bitmap_index = 13713, .adv_w = 252, .box_w = 12, .box_h = 17, .ofs_x = 2, .ofs_y = -2},
    {.bitmap_index = 13815, .adv_w = 252, .box_w = 18, .box_h = 17, .ofs_x = -1, .ofs_y = -2},
    {.bitmap_index = 13968, .adv_w = 180, .box_w = 11, .box_h = 16, .ofs_x = 0, .ofs_y = -1},
    {.bitmap_index = 14056, .adv_w = 180, .box_w = 11, .box_h = 16, .ofs_x = 0, .ofs_y = -1},
    {.bitmap_index = 14144, .adv_w = 252, .box_w = 16, .box_h = 17, .ofs_x = 0, .ofs_y = -2},
    {.bitmap_index = 14280, .adv_w = 252, .box_w = 16, .box_h = 4, .ofs_x = 0, .ofs_y = 5},
    {.bitmap_index = 14312, .adv_w = 324, .box_w = 21, .box_h = 14, .ofs_x = 0, .ofs_y = 0},
    {.bitmap_index = 14459, .adv_w = 360, .box_w = 23, .box_h = 19, .ofs_x = 0, .ofs_y = -3},
    {.bitmap_index = 14678, .adv_w = 324, .box_w = 22, .box_h = 19, .ofs_x = -1, .ofs_y = -3},
    {.bitmap_index = 14887, .adv_w = 288, .box_w = 18, .box_h = 17, .ofs_x = 0, .ofs_y = -2},
    {.bitmap_index = 15040, .adv_w = 252, .box_w = 16, .box_h = 10, .ofs_x = 0, .ofs_y = 2},
    {.bitmap_index = 15120, .adv_w = 252, .box_w = 16, .box_h = 10, .ofs_x = 0, .ofs_y = 2},
    {.bitmap_index = 15200, .adv_w = 360, .box_w = 24, .box_h = 15, .ofs_x = -1, .ofs_y = -1},
    {.bitmap_index = 15380, .adv_w = 288, .box_w = 18, .box_h = 14, .ofs_x = 0, .ofs_y = 0},
    {.bitmap_index = 15506, .adv_w = 288, .box_w = 18, .box_h = 19, .ofs_x = 0, .ofs_y = -3},
    {.bitmap_index = 15677, .adv_w = 288, .box_w = 19, .box_h = 19, .ofs_x = -1, .ofs_y = -3},
    {.bitmap_index = 15858, .adv_w = 252, .box_w = 16, .box_h = 17, .ofs_x = 0, .ofs_y = -2},
    {.bitmap_index = 15994, .adv_w = 252, .box_w = 16, .box_h = 19, .ofs_x = 0, .ofs_y = -3},
    {.bitmap_index = 16146, .adv_w = 252, .box_w = 16, .box_h = 17, .ofs_x = 0, .ofs_y = -2},
    {.bitmap_index = 16282, .adv_w = 252, .box_w = 16, .box_h = 15, .ofs_x = 0, .ofs_y = -1},
    {.bitmap_index = 16402, .adv_w = 288, .box_w = 18, .box_h = 14, .ofs_x = 0, .ofs_y = 0},
    {.bitmap_index = 16528, .adv_w = 180, .box_w = 13, .box_h = 19, .ofs_x = -1, .ofs_y = -3},
    {.bitmap_index = 16652, .adv_w = 252, .box_w = 16, .box_h = 19, .ofs_x = 0, .ofs_y = -3},
    {.bitmap_index = 16804, .adv_w = 252, .box_w = 16, .box_h = 19, .ofs_x = 0, .ofs_y = -3},
    {.bitmap_index = 16956, .adv_w = 324, .box_w = 21, .box_h = 14, .ofs_x = 0, .ofs_y = 0},
    {.bitmap_index = 17103, .adv_w = 288, .box_w = 20, .box_h = 20, .ofs_x = -1, .ofs_y = -3},
    {.bitmap_index = 17303, .adv_w = 216, .box_w = 14, .box_h = 19, .ofs_x = 0, .ofs_y = -3},
    {.bitmap_index = 17436, .adv_w = 360, .box_w = 23, .box_h = 18, .ofs_x = 0, .ofs_y = -2},
    {.bitmap_index = 17643, .adv_w = 360, .box_w = 23, .box_h = 12, .ofs_x = 0, .ofs_y = 1},
    {.bitmap_index = 17781, .adv_w = 360, .box_w = 23, .box_h = 12, .ofs_x = 0, .ofs_y = 1},
    {.bitmap_index = 17919, .adv_w = 360, .box_w = 23, .box_h = 12, .ofs_x = 0, .ofs_y = 1},
    {.bitmap_index = 18057, .adv_w = 360, .box_w = 23, .box_h = 12, .ofs_x = 0, .ofs_y = 1},
    {.bitmap_index = 18195, .adv_w = 360, .box_w = 23, .box_h = 12, .ofs_x = 0, .ofs_y = 1},
    {.bitmap_index = 18333, .adv_w = 360, .box_w = 23, .box_h = 15, .ofs_x = 0, .ofs_y = -1},
    {.bitmap_index = 18506, .adv_w = 252, .box_w = 14, .box_h = 19, .ofs_x = 1, .ofs_y = -3},
    {.bitmap_index = 18639, .adv_w = 252, .box_w = 16, .box_h = 19, .ofs_x = 0, .ofs_y = -3},
    {.bitmap_index = 18791, .adv_w = 288, .box_w = 19, .box_h = 19, .ofs_x = -1, .ofs_y = -3},
    {.bitmap_index = 18972, .adv_w = 360, .box_w = 23, .box_h = 14, .ofs_x = 0, .ofs_y = 0},
    {.bitmap_index = 19133, .adv_w = 216, .box_w = 14, .box_h = 19, .ofs_x = 0, .ofs_y = -3},
    {.bitmap_index = 19266, .adv_w = 290, .box_w = 19, .box_h = 12, .ofs_x = 0, .ofs_y = 1}
};

/*---------------------
 *  CHARACTER MAPPING
 *--------------------*/

static const uint16_t unicode_list_1[] = {
    0x0, 0x7a, 0x81, 0x8d, 0x126, 0x3d9, 0x47b, 0x5ca,
    0x5e0, 0x694, 0x8b1, 0xafd, 0xe22, 0x1079, 0x11aa, 0x1242,
    0x1578, 0x175a, 0x17b8, 0x17c9, 0x1811, 0x18f2, 0x19da, 0x26f2,
    0x2b0d, 0x2ba5, 0x2bc3, 0x2d53, 0x30e9, 0x33bd, 0x34c4, 0x3d77,
    0x3d94, 0x41a7, 0x41b1, 0x41f3, 0x4672, 0x47c7, 0x4806, 0xa1d4,
    0xa1db, 0xa1de, 0xa1df, 0xa1e0, 0xa1e4, 0xa1e6, 0xa1e8, 0xa1ec,
    0xa1ef, 0xa1f4, 0xa1f9, 0xa1fa, 0xa1fb, 0xa211, 0xa216, 0xa21b,
    0xa21e, 0xa21f, 0xa220, 0xa224, 0xa225, 0xa226, 0xa227, 0xa23a,
    0xa23b, 0xa241, 0xa243, 0xa244, 0xa247, 0xa24a, 0xa24b, 0xa24c,
    0xa24e, 0xa266, 0xa268, 0xa297, 0xa298, 0xa29a, 0xa29c, 0xa2b3,
    0xa2ba, 0xa2bd, 0xa2c6, 0xa2ef, 0xa2f7, 0xa32e, 0xa3be, 0xa413,
    0xa414, 0xa415, 0xa416, 0xa417, 0xa45a, 0xa466, 0xa4c0, 0xa4d7,
    0xa72d, 0xa995, 0xaa75
};

/*Collect the unicode lists and glyph_id offsets*/
static const lv_font_fmt_txt_cmap_t cmaps[] =
{
    {
        .range_start = 32, .range_length = 95, .glyph_id_start = 1,
        .unicode_list = NULL, .glyph_id_ofs_list = NULL, .list_length = 0, .type = LV_FONT_FMT_TXT_CMAP_FORMAT0_TINY
    },
    {
        .range_start = 20013, .range_length = 43638, .glyph_id_start = 96,
        .unicode_list = unicode_list_1, .glyph_id_ofs_list = NULL, .list_length = 99, .type = LV_FONT_FMT_TXT_CMAP_SPARSE_TINY
    }
};



/*--------------------
 *  ALL CUSTOM DATA
 *--------------------*/

#if LVGL_VERSION_MAJOR == 8
/*Store all the custom data of the font*/
static  lv_font_fmt_txt_glyph_cache_t cache;
#endif

#if LVGL_VERSION_MAJOR >= 8
static const lv_font_fmt_txt_dsc_t font_dsc = {
#else
static lv_font_fmt_txt_dsc_t font_dsc = {
#endif
    .glyph_bitmap = glyph_bitmap,
    .glyph_dsc = glyph_dsc,
    .cmaps = cmaps,
    .kern_dsc = NULL,
    .kern_scale = 0,
    .cmap_num = 2,
    .bpp = 4,
    .kern_classes = 0,
    .bitmap_format = 0,
#if LVGL_VERSION_MAJOR == 8
    .cache = &cache
#endif
};



/*-----------------
 *  PUBLIC FONT
 *----------------*/

/*Initialize a public general font descriptor*/
#if LVGL_VERSION_MAJOR >= 8
const lv_font_t lv_font_Dengb_18 = {
#else
lv_font_t lv_font_Dengb_18 = {
#endif
    .get_glyph_dsc = lv_font_get_glyph_dsc_fmt_txt,    /*Function pointer to get glyph's data*/
    .get_glyph_bitmap = lv_font_get_bitmap_fmt_txt,    /*Function pointer to get glyph's bitmap*/
    .line_height = 18,          /*The maximum line height required by the font*/
    .base_line = 2,             /*Baseline measured from the bottom of the line*/
#if !(LVGL_VERSION_MAJOR == 6 && LVGL_VERSION_MINOR == 0)
    .subpx = LV_FONT_SUBPX_NONE,
#endif
#if LV_VERSION_CHECK(7, 4, 0) || LVGL_VERSION_MAJOR >= 8
    .underline_position = -4,
    .underline_thickness = 1,
#endif
    .dsc = &font_dsc,          /*The custom font data. Will be accessed by `get_glyph_bitmap/dsc` */
#if LV_VERSION_CHECK(8, 2, 0) || LVGL_VERSION_MAJOR >= 9
    .fallback = NULL,
#endif
    .user_data = NULL,
};



#endif /*#if LV_FONT_DENGB_18*/

