/*******************************************************************************
 * Size: 23 px
 * Bpp: 4
 * Opts: undefined
 ******************************************************************************/

#ifdef LV_LVGL_H_INCLUDE_SIMPLE
#include "lvgl.h"
#else
#include "lvgl.h"
#endif

#ifndef LV_FONT_DENGB_23
#define LV_FONT_DENGB_23 1
#endif

#if LV_FONT_DENGB_23

/*-----------------
 *    BITMAPS
 *----------------*/

/*Store the image of the glyphs*/
static LV_ATTRIBUTE_LARGE_CONST const uint8_t glyph_bitmap[] = {
    /* U+0020 " " */

    /* U+0021 "!" */
    0xdf, 0xdd, 0xfd, 0xcf, 0xcc, 0xfc, 0xcf, 0xbb,
    0xfb, 0xbf, 0xaa, 0xfa, 0xaf, 0xa9, 0xf9, 0x9f,
    0x93, 0x63, 0x0, 0x9, 0xa8, 0xef, 0xde, 0xfd,

    /* U+0022 "\"" */
    0x7f, 0xf0, 0xf, 0xf8, 0x6f, 0xf0, 0xf, 0xf7,
    0x5f, 0xf0, 0xe, 0xf6, 0x4f, 0xe0, 0xd, 0xf5,
    0x3e, 0xc0, 0xb, 0xe4,

    /* U+0023 "#" */
    0x0, 0x0, 0x3f, 0x40, 0x0, 0xe9, 0x0, 0x0,
    0x0, 0x6f, 0x10, 0x2, 0xf5, 0x0, 0x0, 0x0,
    0xad, 0x0, 0x6, 0xf1, 0x0, 0x0, 0x0, 0xe9,
    0x0, 0xa, 0xd0, 0x0, 0x2f, 0xff, 0xff, 0xff,
    0xff, 0xff, 0xf1, 0x7, 0x7a, 0xf8, 0x77, 0x8f,
    0xa7, 0x70, 0x0, 0x8, 0xf0, 0x0, 0x4f, 0x30,
    0x0, 0x0, 0xb, 0xc0, 0x0, 0x7f, 0x0, 0x0,
    0x0, 0xe, 0x90, 0x0, 0xad, 0x0, 0x0, 0x12,
    0x3f, 0x72, 0x22, 0xdb, 0x22, 0x0, 0xbf, 0xff,
    0xff, 0xff, 0xff, 0xff, 0x70, 0x35, 0xbf, 0x55,
    0x58, 0xf7, 0x55, 0x20, 0x0, 0xbc, 0x0, 0x7,
    0xf0, 0x0, 0x0, 0x0, 0xe9, 0x0, 0xa, 0xd0,
    0x0, 0x0, 0x2, 0xf5, 0x0, 0xd, 0x90, 0x0,
    0x0, 0x5, 0xf2, 0x0, 0x1f, 0x60, 0x0, 0x0,

    /* U+0024 "$" */
    0x0, 0x0, 0x3, 0xf3, 0x0, 0x0, 0x0, 0x0,
    0x8d, 0xff, 0xfd, 0x80, 0x0, 0x0, 0xdf, 0xfe,
    0xff, 0xff, 0xc0, 0x0, 0x7f, 0xf4, 0x3f, 0x36,
    0xff, 0x60, 0xa, 0xfc, 0x3, 0xf3, 0xd, 0xf8,
    0x0, 0xaf, 0xc0, 0x3f, 0x30, 0x10, 0x0, 0x8,
    0xff, 0x33, 0xf3, 0x0, 0x0, 0x0, 0x1f, 0xff,
    0xbf, 0x50, 0x0, 0x0, 0x0, 0x3e, 0xff, 0xff,
    0xd7, 0x0, 0x0, 0x0, 0x5, 0xaf, 0xff, 0xfd,
    0x10, 0x0, 0x0, 0x3, 0xf5, 0x8f, 0xf9, 0x0,
    0x0, 0x0, 0x3f, 0x30, 0x9f, 0xf0, 0x5, 0x81,
    0x3, 0xf3, 0x5, 0xff, 0x2, 0xff, 0x60, 0x3f,
    0x30, 0x6f, 0xf0, 0xc, 0xfe, 0x33, 0xf3, 0x2e,
    0xfb, 0x0, 0x3f, 0xff, 0xff, 0xff, 0xfe, 0x20,
    0x0, 0x29, 0xef, 0xff, 0xe9, 0x10, 0x0, 0x0,
    0x0, 0x3f, 0x30, 0x0, 0x0, 0x0, 0x0, 0x3,
    0xf3, 0x0, 0x0, 0x0,

    /* U+0025 "%" */
    0x8, 0xfb, 0x0, 0x2, 0xf1, 0x0, 0x2f, 0x9f,
    0x60, 0x8, 0xb0, 0x0, 0x6f, 0xc, 0xa0, 0xe,
    0x60, 0x0, 0x9f, 0xb, 0xc0, 0x4f, 0x0, 0x0,
    0xae, 0xa, 0xd0, 0xaa, 0x0, 0x0, 0xae, 0xb,
    0xd0, 0xf4, 0x0, 0x0, 0x9f, 0xb, 0xc5, 0xe4,
    0xed, 0x20, 0x6f, 0x1d, 0xab, 0x8d, 0xce, 0xa0,
    0x2f, 0xbf, 0x7f, 0x5f, 0x48, 0xe0, 0x7, 0xfa,
    0x7d, 0x4f, 0x37, 0xf1, 0x0, 0x0, 0xd7, 0x5f,
    0x26, 0xf1, 0x0, 0x3, 0xf1, 0x5f, 0x26, 0xf1,
    0x0, 0x8, 0xb0, 0x4f, 0x37, 0xf0, 0x0, 0xe,
    0x50, 0x2f, 0x48, 0xe0, 0x0, 0x4f, 0x0, 0xd,
    0xbd, 0x90, 0x0, 0xaa, 0x0, 0x4, 0xed, 0x10,

    /* U+0026 "&" */
    0x0, 0x0, 0x18, 0xdf, 0xeb, 0x30, 0x0, 0x0,
    0x0, 0x0, 0x1e, 0xfe, 0xbd, 0xff, 0x40, 0x0,
    0x0, 0x0, 0x7, 0xff, 0x10, 0xd, 0xfb, 0x0,
    0x0, 0x0, 0x0, 0x9f, 0xb0, 0x0, 0xaf, 0xc0,
    0x0, 0x0, 0x0, 0x7, 0xfd, 0x0, 0x1e, 0xf9,
    0x0, 0x0, 0x0, 0x0, 0x2f, 0xf5, 0x4d, 0xfd,
    0x10, 0x0, 0x0, 0x0, 0x0, 0xbf, 0xff, 0xfa,
    0x10, 0x0, 0x0, 0x0, 0x1, 0xaf, 0xff, 0xe2,
    0x0, 0x0, 0xbc, 0x50, 0x4, 0xff, 0xea, 0xff,
    0x60, 0x0, 0x1f, 0xf4, 0x0, 0xef, 0xc1, 0x8,
    0xff, 0x40, 0x7, 0xfe, 0x0, 0x6f, 0xf2, 0x0,
    0xa, 0xff, 0x40, 0xef, 0x80, 0x8, 0xff, 0x0,
    0x0, 0xb, 0xff, 0xcf, 0xe0, 0x0, 0x7f, 0xf3,
    0x0, 0x0, 0xb, 0xff, 0xf5, 0x0, 0x2, 0xff,
    0xe6, 0x21, 0x38, 0xff, 0xff, 0xd4, 0x12, 0x7,
    0xff, 0xff, 0xff, 0xff, 0xc8, 0xff, 0xff, 0xc0,
    0x4, 0xbe, 0xff, 0xda, 0x50, 0x3, 0xae, 0xfa,

    /* U+0027 "'" */
    0x4f, 0xf3, 0x3f, 0xf2, 0x2f, 0xf1, 0x2f, 0xf0,
    0x1e, 0xe0,

    /* U+0028 "(" */
    0x0, 0x9, 0xfd, 0x0, 0x4, 0xff, 0x30, 0x0,
    0xdf, 0x90, 0x0, 0x7f, 0xf1, 0x0, 0xe, 0xf9,
    0x0, 0x3, 0xff, 0x30, 0x0, 0x7f, 0xf0, 0x0,
    0xb, 0xfb, 0x0, 0x0, 0xdf, 0xa0, 0x0, 0xe,
    0xf8, 0x0, 0x0, 0xff, 0x80, 0x0, 0xe, 0xf8,
    0x0, 0x0, 0xdf, 0xa0, 0x0, 0xb, 0xfb, 0x0,
    0x0, 0x7f, 0xf0, 0x0, 0x3, 0xff, 0x30, 0x0,
    0xe, 0xf9, 0x0, 0x0, 0x7f, 0xf1, 0x0, 0x0,
    0xef, 0x90, 0x0, 0x4, 0xff, 0x30, 0x0, 0x9,
    0xfd, 0x0,

    /* U+0029 ")" */
    0x4f, 0xf3, 0x0, 0x0, 0x9f, 0xe0, 0x0, 0x0,
    0xef, 0x80, 0x0, 0x6, 0xff, 0x10, 0x0, 0xe,
    0xf8, 0x0, 0x0, 0x9f, 0xd0, 0x0, 0x5, 0xff,
    0x10, 0x0, 0x1f, 0xf5, 0x0, 0x0, 0xff, 0x70,
    0x0, 0xe, 0xf8, 0x0, 0x0, 0xdf, 0x90, 0x0,
    0xe, 0xf8, 0x0, 0x0, 0xff, 0x70, 0x0, 0x1f,
    0xf5, 0x0, 0x5, 0xff, 0x20, 0x0, 0x9f, 0xe0,
    0x0, 0xe, 0xf8, 0x0, 0x6, 0xff, 0x10, 0x0,
    0xef, 0x80, 0x0, 0x9f, 0xe0, 0x0, 0x4f, 0xf4,
    0x0, 0x0,

    /* U+002A "*" */
    0x0, 0x0, 0xef, 0x0, 0x0, 0x0, 0x0, 0xee,
    0x0, 0x0, 0x18, 0x20, 0xdc, 0x2, 0x91, 0x6f,
    0xfc, 0xee, 0xcf, 0xf6, 0x15, 0x9d, 0xff, 0xd9,
    0x51, 0x0, 0xb, 0xef, 0xb0, 0x0, 0x0, 0x8f,
    0x77, 0xf7, 0x0, 0x3, 0xfd, 0x0, 0xef, 0x20,
    0x0, 0x54, 0x0, 0x45, 0x0,

    /* U+002B "+" */
    0x0, 0x0, 0x1d, 0xd0, 0x0, 0x0, 0x0, 0x0,
    0x1f, 0xf0, 0x0, 0x0, 0x0, 0x0, 0x1f, 0xf0,
    0x0, 0x0, 0x0, 0x0, 0x1f, 0xf0, 0x0, 0x0,
    0x0, 0x0, 0x1f, 0xf0, 0x0, 0x0, 0xdf, 0xff,
    0xff, 0xff, 0xff, 0xfc, 0xdf, 0xff, 0xff, 0xff,
    0xff, 0xfc, 0x11, 0x11, 0x2f, 0xf1, 0x11, 0x11,
    0x0, 0x0, 0x1f, 0xf0, 0x0, 0x0, 0x0, 0x0,
    0x1f, 0xf0, 0x0, 0x0, 0x0, 0x0, 0x1f, 0xf0,
    0x0, 0x0, 0x0, 0x0, 0x1f, 0xf0, 0x0, 0x0,

    /* U+002C "," */
    0x8f, 0xf2, 0x9f, 0xf2, 0x9f, 0xf2, 0x6, 0xf1,
    0x9, 0xe0, 0x1f, 0x90, 0x38, 0x10,

    /* U+002D "-" */
    0x24, 0x44, 0x44, 0x48, 0xff, 0xff, 0xff, 0x8f,
    0xff, 0xff, 0xf0,

    /* U+002E "." */
    0x9f, 0xf1, 0x9f, 0xf2, 0x9f, 0xf2,

    /* U+002F "/" */
    0x0, 0x0, 0x0, 0x0, 0xff, 0x60, 0x0, 0x0,
    0x0, 0x6f, 0xe0, 0x0, 0x0, 0x0, 0xd, 0xf8,
    0x0, 0x0, 0x0, 0x4, 0xff, 0x20, 0x0, 0x0,
    0x0, 0xbf, 0xb0, 0x0, 0x0, 0x0, 0x2f, 0xf4,
    0x0, 0x0, 0x0, 0x8, 0xfd, 0x0, 0x0, 0x0,
    0x0, 0xef, 0x60, 0x0, 0x0, 0x0, 0x6f, 0xf0,
    0x0, 0x0, 0x0, 0xd, 0xf9, 0x0, 0x0, 0x0,
    0x4, 0xff, 0x20, 0x0, 0x0, 0x0, 0xaf, 0xb0,
    0x0, 0x0, 0x0, 0x1f, 0xf5, 0x0, 0x0, 0x0,
    0x8, 0xfe, 0x0, 0x0, 0x0, 0x0, 0xef, 0x70,
    0x0, 0x0, 0x0, 0x5f, 0xf1, 0x0, 0x0, 0x0,
    0xc, 0xfa, 0x0, 0x0, 0x0, 0x0, 0x88, 0x20,
    0x0, 0x0, 0x0,

    /* U+0030 "0" */
    0x0, 0x3, 0xae, 0xfe, 0x91, 0x0, 0x0, 0x4f,
    0xff, 0xff, 0xfe, 0x20, 0x0, 0xef, 0xd3, 0x15,
    0xff, 0xc0, 0x7, 0xff, 0x30, 0x0, 0x7f, 0xf3,
    0xb, 0xfd, 0x0, 0x0, 0x1f, 0xf7, 0xe, 0xfa,
    0x0, 0x0, 0xe, 0xfa, 0xf, 0xf9, 0x0, 0x0,
    0xd, 0xfc, 0xf, 0xf8, 0x0, 0x0, 0xc, 0xfc,
    0xf, 0xf8, 0x0, 0x0, 0xc, 0xfc, 0xf, 0xf9,
    0x0, 0x0, 0xd, 0xfc, 0xd, 0xfb, 0x0, 0x0,
    0xf, 0xfa, 0xb, 0xfe, 0x0, 0x0, 0x2f, 0xf7,
    0x6, 0xff, 0x30, 0x0, 0x8f, 0xf2, 0x0, 0xef,
    0xd4, 0x26, 0xff, 0xb0, 0x0, 0x4f, 0xff, 0xff,
    0xfe, 0x10, 0x0, 0x3, 0xae, 0xfd, 0x91, 0x0,

    /* U+0031 "1" */
    0x0, 0x1, 0xbf, 0xf4, 0x0, 0x0, 0x6, 0xff,
    0xff, 0x40, 0x0, 0xb, 0xff, 0xbf, 0xf4, 0x0,
    0x0, 0xfc, 0x34, 0xff, 0x40, 0x0, 0x7, 0x0,
    0x4f, 0xf4, 0x0, 0x0, 0x0, 0x4, 0xff, 0x40,
    0x0, 0x0, 0x0, 0x4f, 0xf4, 0x0, 0x0, 0x0,
    0x4, 0xff, 0x40, 0x0, 0x0, 0x0, 0x4f, 0xf4,
    0x0, 0x0, 0x0, 0x4, 0xff, 0x40, 0x0, 0x0,
    0x0, 0x4f, 0xf4, 0x0, 0x0, 0x0, 0x4, 0xff,
    0x40, 0x0, 0x0, 0x0, 0x4f, 0xf4, 0x0, 0x0,
    0x11, 0x15, 0xff, 0x51, 0x11, 0x6f, 0xff, 0xff,
    0xff, 0xff, 0xc6, 0xff, 0xff, 0xff, 0xff, 0xfc,

    /* U+0032 "2" */
    0x0, 0x5b, 0xef, 0xea, 0x30, 0x0, 0x8f, 0xff,
    0xff, 0xff, 0x60, 0x3f, 0xfc, 0x42, 0x6e, 0xff,
    0x19, 0xff, 0x10, 0x0, 0x6f, 0xf5, 0x56, 0x50,
    0x0, 0x3, 0xff, 0x60, 0x0, 0x0, 0x0, 0x7f,
    0xf4, 0x0, 0x0, 0x0, 0x1e, 0xfd, 0x0, 0x0,
    0x0, 0x1d, 0xff, 0x40, 0x0, 0x0, 0x2e, 0xff,
    0x50, 0x0, 0x0, 0x4f, 0xff, 0x40, 0x0, 0x0,
    0x4f, 0xfd, 0x20, 0x0, 0x0, 0x3f, 0xfc, 0x10,
    0x0, 0x0, 0x1e, 0xfd, 0x10, 0x0, 0x0, 0x9,
    0xff, 0x53, 0x33, 0x33, 0x32, 0xff, 0xff, 0xff,
    0xff, 0xff, 0xbf, 0xff, 0xff, 0xff, 0xff, 0xfb,

    /* U+0033 "3" */
    0x0, 0x5, 0xcf, 0xfe, 0xa3, 0x0, 0x0, 0xaf,
    0xff, 0xff, 0xff, 0x50, 0x6, 0xff, 0xb3, 0x26,
    0xff, 0xf0, 0xb, 0xfe, 0x0, 0x0, 0x8f, 0xf3,
    0x3, 0x44, 0x0, 0x0, 0x5f, 0xf3, 0x0, 0x0,
    0x0, 0x0, 0x9f, 0xf0, 0x0, 0x0, 0x12, 0x49,
    0xff, 0x60, 0x0, 0x0, 0x9f, 0xff, 0xb4, 0x0,
    0x0, 0x0, 0x9f, 0xff, 0xfb, 0x20, 0x0, 0x0,
    0x0, 0x15, 0xdf, 0xe1, 0x0, 0x0, 0x0, 0x0,
    0x3f, 0xf8, 0x16, 0x74, 0x0, 0x0, 0xf, 0xfa,
    0xf, 0xfc, 0x0, 0x0, 0x3f, 0xf9, 0xa, 0xff,
    0xa3, 0x25, 0xef, 0xf4, 0x1, 0xdf, 0xff, 0xff,
    0xff, 0x90, 0x0, 0x7, 0xcf, 0xfe, 0xb5, 0x0,

    /* U+0034 "4" */
    0x0, 0x0, 0x0, 0x5f, 0xff, 0x0, 0x0, 0x0,
    0x0, 0xe, 0xff, 0xf0, 0x0, 0x0, 0x0, 0x8,
    0xff, 0xff, 0x0, 0x0, 0x0, 0x2, 0xff, 0xaf,
    0xf0, 0x0, 0x0, 0x0, 0xbf, 0x78, 0xff, 0x0,
    0x0, 0x0, 0x5f, 0xd0, 0x8f, 0xf0, 0x0, 0x0,
    0xe, 0xf4, 0x8, 0xff, 0x0, 0x0, 0x8, 0xfb,
    0x0, 0x8f, 0xf0, 0x0, 0x2, 0xff, 0x20, 0x8,
    0xff, 0x0, 0x0, 0xbf, 0x80, 0x0, 0x8f, 0xf0,
    0x0, 0x5f, 0xe2, 0x11, 0x19, 0xff, 0x11, 0x9,
    0xff, 0xff, 0xff, 0xff, 0xff, 0xf4, 0x9f, 0xff,
    0xff, 0xff, 0xff, 0xff, 0x40, 0x0, 0x0, 0x0,
    0x8f, 0xf0, 0x0, 0x0, 0x0, 0x0, 0x8, 0xff,
    0x0, 0x0, 0x0, 0x0, 0x0, 0x8f, 0xf0, 0x0,

    /* U+0035 "5" */
    0x0, 0xff, 0xff, 0xff, 0xff, 0xe0, 0x1, 0xff,
    0xff, 0xff, 0xff, 0xe0, 0x2, 0xff, 0x52, 0x22,
    0x22, 0x20, 0x3, 0xff, 0x20, 0x0, 0x0, 0x0,
    0x4, 0xff, 0x10, 0x0, 0x0, 0x0, 0x5, 0xff,
    0x5c, 0xef, 0xc5, 0x0, 0x6, 0xff, 0xff, 0xff,
    0xff, 0x80, 0x7, 0xff, 0xc5, 0x36, 0xff, 0xf3,
    0x2, 0x43, 0x0, 0x0, 0x5f, 0xf8, 0x0, 0x0,
    0x0, 0x0, 0xf, 0xfb, 0x0, 0x0, 0x0, 0x0,
    0xe, 0xfc, 0x3, 0x43, 0x0, 0x0, 0xf, 0xfb,
    0xc, 0xfd, 0x0, 0x0, 0x5f, 0xf7, 0x7, 0xff,
    0xb3, 0x26, 0xff, 0xe1, 0x0, 0xbf, 0xff, 0xff,
    0xff, 0x40, 0x0, 0x7, 0xcf, 0xfd, 0x92, 0x0,

    /* U+0036 "6" */
    0x0, 0x7, 0xdf, 0xec, 0x60, 0x0, 0x1d, 0xff,
    0xff, 0xff, 0x90, 0xa, 0xff, 0x61, 0x2a, 0xff,
    0x22, 0xff, 0x50, 0x0, 0x5, 0x20, 0x7f, 0xe0,
    0x0, 0x0, 0x0, 0xa, 0xfb, 0x1a, 0xee, 0xc6,
    0x0, 0xcf, 0xce, 0xff, 0xff, 0xf9, 0xd, 0xff,
    0xd3, 0x3, 0xdf, 0xf3, 0xef, 0xf2, 0x0, 0x2,
    0xff, 0x9d, 0xfe, 0x0, 0x0, 0xd, 0xfc, 0xcf,
    0xe0, 0x0, 0x0, 0xcf, 0xd9, 0xff, 0x10, 0x0,
    0xe, 0xfb, 0x4f, 0xf7, 0x0, 0x3, 0xff, 0x80,
    0xcf, 0xf5, 0x14, 0xdf, 0xf2, 0x2, 0xef, 0xff,
    0xff, 0xf6, 0x0, 0x1, 0x9e, 0xfe, 0xb4, 0x0,

    /* U+0037 "7" */
    0xdf, 0xff, 0xff, 0xff, 0xff, 0xad, 0xff, 0xff,
    0xff, 0xff, 0xfa, 0x23, 0x33, 0x33, 0x34, 0xff,
    0x60, 0x0, 0x0, 0x0, 0xaf, 0xc0, 0x0, 0x0,
    0x0, 0x4f, 0xf3, 0x0, 0x0, 0x0, 0xd, 0xf9,
    0x0, 0x0, 0x0, 0x7, 0xff, 0x10, 0x0, 0x0,
    0x0, 0xef, 0x80, 0x0, 0x0, 0x0, 0x7f, 0xf2,
    0x0, 0x0, 0x0, 0xe, 0xfb, 0x0, 0x0, 0x0,
    0x4, 0xff, 0x50, 0x0, 0x0, 0x0, 0x9f, 0xf1,
    0x0, 0x0, 0x0, 0xd, 0xfd, 0x0, 0x0, 0x0,
    0x0, 0xff, 0xa0, 0x0, 0x0, 0x0, 0x2f, 0xf8,
    0x0, 0x0, 0x0, 0x3, 0xff, 0x70, 0x0, 0x0,

    /* U+0038 "8" */
    0x0, 0x7, 0xcf, 0xfe, 0xb5, 0x0, 0x0, 0xcf,
    0xff, 0xef, 0xff, 0x90, 0x7, 0xff, 0x90, 0x1,
    0xcf, 0xf3, 0xa, 0xff, 0x0, 0x0, 0x5f, 0xf5,
    0x8, 0xff, 0x0, 0x0, 0x5f, 0xf4, 0x2, 0xff,
    0x90, 0x1, 0xcf, 0xd0, 0x0, 0x3d, 0xff, 0xef,
    0xfb, 0x10, 0x0, 0x2a, 0xff, 0xff, 0xf9, 0x10,
    0x3, 0xff, 0xb2, 0x3, 0xdf, 0xe1, 0xb, 0xfe,
    0x0, 0x0, 0x2f, 0xf7, 0xf, 0xfa, 0x0, 0x0,
    0xe, 0xfb, 0xf, 0xfa, 0x0, 0x0, 0xf, 0xfc,
    0xd, 0xfe, 0x0, 0x0, 0x2f, 0xfa, 0x8, 0xff,
    0x90, 0x1, 0xbf, 0xf4, 0x0, 0xcf, 0xff, 0xef,
    0xff, 0x90, 0x0, 0x6, 0xcf, 0xfe, 0xb5, 0x0,

    /* U+0039 "9" */
    0x0, 0x7, 0xcf, 0xfd, 0x81, 0x0, 0x0, 0xcf,
    0xff, 0xff, 0xfd, 0x10, 0x8, 0xff, 0xa2, 0x27,
    0xff, 0xa0, 0xe, 0xfd, 0x0, 0x0, 0x8f, 0xf1,
    0xf, 0xf9, 0x0, 0x0, 0x3f, 0xf5, 0xf, 0xf9,
    0x0, 0x0, 0x1f, 0xf8, 0xe, 0xfd, 0x0, 0x0,
    0x5f, 0xfa, 0x9, 0xff, 0x91, 0x5, 0xef, 0xfa,
    0x1, 0xdf, 0xff, 0xff, 0xde, 0xfa, 0x0, 0x19,
    0xef, 0xe8, 0xf, 0xf9, 0x0, 0x0, 0x0, 0x0,
    0x1f, 0xf7, 0x0, 0x0, 0x0, 0x0, 0x5f, 0xf4,
    0x7, 0xba, 0x0, 0x0, 0xcf, 0xe0, 0x7, 0xff,
    0x82, 0x2a, 0xff, 0x70, 0x0, 0xcf, 0xff, 0xff,
    0xfa, 0x0, 0x0, 0x8, 0xdf, 0xfc, 0x60, 0x0,

    /* U+003A ":" */
    0x9f, 0xf2, 0x9f, 0xf2, 0x7c, 0xc1, 0x0, 0x0,
    0x0, 0x0, 0x0, 0x0, 0x0, 0x0, 0x0, 0x0,
    0x0, 0x0, 0x7c, 0xc1, 0x9f, 0xf2, 0x9f, 0xf2,

    /* U+003B ";" */
    0x9f, 0xf2, 0x9f, 0xf2, 0x7c, 0xc1, 0x0, 0x0,
    0x0, 0x0, 0x0, 0x0, 0x0, 0x0, 0x0, 0x0,
    0x0, 0x0, 0x7c, 0xc1, 0x9f, 0xf2, 0x9f, 0xf2,
    0x6, 0xf1, 0xa, 0xe0, 0x1f, 0x90, 0x38, 0x10,

    /* U+003C "<" */
    0x0, 0x0, 0x0, 0x0, 0x0, 0x69, 0x0, 0x0,
    0x0, 0x2, 0x9f, 0xfc, 0x0, 0x0, 0x6, 0xcf,
    0xff, 0xc5, 0x0, 0x39, 0xff, 0xff, 0x93, 0x0,
    0x5c, 0xff, 0xfd, 0x60, 0x0, 0x0, 0xdf, 0xfa,
    0x30, 0x0, 0x0, 0x0, 0xdf, 0xb3, 0x0, 0x0,
    0x0, 0x0, 0xbf, 0xff, 0xc6, 0x0, 0x0, 0x0,
    0x3, 0xaf, 0xff, 0xf9, 0x20, 0x0, 0x0, 0x1,
    0x6d, 0xff, 0xfc, 0x50, 0x0, 0x0, 0x0, 0x39,
    0xff, 0xfb, 0x0, 0x0, 0x0, 0x0, 0x6, 0xcc,
    0x0, 0x0, 0x0, 0x0, 0x0, 0x1,

    /* U+003D "=" */
    0xdf, 0xff, 0xff, 0xff, 0xff, 0xfc, 0xdf, 0xff,
    0xff, 0xff, 0xff, 0xfc, 0x11, 0x11, 0x11, 0x11,
    0x11, 0x11, 0x0, 0x0, 0x0, 0x0, 0x0, 0x0,
    0x0, 0x0, 0x0, 0x0, 0x0, 0x0, 0x0, 0x0,
    0x0, 0x0, 0x0, 0x0, 0xdf, 0xff, 0xff, 0xff,
    0xff, 0xfc, 0xdf, 0xff, 0xff, 0xff, 0xff, 0xfc,
    0x11, 0x11, 0x11, 0x11, 0x11, 0x11,

    /* U+003E ">" */
    0x95, 0x0, 0x0, 0x0, 0x0, 0x0, 0xdf, 0xe9,
    0x20, 0x0, 0x0, 0x0, 0x5d, 0xff, 0xfc, 0x50,
    0x0, 0x0, 0x0, 0x3a, 0xff, 0xfe, 0x92, 0x0,
    0x0, 0x0, 0x17, 0xdf, 0xff, 0xc5, 0x0, 0x0,
    0x0, 0x4, 0xaf, 0xfc, 0x0, 0x0, 0x0, 0x0,
    0x3b, 0xfc, 0x0, 0x0, 0x0, 0x6d, 0xff, 0xfa,
    0x0, 0x3, 0x9f, 0xff, 0xf9, 0x30, 0x6, 0xcf,
    0xff, 0xc6, 0x0, 0x0, 0xcf, 0xff, 0x93, 0x0,
    0x0, 0x0, 0xcc, 0x60, 0x0, 0x0, 0x0, 0x0,
    0x10, 0x0, 0x0, 0x0, 0x0, 0x0,

    /* U+003F "?" */
    0x0, 0x5c, 0xff, 0xd8, 0x0, 0x7, 0xff, 0xff,
    0xff, 0xd0, 0x2f, 0xfc, 0x43, 0xaf, 0xf7, 0x8f,
    0xf1, 0x0, 0xe, 0xfb, 0x8c, 0x90, 0x0, 0xc,
    0xfb, 0x0, 0x0, 0x0, 0x1f, 0xf9, 0x0, 0x0,
    0x0, 0xaf, 0xf2, 0x0, 0x0, 0xa, 0xff, 0x70,
    0x0, 0x0, 0x9f, 0xf7, 0x0, 0x0, 0x3, 0xff,
    0x70, 0x0, 0x0, 0x7, 0xfd, 0x0, 0x0, 0x0,
    0x3, 0x64, 0x0, 0x0, 0x0, 0x0, 0x0, 0x0,
    0x0, 0x0, 0x8, 0xaa, 0x0, 0x0, 0x0, 0xc,
    0xff, 0x0, 0x0, 0x0, 0xc, 0xff, 0x0, 0x0,

    /* U+0040 "@" */
    0x0, 0x0, 0x0, 0x16, 0xbe, 0xff, 0xeb, 0x71,
    0x0, 0x0, 0x0, 0x0, 0x8, 0xff, 0xeb, 0xaa,
    0xbe, 0xff, 0x60, 0x0, 0x0, 0x1, 0xcf, 0xc4,
    0x0, 0x0, 0x0, 0x5e, 0xf9, 0x0, 0x0, 0x1d,
    0xf7, 0x0, 0x0, 0x0, 0x0, 0x1, 0xcf, 0x60,
    0x0, 0xbf, 0x60, 0x0, 0x0, 0x0, 0x0, 0x0,
    0x1e, 0xf0, 0x5, 0xfa, 0x0, 0x1, 0x9e, 0xfc,
    0x35, 0xfa, 0x7, 0xf6, 0xd, 0xf1, 0x0, 0x3f,
    0xfa, 0x8d, 0xfa, 0xf6, 0x2, 0xfa, 0x3f, 0xa0,
    0x1, 0xff, 0x40, 0x0, 0xbf, 0xf3, 0x0, 0xfc,
    0x7f, 0x50, 0xa, 0xf8, 0x0, 0x0, 0x5f, 0xf0,
    0x0, 0xed, 0xbf, 0x20, 0xf, 0xf1, 0x0, 0x0,
    0x5f, 0xc0, 0x0, 0xec, 0xcf, 0x0, 0x4f, 0xc0,
    0x0, 0x0, 0x8f, 0x80, 0x0, 0xfb, 0xdf, 0x0,
    0x6f, 0xa0, 0x0, 0x0, 0xcf, 0x50, 0x3, 0xf7,
    0xdf, 0x0, 0x6f, 0xb0, 0x0, 0x3, 0xff, 0x20,
    0x9, 0xf3, 0xbf, 0x10, 0x3f, 0xe0, 0x0, 0xd,
    0xef, 0x0, 0x2f, 0xb0, 0x8f, 0x50, 0xd, 0xfa,
    0x34, 0xdb, 0x9f, 0x55, 0xee, 0x20, 0x3f, 0xb0,
    0x2, 0xdf, 0xff, 0xa0, 0x3f, 0xff, 0xc2, 0x0,
    0xc, 0xf4, 0x0, 0x3, 0x42, 0x0, 0x1, 0x42,
    0x0, 0x0, 0x3, 0xfe, 0x30, 0x0, 0x0, 0x0,
    0x0, 0x5, 0x0, 0x0, 0x0, 0x6f, 0xf7, 0x10,
    0x0, 0x0, 0x27, 0xdf, 0x40, 0x0, 0x0, 0x4,
    0xef, 0xfc, 0xba, 0xbe, 0xff, 0xe7, 0x0, 0x0,
    0x0, 0x0, 0x6, 0xae, 0xff, 0xec, 0x94, 0x0,
    0x0, 0x0,

    /* U+0041 "A" */
    0x0, 0x0, 0x1, 0xff, 0xf7, 0x0, 0x0, 0x0,
    0x0, 0x0, 0x7, 0xff, 0xfd, 0x0, 0x0, 0x0,
    0x0, 0x0, 0xd, 0xfe, 0xff, 0x30, 0x0, 0x0,
    0x0, 0x0, 0x2f, 0xf6, 0xef, 0x90, 0x0, 0x0,
    0x0, 0x0, 0x8f, 0xf1, 0x9f, 0xe0, 0x0, 0x0,
    0x0, 0x0, 0xef, 0xb0, 0x4f, 0xf5, 0x0, 0x0,
    0x0, 0x4, 0xff, 0x50, 0xe, 0xfb, 0x0, 0x0,
    0x0, 0xa, 0xff, 0x0, 0x9, 0xff, 0x10, 0x0,
    0x0, 0xf, 0xfa, 0x0, 0x3, 0xff, 0x70, 0x0,
    0x0, 0x6f, 0xf5, 0x11, 0x11, 0xef, 0xc0, 0x0,
    0x0, 0xcf, 0xff, 0xff, 0xff, 0xff, 0xf2, 0x0,
    0x2, 0xff, 0xff, 0xff, 0xff, 0xff, 0xf8, 0x0,
    0x8, 0xff, 0x40, 0x0, 0x0, 0xe, 0xfe, 0x0,
    0xd, 0xfe, 0x0, 0x0, 0x0, 0x8, 0xff, 0x40,
    0x3f, 0xf8, 0x0, 0x0, 0x0, 0x2, 0xff, 0xa0,
    0x9f, 0xf2, 0x0, 0x0, 0x0, 0x0, 0xbf, 0xf0,

    /* U+0042 "B" */
    0xf, 0xff, 0xff, 0xfd, 0x82, 0x0, 0x0, 0xff,
    0xff, 0xff, 0xff, 0xf3, 0x0, 0xf, 0xfb, 0x0,
    0x29, 0xff, 0xd0, 0x0, 0xff, 0xb0, 0x0, 0xc,
    0xff, 0x10, 0xf, 0xfb, 0x0, 0x0, 0xaf, 0xf1,
    0x0, 0xff, 0xb0, 0x0, 0xd, 0xfd, 0x0, 0xf,
    0xfb, 0x0, 0x2a, 0xff, 0x40, 0x0, 0xff, 0xff,
    0xff, 0xfc, 0x40, 0x0, 0xf, 0xff, 0xee, 0xff,
    0xfc, 0x40, 0x0, 0xff, 0xb0, 0x0, 0x3b, 0xff,
    0x50, 0xf, 0xfb, 0x0, 0x0, 0xe, 0xfd, 0x0,
    0xff, 0xb0, 0x0, 0x0, 0xbf, 0xf0, 0xf, 0xfb,
    0x0, 0x0, 0xe, 0xff, 0x0, 0xff, 0xb0, 0x1,
    0x4c, 0xff, 0xa0, 0xf, 0xff, 0xff, 0xff, 0xff,
    0xc1, 0x0, 0xff, 0xff, 0xff, 0xeb, 0x60, 0x0,

    /* U+0043 "C" */
    0x0, 0x3, 0x9d, 0xfe, 0xc7, 0x10, 0x0, 0x7,
    0xff, 0xff, 0xff, 0xfe, 0x30, 0x6, 0xff, 0xf7,
    0x34, 0x9f, 0xfe, 0x0, 0xef, 0xf2, 0x0, 0x0,
    0x7f, 0xf7, 0x5f, 0xf8, 0x0, 0x0, 0x0, 0xa6,
    0x19, 0xff, 0x30, 0x0, 0x0, 0x0, 0x0, 0xcf,
    0xf0, 0x0, 0x0, 0x0, 0x0, 0xd, 0xff, 0x0,
    0x0, 0x0, 0x0, 0x0, 0xdf, 0xf0, 0x0, 0x0,
    0x0, 0x0, 0xb, 0xff, 0x0, 0x0, 0x0, 0x0,
    0x0, 0x9f, 0xf3, 0x0, 0x0, 0x0, 0x0, 0x5,
    0xff, 0x90, 0x0, 0x0, 0xd, 0xa3, 0xe, 0xff,
    0x30, 0x0, 0x8, 0xff, 0x70, 0x5f, 0xff, 0x73,
    0x4a, 0xff, 0xd0, 0x0, 0x6f, 0xff, 0xff, 0xff,
    0xd2, 0x0, 0x0, 0x29, 0xdf, 0xfc, 0x70, 0x0,

    /* U+0044 "D" */
    0xf, 0xff, 0xff, 0xfe, 0xc8, 0x20, 0x0, 0x0,
    0xff, 0xff, 0xff, 0xff, 0xff, 0x90, 0x0, 0xf,
    0xfc, 0x33, 0x35, 0x8f, 0xff, 0xa0, 0x0, 0xff,
    0xb0, 0x0, 0x0, 0x1d, 0xff, 0x50, 0xf, 0xfb,
    0x0, 0x0, 0x0, 0x2f, 0xfc, 0x0, 0xff, 0xb0,
    0x0, 0x0, 0x0, 0xbf, 0xf1, 0xf, 0xfb, 0x0,
    0x0, 0x0, 0x8, 0xff, 0x30, 0xff, 0xb0, 0x0,
    0x0, 0x0, 0x6f, 0xf5, 0xf, 0xfb, 0x0, 0x0,
    0x0, 0x7, 0xff, 0x40, 0xff, 0xb0, 0x0, 0x0,
    0x0, 0x8f, 0xf2, 0xf, 0xfb, 0x0, 0x0, 0x0,
    0xc, 0xff, 0x0, 0xff, 0xb0, 0x0, 0x0, 0x3,
    0xff, 0xa0, 0xf, 0xfb, 0x0, 0x0, 0x2, 0xdf,
    0xf3, 0x0, 0xff, 0xb3, 0x33, 0x48, 0xff, 0xf8,
    0x0, 0xf, 0xff, 0xff, 0xff, 0xff, 0xf7, 0x0,
    0x0, 0xff, 0xff, 0xff, 0xec, 0x82, 0x0, 0x0,

    /* U+0045 "E" */
    0xf, 0xff, 0xff, 0xff, 0xf9, 0x0, 0xff, 0xff,
    0xff, 0xff, 0x90, 0xf, 0xfc, 0x33, 0x33, 0x31,
    0x0, 0xff, 0xb0, 0x0, 0x0, 0x0, 0xf, 0xfb,
    0x0, 0x0, 0x0, 0x0, 0xff, 0xb0, 0x0, 0x0,
    0x0, 0xf, 0xfb, 0x22, 0x22, 0x20, 0x0, 0xff,
    0xff, 0xff, 0xfe, 0x0, 0xf, 0xff, 0xff, 0xff,
    0xe0, 0x0, 0xff, 0xb0, 0x0, 0x0, 0x0, 0xf,
    0xfb, 0x0, 0x0, 0x0, 0x0, 0xff, 0xb0, 0x0,
    0x0, 0x0, 0xf, 0xfb, 0x0, 0x0, 0x0, 0x0,
    0xff, 0xb2, 0x22, 0x22, 0x20, 0xf, 0xff, 0xff,
    0xff, 0xff, 0x0, 0xff, 0xff, 0xff, 0xff, 0xf0,

    /* U+0046 "F" */
    0xf, 0xff, 0xff, 0xff, 0xfc, 0xf, 0xff, 0xff,
    0xff, 0xfc, 0xf, 0xfc, 0x33, 0x33, 0x32, 0xf,
    0xfb, 0x0, 0x0, 0x0, 0xf, 0xfb, 0x0, 0x0,
    0x0, 0xf, 0xfb, 0x0, 0x0, 0x0, 0xf, 0xfb,
    0x0, 0x0, 0x0, 0xf, 0xff, 0xff, 0xff, 0xf8,
    0xf, 0xff, 0xff, 0xff, 0xf8, 0xf, 0xfb, 0x22,
    0x22, 0x21, 0xf, 0xfb, 0x0, 0x0, 0x0, 0xf,
    0xfb, 0x0, 0x0, 0x0, 0xf, 0xfb, 0x0, 0x0,
    0x0, 0xf, 0xfb, 0x0, 0x0, 0x0, 0xf, 0xfb,
    0x0, 0x0, 0x0, 0xf, 0xfb, 0x0, 0x0, 0x0,

    /* U+0047 "G" */
    0x0, 0x1, 0x8d, 0xef, 0xdb, 0x50, 0x0, 0x0,
    0x6f, 0xff, 0xff, 0xff, 0xfc, 0x10, 0x5, 0xff,
    0xf8, 0x43, 0x6c, 0xff, 0xb0, 0xe, 0xff, 0x30,
    0x0, 0x0, 0xbf, 0xf3, 0x5f, 0xf9, 0x0, 0x0,
    0x0, 0x26, 0x10, 0x9f, 0xf3, 0x0, 0x0, 0x0,
    0x0, 0x0, 0xcf, 0xf0, 0x0, 0x0, 0x0, 0x0,
    0x0, 0xdf, 0xf0, 0x0, 0x0, 0x0, 0x0, 0x0,
    0xcf, 0xf0, 0x0, 0xa, 0xff, 0xff, 0xf9, 0xbf,
    0xf0, 0x0, 0xa, 0xff, 0xff, 0xf9, 0x8f, 0xf4,
    0x0, 0x0, 0x0, 0xf, 0xf9, 0x4f, 0xfa, 0x0,
    0x0, 0x0, 0xf, 0xf9, 0xd, 0xff, 0x50, 0x0,
    0x0, 0x2f, 0xf9, 0x3, 0xff, 0xfa, 0x43, 0x49,
    0xff, 0xf6, 0x0, 0x4f, 0xff, 0xff, 0xff, 0xfe,
    0x60, 0x0, 0x1, 0x8c, 0xef, 0xeb, 0x60, 0x0,

    /* U+0048 "H" */
    0xf, 0xfb, 0x0, 0x0, 0x0, 0xb, 0xff, 0xf,
    0xfb, 0x0, 0x0, 0x0, 0xb, 0xff, 0xf, 0xfb,
    0x0, 0x0, 0x0, 0xb, 0xff, 0xf, 0xfb, 0x0,
    0x0, 0x0, 0xb, 0xff, 0xf, 0xfb, 0x0, 0x0,
    0x0, 0xb, 0xff, 0xf, 0xfb, 0x0, 0x0, 0x0,
    0xb, 0xff, 0xf, 0xfc, 0x44, 0x44, 0x44, 0x4c,
    0xff, 0xf, 0xff, 0xff, 0xff, 0xff, 0xff, 0xff,
    0xf, 0xff, 0xff, 0xff, 0xff, 0xff, 0xff, 0xf,
    0xfb, 0x0, 0x0, 0x0, 0xb, 0xff, 0xf, 0xfb,
    0x0, 0x0, 0x0, 0xb, 0xff, 0xf, 0xfb, 0x0,
    0x0, 0x0, 0xb, 0xff, 0xf, 0xfb, 0x0, 0x0,
    0x0, 0xb, 0xff, 0xf, 0xfb, 0x0, 0x0, 0x0,
    0xb, 0xff, 0xf, 0xfb, 0x0, 0x0, 0x0, 0xb,
    0xff, 0xf, 0xfb, 0x0, 0x0, 0x0, 0xb, 0xff,

    /* U+0049 "I" */
    0xf, 0xfb, 0xf, 0xfb, 0xf, 0xfb, 0xf, 0xfb,
    0xf, 0xfb, 0xf, 0xfb, 0xf, 0xfb, 0xf, 0xfb,
    0xf, 0xfb, 0xf, 0xfb, 0xf, 0xfb, 0xf, 0xfb,
    0xf, 0xfb, 0xf, 0xfb, 0xf, 0xfb, 0xf, 0xfb,

    /* U+004A "J" */
    0x0, 0xef, 0xff, 0xf7, 0x0, 0xef, 0xff, 0xf7,
    0x0, 0x23, 0x6f, 0xf7, 0x0, 0x0, 0x4f, 0xf7,
    0x0, 0x0, 0x4f, 0xf7, 0x0, 0x0, 0x4f, 0xf7,
    0x0, 0x0, 0x4f, 0xf7, 0x0, 0x0, 0x4f, 0xf7,
    0x0, 0x0, 0x4f, 0xf7, 0x0, 0x0, 0x4f, 0xf7,
    0x0, 0x0, 0x4f, 0xf7, 0x0, 0x0, 0x5f, 0xf6,
    0x0, 0x0, 0x9f, 0xf4, 0x54, 0x48, 0xff, 0xe0,
    0xaf, 0xff, 0xff, 0x40, 0x8e, 0xff, 0xb3, 0x0,

    /* U+004B "K" */
    0xf, 0xfb, 0x0, 0x0, 0x1e, 0xff, 0x30, 0xf,
    0xfb, 0x0, 0x0, 0xcf, 0xf7, 0x0, 0xf, 0xfb,
    0x0, 0x8, 0xff, 0xa0, 0x0, 0xf, 0xfb, 0x0,
    0x5f, 0xfd, 0x0, 0x0, 0xf, 0xfb, 0x2, 0xff,
    0xf2, 0x0, 0x0, 0xf, 0xfb, 0xc, 0xff, 0x40,
    0x0, 0x0, 0xf, 0xfb, 0x9f, 0xf8, 0x0, 0x0,
    0x0, 0xf, 0xff, 0xff, 0xf9, 0x0, 0x0, 0x0,
    0xf, 0xff, 0xfe, 0xff, 0x40, 0x0, 0x0, 0xf,
    0xff, 0x64, 0xff, 0xd0, 0x0, 0x0, 0xf, 0xfb,
    0x0, 0xaf, 0xf8, 0x0, 0x0, 0xf, 0xfb, 0x0,
    0x1e, 0xff, 0x30, 0x0, 0xf, 0xfb, 0x0, 0x6,
    0xff, 0xd0, 0x0, 0xf, 0xfb, 0x0, 0x0, 0xbf,
    0xf8, 0x0, 0xf, 0xfb, 0x0, 0x0, 0x2f, 0xff,
    0x20, 0xf, 0xfb, 0x0, 0x0, 0x7, 0xff, 0xc0,

    /* U+004C "L" */
    0xf, 0xfb, 0x0, 0x0, 0x0, 0xf, 0xfb, 0x0,
    0x0, 0x0, 0xf, 0xfb, 0x0, 0x0, 0x0, 0xf,
    0xfb, 0x0, 0x0, 0x0, 0xf, 0xfb, 0x0, 0x0,
    0x0, 0xf, 0xfb, 0x0, 0x0, 0x0, 0xf, 0xfb,
    0x0, 0x0, 0x0, 0xf, 0xfb, 0x0, 0x0, 0x0,
    0xf, 0xfb, 0x0, 0x0, 0x0, 0xf, 0xfb, 0x0,
    0x0, 0x0, 0xf, 0xfb, 0x0, 0x0, 0x0, 0xf,
    0xfb, 0x0, 0x0, 0x0, 0xf, 0xfb, 0x0, 0x0,
    0x0, 0xf, 0xfc, 0x33, 0x33, 0x32, 0xf, 0xff,
    0xff, 0xff, 0xfc, 0xf, 0xff, 0xff, 0xff, 0xfc,

    /* U+004D "M" */
    0xf, 0xff, 0xe0, 0x0, 0x0, 0x0, 0x0, 0x9f,
    0xff, 0x40, 0xff, 0xff, 0x40, 0x0, 0x0, 0x0,
    0xf, 0xff, 0xf4, 0xf, 0xff, 0xfb, 0x0, 0x0,
    0x0, 0x6, 0xff, 0xff, 0x40, 0xff, 0xbf, 0xf1,
    0x0, 0x0, 0x0, 0xcf, 0xbf, 0xf4, 0xf, 0xf7,
    0xef, 0x70, 0x0, 0x0, 0x2f, 0xf5, 0xff, 0x40,
    0xff, 0x68, 0xfe, 0x0, 0x0, 0x8, 0xfc, 0x2f,
    0xf4, 0xf, 0xf7, 0x2f, 0xf4, 0x0, 0x0, 0xef,
    0x63, 0xff, 0x40, 0xff, 0x70, 0xbf, 0xb0, 0x0,
    0x5f, 0xf0, 0x3f, 0xf4, 0xf, 0xf7, 0x5, 0xff,
    0x10, 0xb, 0xf9, 0x3, 0xff, 0x40, 0xff, 0x70,
    0xe, 0xf7, 0x1, 0xff, 0x30, 0x3f, 0xf4, 0xf,
    0xf7, 0x0, 0x8f, 0xd0, 0x8f, 0xd0, 0x3, 0xff,
    0x40, 0xff, 0x70, 0x2, 0xff, 0x3d, 0xf7, 0x0,
    0x3f, 0xf4, 0xf, 0xf7, 0x0, 0xc, 0xfc, 0xff,
    0x10, 0x3, 0xff, 0x40, 0xff, 0x70, 0x0, 0x5f,
    0xff, 0xa0, 0x0, 0x3f, 0xf4, 0xf, 0xf7, 0x0,
    0x0, 0xef, 0xf4, 0x0, 0x3, 0xff, 0x40, 0xff,
    0x70, 0x0, 0x8, 0xfe, 0x0, 0x0, 0x3f, 0xf4,

    /* U+004E "N" */
    0xf, 0xff, 0x80, 0x0, 0x0, 0x0, 0xcf, 0xa0,
    0xff, 0xff, 0x20, 0x0, 0x0, 0xc, 0xfa, 0xf,
    0xff, 0xfc, 0x0, 0x0, 0x0, 0xcf, 0xa0, 0xff,
    0xbf, 0xf6, 0x0, 0x0, 0xc, 0xfa, 0xf, 0xf6,
    0xcf, 0xe1, 0x0, 0x0, 0xcf, 0xa0, 0xff, 0x62,
    0xff, 0xa0, 0x0, 0xc, 0xfa, 0xf, 0xf7, 0x8,
    0xff, 0x40, 0x0, 0xcf, 0xa0, 0xff, 0x70, 0xd,
    0xfd, 0x0, 0xc, 0xfa, 0xf, 0xf7, 0x0, 0x4f,
    0xf7, 0x0, 0xcf, 0xa0, 0xff, 0x70, 0x0, 0xaf,
    0xf2, 0xc, 0xfa, 0xf, 0xf7, 0x0, 0x1, 0xff,
    0xb0, 0xcf, 0xa0, 0xff, 0x70, 0x0, 0x7, 0xff,
    0x5c, 0xfa, 0xf, 0xf7, 0x0, 0x0, 0xc, 0xfe,
    0xcf, 0xa0, 0xff, 0x70, 0x0, 0x0, 0x3f, 0xff,
    0xfa, 0xf, 0xf7, 0x0, 0x0, 0x0, 0x9f, 0xff,
    0xa0, 0xff, 0x70, 0x0, 0x0, 0x0, 0xef, 0xfa,

    /* U+004F "O" */
    0x0, 0x0, 0x7b, 0xef, 0xfd, 0x92, 0x0, 0x0,
    0x0, 0x4e, 0xff, 0xff, 0xff, 0xff, 0x90, 0x0,
    0x3, 0xff, 0xfa, 0x53, 0x48, 0xef, 0xf9, 0x0,
    0xe, 0xff, 0x50, 0x0, 0x0, 0x1d, 0xff, 0x40,
    0x5f, 0xf9, 0x0, 0x0, 0x0, 0x3, 0xff, 0xb0,
    0xaf, 0xf3, 0x0, 0x0, 0x0, 0x0, 0xdf, 0xf0,
    0xcf, 0xf0, 0x0, 0x0, 0x0, 0x0, 0x9f, 0xf3,
    0xef, 0xe0, 0x0, 0x0, 0x0, 0x0, 0x8f, 0xf4,
    0xdf, 0xe0, 0x0, 0x0, 0x0, 0x0, 0x8f, 0xf3,
    0xcf, 0xf0, 0x0, 0x0, 0x0, 0x0, 0x9f, 0xf2,
    0x9f, 0xf3, 0x0, 0x0, 0x0, 0x0, 0xdf, 0xf0,
    0x5f, 0xfa, 0x0, 0x0, 0x0, 0x3, 0xff, 0xa0,
    0xd, 0xff, 0x60, 0x0, 0x0, 0x1d, 0xff, 0x30,
    0x3, 0xff, 0xfa, 0x53, 0x48, 0xef, 0xf7, 0x0,
    0x0, 0x4e, 0xff, 0xff, 0xff, 0xff, 0x70, 0x0,
    0x0, 0x0, 0x7b, 0xef, 0xec, 0x82, 0x0, 0x0,

    /* U+0050 "P" */
    0xf, 0xff, 0xff, 0xfd, 0x93, 0x0, 0xf, 0xff,
    0xff, 0xff, 0xff, 0x60, 0xf, 0xfb, 0x0, 0x16,
    0xff, 0xf2, 0xf, 0xfb, 0x0, 0x0, 0x6f, 0xf8,
    0xf, 0xfb, 0x0, 0x0, 0x1f, 0xfa, 0xf, 0xfb,
    0x0, 0x0, 0x2f, 0xfa, 0xf, 0xfb, 0x0, 0x0,
    0x6f, 0xf7, 0xf, 0xfb, 0x0, 0x16, 0xff, 0xe1,
    0xf, 0xff, 0xff, 0xff, 0xff, 0x40, 0xf, 0xff,
    0xff, 0xfd, 0x81, 0x0, 0xf, 0xfb, 0x0, 0x0,
    0x0, 0x0, 0xf, 0xfb, 0x0, 0x0, 0x0, 0x0,
    0xf, 0xfb, 0x0, 0x0, 0x0, 0x0, 0xf, 0xfb,
    0x0, 0x0, 0x0, 0x0, 0xf, 0xfb, 0x0, 0x0,
    0x0, 0x0, 0xf, 0xfb, 0x0, 0x0, 0x0, 0x0,

    /* U+0051 "Q" */
    0x0, 0x0, 0x7b, 0xef, 0xfd, 0x93, 0x0, 0x0,
    0x0, 0x4e, 0xff, 0xff, 0xff, 0xff, 0x90, 0x0,
    0x4, 0xff, 0xfa, 0x53, 0x48, 0xef, 0xfa, 0x0,
    0xe, 0xff, 0x50, 0x0, 0x0, 0x1d, 0xff, 0x50,
    0x5f, 0xf9, 0x0, 0x0, 0x0, 0x3, 0xff, 0xc0,
    0xaf, 0xf2, 0x0, 0x0, 0x0, 0x0, 0xdf, 0xf0,
    0xcf, 0xf0, 0x0, 0x0, 0x0, 0x0, 0x9f, 0xf3,
    0xef, 0xe0, 0x0, 0x0, 0x0, 0x0, 0x8f, 0xf4,
    0xdf, 0xe0, 0x0, 0x0, 0x0, 0x0, 0x8f, 0xf4,
    0xcf, 0xf0, 0x0, 0x0, 0x0, 0x0, 0x9f, 0xf2,
    0x9f, 0xf3, 0x0, 0x0, 0x0, 0x0, 0xdf, 0xf0,
    0x4f, 0xfa, 0x0, 0x0, 0x0, 0x3, 0xff, 0xa0,
    0xc, 0xff, 0x60, 0x0, 0x0, 0x1d, 0xff, 0x20,
    0x2, 0xff, 0xfb, 0x64, 0x59, 0xff, 0xf6, 0x0,
    0x0, 0x3d, 0xff, 0xff, 0xff, 0xfe, 0x50, 0x0,
    0x0, 0x0, 0x5a, 0xdf, 0xfc, 0x50, 0x0, 0x0,
    0x0, 0x0, 0x0, 0xf, 0xfd, 0x0, 0x0, 0x0,
    0x0, 0x0, 0x0, 0x8, 0xff, 0xa2, 0x1, 0x0,
    0x0, 0x0, 0x0, 0x0, 0xdf, 0xff, 0xfa, 0x0,
    0x0, 0x0, 0x0, 0x0, 0x19, 0xdf, 0xe8, 0x0,

    /* U+0052 "R" */
    0xf, 0xff, 0xff, 0xff, 0xc8, 0x10, 0x0, 0xff,
    0xff, 0xff, 0xff, 0xfe, 0x20, 0xf, 0xfb, 0x0,
    0x2, 0x9f, 0xfd, 0x0, 0xff, 0xb0, 0x0, 0x0,
    0xbf, 0xf2, 0xf, 0xfb, 0x0, 0x0, 0x8, 0xff,
    0x30, 0xff, 0xb0, 0x0, 0x0, 0xbf, 0xf1, 0xf,
    0xfb, 0x0, 0x2, 0x9f, 0xfb, 0x0, 0xff, 0xff,
    0xff, 0xff, 0xfc, 0x10, 0xf, 0xff, 0xff, 0xff,
    0xd5, 0x0, 0x0, 0xff, 0xb0, 0xb, 0xff, 0x10,
    0x0, 0xf, 0xfb, 0x0, 0x2f, 0xfa, 0x0, 0x0,
    0xff, 0xb0, 0x0, 0x9f, 0xf4, 0x0, 0xf, 0xfb,
    0x0, 0x1, 0xff, 0xd0, 0x0, 0xff, 0xb0, 0x0,
    0x8, 0xff, 0x70, 0xf, 0xfb, 0x0, 0x0, 0xe,
    0xff, 0x10, 0xff, 0xb0, 0x0, 0x0, 0x6f, 0xfa,

    /* U+0053 "S" */
    0x0, 0x7, 0xdf, 0xfd, 0x92, 0x0, 0x1, 0xdf,
    0xff, 0xff, 0xff, 0x40, 0x8, 0xff, 0x91, 0x15,
    0xff, 0xe0, 0xc, 0xfe, 0x0, 0x0, 0x6f, 0xd3,
    0xd, 0xfd, 0x0, 0x0, 0x0, 0x0, 0xa, 0xff,
    0x60, 0x0, 0x0, 0x0, 0x3, 0xff, 0xfc, 0x71,
    0x0, 0x0, 0x0, 0x5e, 0xff, 0xff, 0xc5, 0x0,
    0x0, 0x0, 0x6b, 0xff, 0xff, 0xa0, 0x0, 0x0,
    0x0, 0x5, 0xef, 0xf5, 0x0, 0x0, 0x0, 0x0,
    0x1f, 0xfa, 0x15, 0x72, 0x0, 0x0, 0xd, 0xfc,
    0x3f, 0xf9, 0x0, 0x0, 0x1f, 0xfa, 0xc, 0xff,
    0x93, 0x24, 0xcf, 0xf5, 0x2, 0xef, 0xff, 0xff,
    0xff, 0xa0, 0x0, 0x18, 0xdf, 0xfe, 0xb5, 0x0,

    /* U+0054 "T" */
    0xbf, 0xff, 0xff, 0xff, 0xff, 0xff, 0x6b, 0xff,
    0xff, 0xff, 0xff, 0xff, 0xf6, 0x23, 0x33, 0x4f,
    0xfb, 0x33, 0x33, 0x10, 0x0, 0x0, 0xff, 0xa0,
    0x0, 0x0, 0x0, 0x0, 0xf, 0xfa, 0x0, 0x0,
    0x0, 0x0, 0x0, 0xff, 0xa0, 0x0, 0x0, 0x0,
    0x0, 0xf, 0xfa, 0x0, 0x0, 0x0, 0x0, 0x0,
    0xff, 0xa0, 0x0, 0x0, 0x0, 0x0, 0xf, 0xfa,
    0x0, 0x0, 0x0, 0x0, 0x0, 0xff, 0xa0, 0x0,
    0x0, 0x0, 0x0, 0xf, 0xfa, 0x0, 0x0, 0x0,
    0x0, 0x0, 0xff, 0xa0, 0x0, 0x0, 0x0, 0x0,
    0xf, 0xfa, 0x0, 0x0, 0x0, 0x0, 0x0, 0xff,
    0xa0, 0x0, 0x0, 0x0, 0x0, 0xf, 0xfa, 0x0,
    0x0, 0x0, 0x0, 0x0, 0xff, 0xa0, 0x0, 0x0,

    /* U+0055 "U" */
    0x5f, 0xf6, 0x0, 0x0, 0x0, 0x3f, 0xf7, 0x5f,
    0xf6, 0x0, 0x0, 0x0, 0x3f, 0xf7, 0x5f, 0xf6,
    0x0, 0x0, 0x0, 0x3f, 0xf7, 0x5f, 0xf6, 0x0,
    0x0, 0x0, 0x3f, 0xf7, 0x5f, 0xf6, 0x0, 0x0,
    0x0, 0x3f, 0xf7, 0x5f, 0xf6, 0x0, 0x0, 0x0,
    0x3f, 0xf7, 0x5f, 0xf6, 0x0, 0x0, 0x0, 0x3f,
    0xf7, 0x5f, 0xf6, 0x0, 0x0, 0x0, 0x3f, 0xf7,
    0x5f, 0xf6, 0x0, 0x0, 0x0, 0x3f, 0xf7, 0x5f,
    0xf6, 0x0, 0x0, 0x0, 0x3f, 0xf7, 0x4f, 0xf8,
    0x0, 0x0, 0x0, 0x5f, 0xf6, 0x2f, 0xfb, 0x0,
    0x0, 0x0, 0x9f, 0xf4, 0xe, 0xff, 0x40, 0x0,
    0x2, 0xff, 0xf0, 0x6, 0xff, 0xf8, 0x43, 0x7e,
    0xff, 0x70, 0x0, 0x9f, 0xff, 0xff, 0xff, 0xf9,
    0x0, 0x0, 0x4, 0xae, 0xff, 0xea, 0x40, 0x0,

    /* U+0056 "V" */
    0xbf, 0xf2, 0x0, 0x0, 0x0, 0x5, 0xff, 0x75,
    0xff, 0x70, 0x0, 0x0, 0x0, 0xbf, 0xf1, 0xf,
    0xfc, 0x0, 0x0, 0x0, 0xf, 0xfb, 0x0, 0x9f,
    0xf2, 0x0, 0x0, 0x5, 0xff, 0x50, 0x3, 0xff,
    0x70, 0x0, 0x0, 0xaf, 0xf0, 0x0, 0xd, 0xfc,
    0x0, 0x0, 0xf, 0xfa, 0x0, 0x0, 0x8f, 0xf1,
    0x0, 0x5, 0xff, 0x40, 0x0, 0x2, 0xff, 0x70,
    0x0, 0xaf, 0xe0, 0x0, 0x0, 0xc, 0xfc, 0x0,
    0xf, 0xf8, 0x0, 0x0, 0x0, 0x6f, 0xf1, 0x5,
    0xff, 0x30, 0x0, 0x0, 0x1, 0xff, 0x70, 0xaf,
    0xd0, 0x0, 0x0, 0x0, 0xb, 0xfb, 0xf, 0xf7,
    0x0, 0x0, 0x0, 0x0, 0x5f, 0xf4, 0xff, 0x10,
    0x0, 0x0, 0x0, 0x0, 0xff, 0xdf, 0xb0, 0x0,
    0x0, 0x0, 0x0, 0x9, 0xff, 0xf6, 0x0, 0x0,
    0x0, 0x0, 0x0, 0x3f, 0xff, 0x0, 0x0, 0x0,

    /* U+0057 "W" */
    0xbf, 0xf1, 0x0, 0x0, 0x5, 0xff, 0x80, 0x0,
    0x0, 0xd, 0xfe, 0x7, 0xff, 0x50, 0x0, 0x0,
    0x9f, 0xfd, 0x0, 0x0, 0x1, 0xff, 0xa0, 0x3f,
    0xf9, 0x0, 0x0, 0xe, 0xff, 0xf1, 0x0, 0x0,
    0x5f, 0xf6, 0x0, 0xef, 0xd0, 0x0, 0x2, 0xfe,
    0xbf, 0x50, 0x0, 0x9, 0xff, 0x10, 0xa, 0xff,
    0x10, 0x0, 0x7f, 0xb8, 0xfa, 0x0, 0x0, 0xdf,
    0xd0, 0x0, 0x6f, 0xf4, 0x0, 0xb, 0xf7, 0x4f,
    0xe0, 0x0, 0x1f, 0xf8, 0x0, 0x1, 0xff, 0x80,
    0x0, 0xff, 0x30, 0xff, 0x30, 0x5, 0xff, 0x40,
    0x0, 0xd, 0xfc, 0x0, 0x4f, 0xe0, 0xc, 0xf7,
    0x0, 0x9f, 0xf0, 0x0, 0x0, 0x9f, 0xf0, 0x9,
    0xfa, 0x0, 0x7f, 0xc0, 0xd, 0xfb, 0x0, 0x0,
    0x4, 0xff, 0x40, 0xdf, 0x60, 0x3, 0xff, 0x1,
    0xff, 0x70, 0x0, 0x0, 0xf, 0xf7, 0x1f, 0xf1,
    0x0, 0xe, 0xf4, 0x5f, 0xf3, 0x0, 0x0, 0x0,
    0xcf, 0xb5, 0xfd, 0x0, 0x0, 0xaf, 0x89, 0xfe,
    0x0, 0x0, 0x0, 0x8, 0xff, 0x9f, 0x80, 0x0,
    0x6, 0xfb, 0xcf, 0xa0, 0x0, 0x0, 0x0, 0x3f,
    0xfe, 0xf4, 0x0, 0x0, 0x1f, 0xff, 0xf5, 0x0,
    0x0, 0x0, 0x0, 0xff, 0xff, 0x0, 0x0, 0x0,
    0xdf, 0xff, 0x10, 0x0, 0x0, 0x0, 0xb, 0xff,
    0xb0, 0x0, 0x0, 0x9, 0xff, 0xd0, 0x0, 0x0,

    /* U+0058 "X" */
    0x3, 0xff, 0xa0, 0x0, 0x0, 0x6, 0xff, 0x70,
    0x0, 0x9f, 0xf4, 0x0, 0x0, 0x1e, 0xfc, 0x0,
    0x0, 0xd, 0xfd, 0x0, 0x0, 0xaf, 0xf3, 0x0,
    0x0, 0x3, 0xff, 0x80, 0x4, 0xff, 0x80, 0x0,
    0x0, 0x0, 0x9f, 0xf3, 0xe, 0xfd, 0x0, 0x0,
    0x0, 0x0, 0xd, 0xfc, 0x9f, 0xf4, 0x0, 0x0,
    0x0, 0x0, 0x3, 0xff, 0xff, 0x90, 0x0, 0x0,
    0x0, 0x0, 0x0, 0xaf, 0xff, 0x10, 0x0, 0x0,
    0x0, 0x0, 0x2, 0xff, 0xff, 0x70, 0x0, 0x0,
    0x0, 0x0, 0xb, 0xfe, 0xcf, 0xf2, 0x0, 0x0,
    0x0, 0x0, 0x6f, 0xf5, 0x2f, 0xfc, 0x0, 0x0,
    0x0, 0x1, 0xff, 0xb0, 0x7, 0xff, 0x60, 0x0,
    0x0, 0xb, 0xff, 0x20, 0x0, 0xdf, 0xf1, 0x0,
    0x0, 0x6f, 0xf7, 0x0, 0x0, 0x3f, 0xfa, 0x0,
    0x1, 0xef, 0xc0, 0x0, 0x0, 0x9, 0xff, 0x40,
    0xb, 0xff, 0x30, 0x0, 0x0, 0x0, 0xef, 0xe0,

    /* U+0059 "Y" */
    0xbf, 0xf3, 0x0, 0x0, 0x0, 0xdf, 0xe0, 0x2f,
    0xfb, 0x0, 0x0, 0x5, 0xff, 0x60, 0x9, 0xff,
    0x30, 0x0, 0xd, 0xfd, 0x0, 0x1, 0xff, 0xb0,
    0x0, 0x6f, 0xf4, 0x0, 0x0, 0x7f, 0xf4, 0x0,
    0xef, 0xb0, 0x0, 0x0, 0xe, 0xfc, 0x7, 0xff,
    0x20, 0x0, 0x0, 0x5, 0xff, 0x5e, 0xf9, 0x0,
    0x0, 0x0, 0x0, 0xcf, 0xff, 0xf1, 0x0, 0x0,
    0x0, 0x0, 0x3f, 0xff, 0x70, 0x0, 0x0, 0x0,
    0x0, 0xc, 0xff, 0x0, 0x0, 0x0, 0x0, 0x0,
    0xb, 0xff, 0x0, 0x0, 0x0, 0x0, 0x0, 0xb,
    0xff, 0x0, 0x0, 0x0, 0x0, 0x0, 0xb, 0xff,
    0x0, 0x0, 0x0, 0x0, 0x0, 0xb, 0xff, 0x0,
    0x0, 0x0, 0x0, 0x0, 0xb, 0xff, 0x0, 0x0,
    0x0, 0x0, 0x0, 0xb, 0xff, 0x0, 0x0, 0x0,

    /* U+005A "Z" */
    0x8, 0xff, 0xff, 0xff, 0xff, 0xff, 0x50, 0x8f,
    0xff, 0xff, 0xff, 0xff, 0xf5, 0x1, 0x33, 0x33,
    0x33, 0x4f, 0xfe, 0x10, 0x0, 0x0, 0x0, 0xa,
    0xff, 0x30, 0x0, 0x0, 0x0, 0x6, 0xff, 0x70,
    0x0, 0x0, 0x0, 0x2, 0xff, 0xc0, 0x0, 0x0,
    0x0, 0x0, 0xdf, 0xe1, 0x0, 0x0, 0x0, 0x0,
    0x9f, 0xf4, 0x0, 0x0, 0x0, 0x0, 0x5f, 0xf9,
    0x0, 0x0, 0x0, 0x0, 0x2f, 0xfc, 0x0, 0x0,
    0x0, 0x0, 0xc, 0xff, 0x20, 0x0, 0x0, 0x0,
    0x8, 0xff, 0x50, 0x0, 0x0, 0x0, 0x4, 0xff,
    0xa0, 0x0, 0x0, 0x0, 0x1, 0xef, 0xe3, 0x33,
    0x33, 0x33, 0x32, 0x6f, 0xff, 0xff, 0xff, 0xff,
    0xff, 0xf6, 0xff, 0xff, 0xff, 0xff, 0xff, 0xff,

    /* U+005B "[" */
    0x4f, 0xff, 0xff, 0x64, 0xff, 0xdd, 0xd5, 0x4f,
    0xf2, 0x0, 0x4, 0xff, 0x20, 0x0, 0x4f, 0xf2,
    0x0, 0x4, 0xff, 0x20, 0x0, 0x4f, 0xf2, 0x0,
    0x4, 0xff, 0x20, 0x0, 0x4f, 0xf2, 0x0, 0x4,
    0xff, 0x20, 0x0, 0x4f, 0xf2, 0x0, 0x4, 0xff,
    0x20, 0x0, 0x4f, 0xf2, 0x0, 0x4, 0xff, 0x20,
    0x0, 0x4f, 0xf2, 0x0, 0x4, 0xff, 0x20, 0x0,
    0x4f, 0xf2, 0x0, 0x4, 0xff, 0x20, 0x0, 0x4f,
    0xf2, 0x0, 0x4, 0xff, 0xdd, 0xd5, 0x4f, 0xff,
    0xff, 0x60,

    /* U+005C "\\" */
    0xcf, 0xb0, 0x0, 0x0, 0x0, 0x6f, 0xf2, 0x0,
    0x0, 0x0, 0xf, 0xf8, 0x0, 0x0, 0x0, 0x9,
    0xfe, 0x0, 0x0, 0x0, 0x3, 0xff, 0x50, 0x0,
    0x0, 0x0, 0xdf, 0xb0, 0x0, 0x0, 0x0, 0x6f,
    0xf2, 0x0, 0x0, 0x0, 0x1f, 0xf8, 0x0, 0x0,
    0x0, 0xa, 0xfe, 0x0, 0x0, 0x0, 0x3, 0xff,
    0x50, 0x0, 0x0, 0x0, 0xdf, 0xb0, 0x0, 0x0,
    0x0, 0x7f, 0xf2, 0x0, 0x0, 0x0, 0x1f, 0xf8,
    0x0, 0x0, 0x0, 0xa, 0xfe, 0x0, 0x0, 0x0,
    0x4, 0xff, 0x50, 0x0, 0x0, 0x0, 0xdf, 0xb0,
    0x0, 0x0, 0x0, 0x7f, 0xf2,

    /* U+005D "]" */
    0xaf, 0xff, 0xff, 0x18, 0xdd, 0xef, 0xf1, 0x0,
    0x5, 0xff, 0x10, 0x0, 0x5f, 0xf1, 0x0, 0x5,
    0xff, 0x10, 0x0, 0x5f, 0xf1, 0x0, 0x5, 0xff,
    0x10, 0x0, 0x5f, 0xf1, 0x0, 0x5, 0xff, 0x10,
    0x0, 0x5f, 0xf1, 0x0, 0x5, 0xff, 0x10, 0x0,
    0x5f, 0xf1, 0x0, 0x5, 0xff, 0x10, 0x0, 0x5f,
    0xf1, 0x0, 0x5, 0xff, 0x10, 0x0, 0x5f, 0xf1,
    0x0, 0x5, 0xff, 0x10, 0x0, 0x5f, 0xf1, 0x0,
    0x5, 0xff, 0x18, 0xdd, 0xef, 0xf1, 0xaf, 0xff,
    0xff, 0x10,

    /* U+005E "^" */
    0x0, 0x0, 0x4, 0x88, 0x40, 0x0, 0x0, 0x0,
    0x0, 0xef, 0xfd, 0x0, 0x0, 0x0, 0x0, 0x5f,
    0xbc, 0xf4, 0x0, 0x0, 0x0, 0xc, 0xf4, 0x6f,
    0xb0, 0x0, 0x0, 0x3, 0xfd, 0x0, 0xef, 0x20,
    0x0, 0x0, 0xaf, 0x60, 0x8, 0xf9, 0x0, 0x0,
    0x1f, 0xf0, 0x0, 0x1f, 0xf1, 0x0, 0x8, 0xf9,
    0x0, 0x0, 0xaf, 0x70, 0x0, 0xef, 0x20, 0x0,
    0x3, 0xfe, 0x0, 0x6f, 0xb0, 0x0, 0x0, 0xc,
    0xf5, 0xd, 0xf4, 0x0, 0x0, 0x0, 0x5f, 0xc0,

    /* U+005F "_" */
    0x3f, 0xff, 0xff, 0xff, 0xff, 0xa0, 0x11, 0x11,
    0x11, 0x11, 0x11,

    /* U+0060 "`" */
    0x58, 0x70, 0x0, 0x1d, 0xfb, 0x0, 0x0, 0xbf,
    0x80, 0x0, 0x9, 0xf5,

    /* U+0061 "a" */
    0x0, 0x18, 0xdf, 0xfd, 0x70, 0x0, 0xd, 0xff,
    0xdd, 0xff, 0xa0, 0x4, 0xff, 0x60, 0x9, 0xff,
    0x20, 0x0, 0x20, 0x0, 0x3f, 0xf5, 0x0, 0x0,
    0x1, 0x24, 0xff, 0x70, 0x6, 0xdf, 0xff, 0xff,
    0xf7, 0x8, 0xff, 0xc7, 0x56, 0xff, 0x70, 0xff,
    0xd0, 0x0, 0x2f, 0xf7, 0x1f, 0xf9, 0x0, 0x4,
    0xff, 0x70, 0xff, 0xc0, 0x1, 0xcf, 0xf7, 0x9,
    0xff, 0xca, 0xeb, 0xff, 0x70, 0x8, 0xdf, 0xe8,
    0x1f, 0xf7,

    /* U+0062 "b" */
    0x4f, 0xf4, 0x0, 0x0, 0x0, 0x0, 0x4f, 0xf4,
    0x0, 0x0, 0x0, 0x0, 0x4f, 0xf4, 0x0, 0x0,
    0x0, 0x0, 0x4f, 0xf4, 0x0, 0x0, 0x0, 0x0,
    0x4f, 0xf4, 0x0, 0x0, 0x0, 0x0, 0x4f, 0xf4,
    0x4b, 0xef, 0xc6, 0x0, 0x4f, 0xf8, 0xff, 0xef,
    0xff, 0x80, 0x4f, 0xff, 0x80, 0x2, 0xdf, 0xf3,
    0x4f, 0xfc, 0x0, 0x0, 0x4f, 0xf8, 0x4f, 0xf6,
    0x0, 0x0, 0xf, 0xfc, 0x4f, 0xf4, 0x0, 0x0,
    0xd, 0xfd, 0x4f, 0xf4, 0x0, 0x0, 0xd, 0xfd,
    0x4f, 0xf6, 0x0, 0x0, 0xf, 0xfc, 0x4f, 0xfc,
    0x0, 0x0, 0x4f, 0xf8, 0x4f, 0xff, 0x70, 0x2,
    0xdf, 0xf2, 0x5f, 0xf8, 0xff, 0xef, 0xff, 0x70,
    0x5f, 0xf2, 0x4c, 0xff, 0xc5, 0x0,

    /* U+0063 "c" */
    0x0, 0x6, 0xcf, 0xec, 0x60, 0x0, 0x9, 0xff,
    0xff, 0xff, 0x90, 0x4, 0xff, 0x90, 0xa, 0xff,
    0x20, 0xaf, 0xe0, 0x0, 0x2c, 0xa3, 0xe, 0xfa,
    0x0, 0x0, 0x0, 0x0, 0xff, 0x90, 0x0, 0x0,
    0x0, 0xf, 0xf9, 0x0, 0x0, 0x0, 0x0, 0xef,
    0xb0, 0x0, 0x0, 0x0, 0xb, 0xfe, 0x0, 0x3,
    0xfd, 0x40, 0x5f, 0xf9, 0x0, 0xbf, 0xf1, 0x0,
    0xaf, 0xff, 0xff, 0xf7, 0x0, 0x0, 0x6d, 0xfe,
    0xc5, 0x0,

    /* U+0064 "d" */
    0x0, 0x0, 0x0, 0x0, 0x7, 0xff, 0x20, 0x0,
    0x0, 0x0, 0x0, 0x7f, 0xf2, 0x0, 0x0, 0x0,
    0x0, 0x7, 0xff, 0x20, 0x0, 0x0, 0x0, 0x0,
    0x7f, 0xf2, 0x0, 0x0, 0x0, 0x0, 0x7, 0xff,
    0x20, 0x0, 0x6c, 0xff, 0xb3, 0x6f, 0xf2, 0x0,
    0x9f, 0xff, 0xff, 0xf9, 0xff, 0x20, 0x4f, 0xfc,
    0x20, 0x1a, 0xff, 0xf2, 0xa, 0xff, 0x10, 0x0,
    0xe, 0xff, 0x20, 0xef, 0xc0, 0x0, 0x0, 0x9f,
    0xf2, 0xf, 0xfa, 0x0, 0x0, 0x7, 0xff, 0x20,
    0xff, 0xa0, 0x0, 0x0, 0x6f, 0xf2, 0xe, 0xfc,
    0x0, 0x0, 0x8, 0xff, 0x20, 0xbf, 0xf0, 0x0,
    0x0, 0xdf, 0xf2, 0x5, 0xff, 0x90, 0x0, 0x7f,
    0xff, 0x20, 0xa, 0xff, 0xdb, 0xdf, 0x9f, 0xf3,
    0x0, 0x7, 0xdf, 0xfb, 0x35, 0xff, 0x30,

    /* U+0065 "e" */
    0x0, 0x4, 0xbe, 0xfd, 0x81, 0x0, 0x0, 0x8f,
    0xff, 0xdf, 0xfd, 0x10, 0x4, 0xff, 0xa0, 0x3,
    0xff, 0x90, 0xa, 0xff, 0x10, 0x0, 0x9f, 0xf0,
    0xe, 0xfc, 0x0, 0x0, 0x5f, 0xf3, 0xf, 0xff,
    0xff, 0xff, 0xff, 0xf5, 0xf, 0xfe, 0xaa, 0xaa,
    0xaa, 0xa4, 0xe, 0xfc, 0x0, 0x0, 0x0, 0x0,
    0xa, 0xff, 0x10, 0x0, 0x7, 0x10, 0x3, 0xff,
    0xb1, 0x1, 0xbf, 0xe0, 0x0, 0x8f, 0xff, 0xef,
    0xff, 0x40, 0x0, 0x5, 0xbf, 0xfe, 0xa2, 0x0,

    /* U+0066 "f" */
    0x0, 0x2, 0xbe, 0xfe, 0x10, 0x0, 0xef, 0xfc,
    0xc1, 0x0, 0x4f, 0xf6, 0x0, 0x0, 0x6, 0xff,
    0x30, 0x0, 0x0, 0x6f, 0xf2, 0x0, 0x7, 0xff,
    0xff, 0xff, 0xa0, 0x6e, 0xff, 0xfe, 0xe9, 0x0,
    0x6, 0xff, 0x20, 0x0, 0x0, 0x6f, 0xf2, 0x0,
    0x0, 0x6, 0xff, 0x20, 0x0, 0x0, 0x6f, 0xf2,
    0x0, 0x0, 0x6, 0xff, 0x20, 0x0, 0x0, 0x6f,
    0xf2, 0x0, 0x0, 0x6, 0xff, 0x20, 0x0, 0x0,
    0x6f, 0xf2, 0x0, 0x0, 0x6, 0xff, 0x20, 0x0,
    0x0, 0x6f, 0xf2, 0x0, 0x0,

    /* U+0067 "g" */
    0x0, 0x7, 0xdf, 0xea, 0x24, 0xff, 0x30, 0xa,
    0xff, 0xff, 0xfe, 0x7f, 0xf2, 0x5, 0xff, 0xd3,
    0x1, 0xaf, 0xff, 0x20, 0xbf, 0xf2, 0x0, 0x0,
    0xef, 0xf2, 0xe, 0xfd, 0x0, 0x0, 0x9, 0xff,
    0x20, 0xff, 0xb0, 0x0, 0x0, 0x7f, 0xf2, 0xf,
    0xfb, 0x0, 0x0, 0x7, 0xff, 0x20, 0xef, 0xd0,
    0x0, 0x0, 0x9f, 0xf2, 0xb, 0xff, 0x20, 0x0,
    0xe, 0xff, 0x20, 0x5f, 0xfd, 0x20, 0x1a, 0xff,
    0xf2, 0x0, 0xbf, 0xff, 0xff, 0xe8, 0xff, 0x20,
    0x0, 0x8d, 0xfe, 0xa1, 0x6f, 0xf1, 0x0, 0x2,
    0x0, 0x0, 0xa, 0xfe, 0x0, 0x4f, 0xf9, 0x10,
    0x7, 0xff, 0x80, 0x0, 0xbf, 0xff, 0xff, 0xff,
    0xb0, 0x0, 0x0, 0x6c, 0xef, 0xec, 0x60, 0x0,

    /* U+0068 "h" */
    0x4f, 0xf4, 0x0, 0x0, 0x0, 0x4, 0xff, 0x40,
    0x0, 0x0, 0x0, 0x4f, 0xf4, 0x0, 0x0, 0x0,
    0x4, 0xff, 0x40, 0x0, 0x0, 0x0, 0x4f, 0xf4,
    0x0, 0x0, 0x0, 0x4, 0xff, 0x43, 0xbf, 0xfb,
    0x30, 0x4f, 0xf6, 0xff, 0xff, 0xff, 0x24, 0xff,
    0xeb, 0x54, 0xbf, 0xf8, 0x4f, 0xfd, 0x0, 0x0,
    0xff, 0xc4, 0xff, 0x70, 0x0, 0xc, 0xfd, 0x4f,
    0xf4, 0x0, 0x0, 0xbf, 0xd4, 0xff, 0x40, 0x0,
    0xb, 0xfd, 0x4f, 0xf4, 0x0, 0x0, 0xbf, 0xd4,
    0xff, 0x40, 0x0, 0xb, 0xfd, 0x4f, 0xf4, 0x0,
    0x0, 0xbf, 0xd4, 0xff, 0x40, 0x0, 0xb, 0xfd,
    0x4f, 0xf4, 0x0, 0x0, 0xbf, 0xd0,

    /* U+0069 "i" */
    0x4f, 0xf4, 0x4f, 0xf4, 0x14, 0x41, 0x0, 0x0,
    0x0, 0x0, 0x4f, 0xf4, 0x4f, 0xf4, 0x4f, 0xf4,
    0x4f, 0xf4, 0x4f, 0xf4, 0x4f, 0xf4, 0x4f, 0xf4,
    0x4f, 0xf4, 0x4f, 0xf4, 0x4f, 0xf4, 0x4f, 0xf4,
    0x4f, 0xf4,

    /* U+006A "j" */
    0x0, 0x5f, 0xf4, 0x0, 0x5f, 0xf4, 0x0, 0x14,
    0x41, 0x0, 0x0, 0x0, 0x0, 0x0, 0x0, 0x0,
    0x5f, 0xf4, 0x0, 0x5f, 0xf4, 0x0, 0x5f, 0xf4,
    0x0, 0x5f, 0xf4, 0x0, 0x5f, 0xf4, 0x0, 0x5f,
    0xf4, 0x0, 0x5f, 0xf4, 0x0, 0x5f, 0xf4, 0x0,
    0x5f, 0xf4, 0x0, 0x5f, 0xf4, 0x0, 0x5f, 0xf4,
    0x0, 0x5f, 0xf4, 0x0, 0x5f, 0xf4, 0x0, 0x9f,
    0xf2, 0x5e, 0xff, 0xd0, 0x5f, 0xfc, 0x20,

    /* U+006B "k" */
    0x5f, 0xf4, 0x0, 0x0, 0x0, 0x0, 0x5f, 0xf4,
    0x0, 0x0, 0x0, 0x0, 0x5f, 0xf4, 0x0, 0x0,
    0x0, 0x0, 0x5f, 0xf4, 0x0, 0x0, 0x0, 0x0,
    0x5f, 0xf4, 0x0, 0x0, 0x0, 0x0, 0x5f, 0xf4,
    0x0, 0x8, 0xff, 0x60, 0x5f, 0xf4, 0x0, 0x6f,
    0xf8, 0x0, 0x5f, 0xf4, 0x4, 0xff, 0x90, 0x0,
    0x5f, 0xf4, 0x2e, 0xfb, 0x0, 0x0, 0x5f, 0xf5,
    0xdf, 0xc0, 0x0, 0x0, 0x5f, 0xfe, 0xff, 0xb0,
    0x0, 0x0, 0x5f, 0xff, 0xef, 0xf6, 0x0, 0x0,
    0x5f, 0xf9, 0xd, 0xff, 0x10, 0x0, 0x5f, 0xf4,
    0x3, 0xff, 0xb0, 0x0, 0x5f, 0xf4, 0x0, 0x9f,
    0xf6, 0x0, 0x5f, 0xf4, 0x0, 0xd, 0xff, 0x20,
    0x5f, 0xf4, 0x0, 0x3, 0xff, 0xc0,

    /* U+006C "l" */
    0x4f, 0xf4, 0x4f, 0xf4, 0x4f, 0xf4, 0x4f, 0xf4,
    0x4f, 0xf4, 0x4f, 0xf4, 0x4f, 0xf4, 0x4f, 0xf4,
    0x4f, 0xf4, 0x4f, 0xf4, 0x4f, 0xf4, 0x4f, 0xf4,
    0x4f, 0xf4, 0x4f, 0xf4, 0x4f, 0xf4, 0x4f, 0xf4,
    0x4f, 0xf4,

    /* U+006D "m" */
    0x6f, 0xf1, 0x4c, 0xfe, 0xb2, 0x2, 0xbe, 0xfc,
    0x30, 0x5f, 0xf6, 0xfe, 0xff, 0xfe, 0x2f, 0xfe,
    0xff, 0xf2, 0x4f, 0xff, 0x50, 0xa, 0xff, 0xe9,
    0x0, 0x7f, 0xf8, 0x4f, 0xfb, 0x0, 0x3, 0xff,
    0xe0, 0x0, 0xf, 0xfb, 0x4f, 0xf6, 0x0, 0x1,
    0xff, 0xa0, 0x0, 0xc, 0xfd, 0x4f, 0xf5, 0x0,
    0x0, 0xff, 0x90, 0x0, 0xc, 0xfd, 0x4f, 0xf4,
    0x0, 0x0, 0xff, 0x90, 0x0, 0xc, 0xfd, 0x4f,
    0xf4, 0x0, 0x0, 0xff, 0x90, 0x0, 0xc, 0xfd,
    0x4f, 0xf4, 0x0, 0x0, 0xff, 0x90, 0x0, 0xc,
    0xfd, 0x4f, 0xf4, 0x0, 0x0, 0xff, 0x90, 0x0,
    0xc, 0xfd, 0x4f, 0xf4, 0x0, 0x0, 0xff, 0x90,
    0x0, 0xc, 0xfd, 0x4f, 0xf4, 0x0, 0x0, 0xff,
    0x90, 0x0, 0xc, 0xfd,

    /* U+006E "n" */
    0x6f, 0xf1, 0x3b, 0xff, 0xc3, 0x5, 0xff, 0x6f,
    0xee, 0xff, 0xf2, 0x4f, 0xff, 0x60, 0x7, 0xff,
    0x94, 0xff, 0xb0, 0x0, 0xe, 0xfc, 0x4f, 0xf6,
    0x0, 0x0, 0xcf, 0xd4, 0xff, 0x50, 0x0, 0xb,
    0xfe, 0x4f, 0xf4, 0x0, 0x0, 0xbf, 0xe4, 0xff,
    0x40, 0x0, 0xb, 0xfe, 0x4f, 0xf4, 0x0, 0x0,
    0xbf, 0xe4, 0xff, 0x40, 0x0, 0xb, 0xfe, 0x4f,
    0xf4, 0x0, 0x0, 0xbf, 0xe4, 0xff, 0x40, 0x0,
    0xb, 0xfe,

    /* U+006F "o" */
    0x0, 0x2, 0x9d, 0xff, 0xd8, 0x10, 0x0, 0x5,
    0xff, 0xff, 0xff, 0xfe, 0x30, 0x2, 0xff, 0xd4,
    0x0, 0x6f, 0xfe, 0x0, 0xaf, 0xf3, 0x0, 0x0,
    0x7f, 0xf6, 0xe, 0xfd, 0x0, 0x0, 0x1, 0xff,
    0xa0, 0xff, 0xb0, 0x0, 0x0, 0xf, 0xfb, 0xf,
    0xfb, 0x0, 0x0, 0x0, 0xff, 0xb0, 0xef, 0xd0,
    0x0, 0x0, 0x1f, 0xf9, 0x9, 0xff, 0x30, 0x0,
    0x7, 0xff, 0x50, 0x2f, 0xfd, 0x30, 0x5, 0xff,
    0xd0, 0x0, 0x5f, 0xff, 0xff, 0xff, 0xe2, 0x0,
    0x0, 0x29, 0xdf, 0xfc, 0x81, 0x0,

    /* U+0070 "p" */
    0x6f, 0xf2, 0x4c, 0xff, 0xc6, 0x0, 0x5f, 0xf9,
    0xfd, 0xbe, 0xff, 0x80, 0x4f, 0xff, 0x50, 0x0,
    0xbf, 0xf3, 0x4f, 0xfb, 0x0, 0x0, 0x2f, 0xf9,
    0x4f, 0xf6, 0x0, 0x0, 0xe, 0xfc, 0x4f, 0xf4,
    0x0, 0x0, 0xd, 0xfd, 0x4f, 0xf5, 0x0, 0x0,
    0xd, 0xfd, 0x4f, 0xf6, 0x0, 0x0, 0xf, 0xfb,
    0x4f, 0xfc, 0x0, 0x0, 0x4f, 0xf8, 0x4f, 0xff,
    0x80, 0x3, 0xef, 0xf2, 0x4f, 0xf9, 0xff, 0xff,
    0xff, 0x60, 0x4f, 0xf4, 0x5c, 0xff, 0xb4, 0x0,
    0x4f, 0xf4, 0x0, 0x0, 0x0, 0x0, 0x4f, 0xf4,
    0x0, 0x0, 0x0, 0x0, 0x4f, 0xf4, 0x0, 0x0,
    0x0, 0x0, 0x4f, 0xf4, 0x0, 0x0, 0x0, 0x0,

    /* U+0071 "q" */
    0x0, 0x6, 0xcf, 0xfb, 0x34, 0xff, 0x30, 0x9,
    0xff, 0xff, 0xff, 0x8f, 0xf3, 0x4, 0xff, 0xc2,
    0x1, 0xaf, 0xff, 0x20, 0xbf, 0xf1, 0x0, 0x0,
    0xef, 0xf2, 0xe, 0xfc, 0x0, 0x0, 0x8, 0xff,
    0x20, 0xff, 0xb0, 0x0, 0x0, 0x7f, 0xf2, 0xf,
    0xfb, 0x0, 0x0, 0x7, 0xff, 0x20, 0xef, 0xd0,
    0x0, 0x0, 0x9f, 0xf2, 0xb, 0xff, 0x20, 0x0,
    0xe, 0xff, 0x20, 0x5f, 0xfc, 0x20, 0x1a, 0xff,
    0xf2, 0x0, 0xbf, 0xff, 0xff, 0xf8, 0xff, 0x20,
    0x0, 0x7d, 0xfe, 0xa2, 0x6f, 0xf2, 0x0, 0x0,
    0x0, 0x0, 0x7, 0xff, 0x20, 0x0, 0x0, 0x0,
    0x0, 0x7f, 0xf2, 0x0, 0x0, 0x0, 0x0, 0x7,
    0xff, 0x20, 0x0, 0x0, 0x0, 0x0, 0x7f, 0xf2,

    /* U+0072 "r" */
    0x0, 0x0, 0x0, 0x0, 0x5f, 0xf1, 0x5d, 0xf3,
    0x5f, 0xf5, 0xff, 0xf3, 0x5f, 0xfd, 0x90, 0x0,
    0x5f, 0xfd, 0x0, 0x0, 0x5f, 0xf7, 0x0, 0x0,
    0x5f, 0xf5, 0x0, 0x0, 0x5f, 0xf4, 0x0, 0x0,
    0x5f, 0xf4, 0x0, 0x0, 0x5f, 0xf4, 0x0, 0x0,
    0x5f, 0xf4, 0x0, 0x0, 0x5f, 0xf4, 0x0, 0x0,
    0x5f, 0xf4, 0x0, 0x0,

    /* U+0073 "s" */
    0x0, 0x6c, 0xfe, 0xc5, 0x0, 0x7, 0xff, 0xcd,
    0xff, 0x50, 0xe, 0xf8, 0x0, 0x8d, 0x80, 0xf,
    0xf7, 0x0, 0x0, 0x0, 0xd, 0xff, 0x72, 0x0,
    0x0, 0x4, 0xff, 0xff, 0xd6, 0x0, 0x0, 0x18,
    0xdf, 0xff, 0x90, 0x0, 0x0, 0x2, 0xcf, 0xf1,
    0x0, 0x10, 0x0, 0x4f, 0xf2, 0x4f, 0xf1, 0x0,
    0x7f, 0xf1, 0xd, 0xff, 0xcc, 0xff, 0x80, 0x2,
    0xae, 0xfe, 0xc5, 0x0,

    /* U+0074 "t" */
    0x0, 0x7, 0x60, 0x0, 0x0, 0x4f, 0xc0, 0x0,
    0x0, 0x9f, 0xc0, 0x0, 0x8f, 0xff, 0xff, 0xf8,
    0x7e, 0xff, 0xfe, 0xe7, 0x0, 0xcf, 0xc0, 0x0,
    0x0, 0xcf, 0xc0, 0x0, 0x0, 0xcf, 0xc0, 0x0,
    0x0, 0xcf, 0xc0, 0x0, 0x0, 0xcf, 0xc0, 0x0,
    0x0, 0xcf, 0xc0, 0x0, 0x0, 0xcf, 0xc0, 0x0,
    0x0, 0xbf, 0xf2, 0x0, 0x0, 0x7f, 0xff, 0xfb,
    0x0, 0x8, 0xef, 0xe7,

    /* U+0075 "u" */
    0x7f, 0xf2, 0x0, 0x0, 0xdf, 0xb7, 0xff, 0x20,
    0x0, 0xd, 0xfb, 0x7f, 0xf2, 0x0, 0x0, 0xdf,
    0xb7, 0xff, 0x20, 0x0, 0xd, 0xfb, 0x7f, 0xf2,
    0x0, 0x0, 0xdf, 0xb7, 0xff, 0x20, 0x0, 0xd,
    0xfb, 0x7f, 0xf2, 0x0, 0x0, 0xef, 0xb7, 0xff,
    0x20, 0x0, 0xf, 0xfb, 0x5f, 0xf5, 0x0, 0x4,
    0xff, 0xb2, 0xff, 0xc1, 0x2, 0xdf, 0xfb, 0xb,
    0xff, 0xfd, 0xfa, 0xbf, 0xc0, 0x9, 0xef, 0xd8,
    0xa, 0xfc,

    /* U+0076 "v" */
    0xcf, 0xe0, 0x0, 0x0, 0x3f, 0xf7, 0x7f, 0xf3,
    0x0, 0x0, 0x8f, 0xf2, 0x1f, 0xf8, 0x0, 0x0,
    0xdf, 0xc0, 0xc, 0xfd, 0x0, 0x2, 0xff, 0x60,
    0x6, 0xff, 0x20, 0x8, 0xff, 0x10, 0x1, 0xff,
    0x70, 0xd, 0xfa, 0x0, 0x0, 0xbf, 0xd0, 0x2f,
    0xf5, 0x0, 0x0, 0x5f, 0xf1, 0x7f, 0xe0, 0x0,
    0x0, 0xf, 0xf6, 0xcf, 0x90, 0x0, 0x0, 0xa,
    0xfc, 0xff, 0x30, 0x0, 0x0, 0x4, 0xff, 0xfd,
    0x0, 0x0, 0x0, 0x0, 0xef, 0xf8, 0x0, 0x0,

    /* U+0077 "w" */
    0xcf, 0xb0, 0x0, 0xd, 0xff, 0x20, 0x0, 0x5f,
    0xf1, 0x8f, 0xe0, 0x0, 0x1f, 0xff, 0x60, 0x0,
    0x9f, 0xd0, 0x4f, 0xf3, 0x0, 0x5f, 0xef, 0xa0,
    0x0, 0xdf, 0x90, 0xf, 0xf6, 0x0, 0x9f, 0x8f,
    0xe0, 0x1, 0xff, 0x40, 0xb, 0xfa, 0x0, 0xef,
    0x2e, 0xf3, 0x4, 0xff, 0x0, 0x7, 0xfe, 0x2,
    0xfe, 0x9, 0xf7, 0x8, 0xfc, 0x0, 0x3, 0xff,
    0x26, 0xfa, 0x5, 0xfb, 0xc, 0xf7, 0x0, 0x0,
    0xff, 0x6a, 0xf6, 0x1, 0xff, 0xf, 0xf3, 0x0,
    0x0, 0xbf, 0x9e, 0xf1, 0x0, 0xdf, 0x7f, 0xe0,
    0x0, 0x0, 0x6f, 0xef, 0xd0, 0x0, 0x9f, 0xdf,
    0xa0, 0x0, 0x0, 0x2f, 0xff, 0x90, 0x0, 0x5f,
    0xff, 0x60, 0x0, 0x0, 0xe, 0xff, 0x40, 0x0,
    0x1f, 0xff, 0x10, 0x0,

    /* U+0078 "x" */
    0x6f, 0xf5, 0x0, 0x0, 0xef, 0xd0, 0xb, 0xfe,
    0x10, 0x9, 0xff, 0x20, 0x1, 0xef, 0xa0, 0x3f,
    0xf7, 0x0, 0x0, 0x5f, 0xf4, 0xcf, 0xc0, 0x0,
    0x0, 0xa, 0xff, 0xff, 0x20, 0x0, 0x0, 0x1,
    0xef, 0xf6, 0x0, 0x0, 0x0, 0x3, 0xff, 0xfa,
    0x0, 0x0, 0x0, 0xd, 0xfc, 0xff, 0x50, 0x0,
    0x0, 0x8f, 0xf1, 0x9f, 0xe1, 0x0, 0x3, 0xff,
    0x60, 0xe, 0xfb, 0x0, 0xd, 0xfc, 0x0, 0x5,
    0xff, 0x60, 0x9f, 0xf2, 0x0, 0x0, 0xbf, 0xf2,

    /* U+0079 "y" */
    0xd, 0xfe, 0x0, 0x0, 0x2, 0xff, 0x80, 0x6f,
    0xf4, 0x0, 0x0, 0x8f, 0xf2, 0x0, 0xff, 0x90,
    0x0, 0xd, 0xfc, 0x0, 0xa, 0xfe, 0x0, 0x2,
    0xff, 0x60, 0x0, 0x3f, 0xf5, 0x0, 0x8f, 0xf0,
    0x0, 0x0, 0xdf, 0xa0, 0xd, 0xf9, 0x0, 0x0,
    0x6, 0xff, 0x2, 0xff, 0x30, 0x0, 0x0, 0x1f,
    0xf5, 0x8f, 0xd0, 0x0, 0x0, 0x0, 0xaf, 0xad,
    0xf7, 0x0, 0x0, 0x0, 0x3, 0xff, 0xff, 0x10,
    0x0, 0x0, 0x0, 0xd, 0xff, 0xb0, 0x0, 0x0,
    0x0, 0x0, 0x8f, 0xf5, 0x0, 0x0, 0x0, 0x0,
    0xd, 0xfe, 0x0, 0x0, 0x0, 0x1, 0x2b, 0xff,
    0x60, 0x0, 0x0, 0x0, 0xff, 0xff, 0xa0, 0x0,
    0x0, 0x0, 0xe, 0xfe, 0x80, 0x0, 0x0, 0x0,

    /* U+007A "z" */
    0xf, 0xff, 0xff, 0xff, 0xfc, 0x0, 0xef, 0xff,
    0xff, 0xff, 0xc0, 0x0, 0x0, 0x0, 0x8f, 0xf4,
    0x0, 0x0, 0x0, 0x5f, 0xf8, 0x0, 0x0, 0x0,
    0x2f, 0xfc, 0x0, 0x0, 0x0, 0xd, 0xfe, 0x10,
    0x0, 0x0, 0xa, 0xff, 0x30, 0x0, 0x0, 0x6,
    0xff, 0x70, 0x0, 0x0, 0x3, 0xff, 0xa0, 0x0,
    0x0, 0x1, 0xef, 0xd0, 0x0, 0x0, 0x0, 0x6f,
    0xff, 0xff, 0xff, 0xff, 0x36, 0xff, 0xff, 0xff,
    0xff, 0xf4,

    /* U+007B "{" */
    0x0, 0x2, 0xae, 0xf6, 0x0, 0xd, 0xff, 0xe4,
    0x0, 0x3f, 0xf8, 0x0, 0x0, 0x5f, 0xf2, 0x0,
    0x0, 0x5f, 0xf1, 0x0, 0x0, 0x5f, 0xf1, 0x0,
    0x0, 0x5f, 0xf1, 0x0, 0x0, 0x7f, 0xf0, 0x0,
    0x2, 0xef, 0xc0, 0x0, 0xcf, 0xfc, 0x20, 0x0,
    0xdf, 0xfa, 0x0, 0x0, 0x5, 0xff, 0x90, 0x0,
    0x0, 0x8f, 0xf0, 0x0, 0x0, 0x6f, 0xf1, 0x0,
    0x0, 0x5f, 0xf1, 0x0, 0x0, 0x5f, 0xf1, 0x0,
    0x0, 0x5f, 0xf1, 0x0, 0x0, 0x4f, 0xf2, 0x0,
    0x0, 0x2f, 0xf9, 0x0, 0x0, 0xc, 0xff, 0xe4,
    0x0, 0x1, 0xae, 0xf6,

    /* U+007C "|" */
    0xff, 0x6f, 0xf6, 0xff, 0x6f, 0xf6, 0xff, 0x6f,
    0xf6, 0xff, 0x6f, 0xf6, 0xff, 0x6f, 0xf6, 0xff,
    0x6f, 0xf6, 0xff, 0x6f, 0xf6, 0xff, 0x6f, 0xf6,
    0xff, 0x6f, 0xf6, 0xff, 0x6f, 0xf6, 0xff, 0x60,

    /* U+007D "}" */
    0xcf, 0xd6, 0x0, 0x0, 0xaf, 0xff, 0x60, 0x0,
    0x1, 0xef, 0xc0, 0x0, 0x0, 0x9f, 0xe0, 0x0,
    0x0, 0x8f, 0xe0, 0x0, 0x0, 0x8f, 0xe0, 0x0,
    0x0, 0x8f, 0xe0, 0x0, 0x0, 0x7f, 0xf0, 0x0,
    0x0, 0x2f, 0xf9, 0x0, 0x0, 0x6, 0xef, 0xf5,
    0x0, 0x3, 0xdf, 0xf6, 0x0, 0x1f, 0xfc, 0x20,
    0x0, 0x6f, 0xf2, 0x0, 0x0, 0x7f, 0xf0, 0x0,
    0x0, 0x8f, 0xe0, 0x0, 0x0, 0x8f, 0xe0, 0x0,
    0x0, 0x8f, 0xe0, 0x0, 0x0, 0x9f, 0xe0, 0x0,
    0x1, 0xef, 0xc0, 0x0, 0xaf, 0xff, 0x50, 0x0,
    0xcf, 0xd6, 0x0, 0x0,

    /* U+007E "~" */
    0x5c, 0xef, 0xda, 0x62, 0x0, 0x37, 0xef, 0xff,
    0xff, 0xff, 0xff, 0xfd, 0x83, 0x0, 0x26, 0xad,
    0xff, 0xc6,

    /* U+4EA7 "产" */
    0x0, 0x0, 0x0, 0x0, 0x0, 0x0, 0x0, 0x0,
    0x0, 0x0, 0x0, 0x0, 0x0, 0x0, 0x0, 0x1,
    0xda, 0x0, 0x0, 0x0, 0x0, 0x0, 0x0, 0x0,
    0x0, 0x0, 0x4, 0xff, 0xd2, 0x0, 0x0, 0x0,
    0x0, 0x0, 0x0, 0x0, 0x0, 0x0, 0x2d, 0xfd,
    0x0, 0x0, 0x0, 0x0, 0x0, 0x1, 0xdc, 0xbb,
    0xbb, 0xbb, 0xfd, 0xbb, 0xbb, 0xbc, 0x70, 0x0,
    0x1, 0xff, 0xff, 0xff, 0xff, 0xff, 0xff, 0xff,
    0xff, 0x80, 0x0, 0x0, 0x21, 0x6, 0xe2, 0x0,
    0x0, 0x5f, 0x81, 0x11, 0x10, 0x0, 0x0, 0x0,
    0xa, 0xfd, 0x10, 0x0, 0xdf, 0xd3, 0x0, 0x0,
    0x0, 0x0, 0x0, 0x0, 0xdf, 0xc0, 0x6, 0xfe,
    0x10, 0x0, 0x0, 0x0, 0x1, 0xba, 0x99, 0xbf,
    0xc9, 0x9e, 0xfc, 0x99, 0x99, 0xb0, 0x0, 0x1,
    0xff, 0xff, 0xff, 0xff, 0xff, 0xff, 0xff, 0xff,
    0xf1, 0x0, 0x0, 0xff, 0x52, 0x22, 0x22, 0x22,
    0x22, 0x22, 0x22, 0x40, 0x0, 0x0, 0xff, 0x30,
    0x0, 0x0, 0x0, 0x0, 0x0, 0x0, 0x0, 0x0,
    0x0, 0xff, 0x20, 0x0, 0x0, 0x0, 0x0, 0x0,
    0x0, 0x0, 0x0, 0x1, 0xff, 0x10, 0x0, 0x0,
    0x0, 0x0, 0x0, 0x0, 0x0, 0x0, 0x3, 0xfe,
    0x0, 0x0, 0x0, 0x0, 0x0, 0x0, 0x0, 0x0,
    0x0, 0x7, 0xfa, 0x0, 0x0, 0x0, 0x0, 0x0,
    0x0, 0x0, 0x0, 0x0, 0xc, 0xf6, 0x0, 0x0,
    0x0, 0x0, 0x0, 0x0, 0x0, 0x0, 0x0, 0x3f,
    0xf0, 0x0, 0x0, 0x0, 0x0, 0x0, 0x0, 0x0,
    0x0, 0x0, 0xcf, 0x80, 0x0, 0x0, 0x0, 0x0,
    0x0, 0x0, 0x0, 0x0, 0xb, 0xfe, 0x10, 0x0,
    0x0, 0x0, 0x0, 0x0, 0x0, 0x0, 0x0, 0x1a,
    0xf5, 0x0, 0x0, 0x0, 0x0, 0x0, 0x0, 0x0,
    0x0, 0x0, 0x0, 0x10, 0x0, 0x0, 0x0, 0x0,
    0x0, 0x0, 0x0, 0x0, 0x0,

    /* U+4FE1 "信" */
    0x0, 0x0, 0x2, 0x92, 0x0, 0x0, 0x3a, 0x0,
    0x0, 0x0, 0x0, 0x0, 0x0, 0x7, 0xff, 0x60,
    0x0, 0xef, 0xd2, 0x0, 0x0, 0x0, 0x0, 0x0,
    0xd, 0xfa, 0x0, 0x0, 0x2d, 0xfe, 0x30, 0x0,
    0x0, 0x0, 0x0, 0x4f, 0xf4, 0x32, 0x22, 0x23,
    0xef, 0x42, 0x22, 0x23, 0x0, 0x0, 0xcf, 0xa7,
    0xff, 0xff, 0xff, 0xff, 0xff, 0xff, 0xff, 0x0,
    0x4, 0xff, 0x35, 0xba, 0x99, 0x99, 0x99, 0x99,
    0x9a, 0xbb, 0x0, 0x1e, 0xff, 0x30, 0x0, 0x0,
    0x0, 0x0, 0x0, 0x0, 0x0, 0x0, 0xaf, 0xff,
    0x30, 0xf, 0xff, 0xff, 0xff, 0xff, 0xff, 0x30,
    0x8, 0xff, 0xff, 0x30, 0xd, 0xdc, 0xcc, 0xcc,
    0xcc, 0xde, 0x20, 0x6f, 0xfa, 0xef, 0x30, 0x0,
    0x0, 0x0, 0x0, 0x0, 0x0, 0x0, 0x7, 0xd0,
    0xef, 0x30, 0xc, 0xbb, 0xaa, 0xaa, 0xaa, 0xbc,
    0x20, 0x0, 0x0, 0xef, 0x30, 0xf, 0xff, 0xff,
    0xff, 0xff, 0xff, 0x20, 0x0, 0x0, 0xef, 0x30,
    0x2, 0x10, 0x0, 0x0, 0x0, 0x12, 0x0, 0x0,
    0x0, 0xef, 0x30, 0x1b, 0xa9, 0x99, 0x99, 0x99,
    0xab, 0x20, 0x0, 0x0, 0xef, 0x30, 0x1f, 0xff,
    0xff, 0xff, 0xff, 0xff, 0x20, 0x0, 0x0, 0xef,
    0x30, 0xf, 0xf3, 0x22, 0x22, 0x22, 0xff, 0x10,
    0x0, 0x0, 0xef, 0x30, 0xf, 0xf1, 0x0, 0x0,
    0x0, 0xff, 0x0, 0x0, 0x0, 0xef, 0x30, 0xf,
    0xf1, 0x0, 0x0, 0x0, 0xff, 0x0, 0x0, 0x0,
    0xef, 0x30, 0xf, 0xff, 0xff, 0xff, 0xff, 0xff,
    0x10, 0x0, 0x0, 0xff, 0x30, 0xf, 0xfc, 0xcc,
    0xcc, 0xcc, 0xff, 0x10, 0x0, 0x0, 0xff, 0x40,
    0x1f, 0xf2, 0x0, 0x0, 0x1, 0xdd, 0x20,

    /* U+5207 "切" */
    0x0, 0x0, 0x39, 0x72, 0x0, 0x0, 0x0, 0x0,
    0x0, 0x0, 0x0, 0x0, 0x0, 0x3f, 0xf3, 0x0,
    0x0, 0x0, 0x0, 0x0, 0x0, 0x0, 0x0, 0x0,
    0x2f, 0xf0, 0x1, 0x21, 0x0, 0x0, 0x0, 0x1,
    0x21, 0x0, 0x0, 0x2f, 0xe0, 0x6, 0xff, 0xff,
    0xff, 0xff, 0xff, 0xf6, 0x0, 0x0, 0x2f, 0xe0,
    0x5, 0xcb, 0xaf, 0xfb, 0xaa, 0xaf, 0xf5, 0x0,
    0x0, 0x2f, 0xe3, 0x57, 0x70, 0xe, 0xf3, 0x0,
    0xf, 0xf3, 0x1f, 0xef, 0xff, 0xff, 0xff, 0xd0,
    0xe, 0xf3, 0x0, 0xf, 0xf3, 0xf, 0xec, 0xbf,
    0xf7, 0x65, 0x60, 0xe, 0xf2, 0x0, 0xf, 0xf2,
    0x0, 0x0, 0x2f, 0xe0, 0x0, 0x0, 0xf, 0xf1,
    0x0, 0xf, 0xf2, 0x0, 0x0, 0x2f, 0xe0, 0x0,
    0x0, 0xf, 0xf0, 0x0, 0xf, 0xf2, 0x0, 0x0,
    0x2f, 0xe0, 0x0, 0x0, 0x3f, 0xe0, 0x0, 0xf,
    0xf2, 0x0, 0x0, 0x2f, 0xe0, 0x0, 0x0, 0x6f,
    0xb0, 0x0, 0x1f, 0xf2, 0x0, 0x0, 0x2f, 0xe0,
    0x7, 0x90, 0xaf, 0x80, 0x0, 0x1f, 0xf1, 0x0,
    0x0, 0x2f, 0xe3, 0xcf, 0x81, 0xff, 0x40, 0x0,
    0x1f, 0xf1, 0x0, 0x0, 0x4f, 0xff, 0xfd, 0x38,
    0xfe, 0x0, 0x0, 0x2f, 0xf0, 0x0, 0x0, 0x9f,
    0xff, 0x70, 0x3f, 0xf6, 0x0, 0x0, 0x2f, 0xf0,
    0x0, 0x0, 0x2f, 0xc2, 0x1, 0xdf, 0xc0, 0x0,
    0x0, 0x3f, 0xf0, 0x0, 0x0, 0x3, 0x0, 0x2d,
    0xfe, 0x10, 0x0, 0x0, 0x6f, 0xe0, 0x0, 0x0,
    0x0, 0x18, 0xff, 0xe2, 0x0, 0xb, 0xbb, 0xff,
    0xa0, 0x0, 0x0, 0x0, 0xcf, 0xfd, 0x10, 0x0,
    0x7, 0xff, 0xfd, 0x10, 0x0, 0x0, 0x0, 0xc,
    0xa0, 0x0, 0x0, 0x1, 0x86, 0x30, 0x0, 0x0,
    0x0, 0x0, 0x0, 0x0, 0x0, 0x0, 0x0, 0x0,
    0x0, 0x0,

    /* U+540E "后" */
    0x0, 0x0, 0x0, 0x0, 0x0, 0x0, 0x0, 0x0,
    0x0, 0x10, 0x0, 0x0, 0x0, 0x20, 0x0, 0x0,
    0x1, 0x23, 0x57, 0xad, 0xfa, 0x0, 0x0, 0x1,
    0xff, 0xff, 0xff, 0xff, 0xff, 0xff, 0xff, 0xff,
    0x40, 0x0, 0x0, 0xff, 0xed, 0xdd, 0xcc, 0xba,
    0x98, 0x75, 0x45, 0x40, 0x0, 0x0, 0xff, 0x20,
    0x0, 0x0, 0x0, 0x0, 0x0, 0x0, 0x0, 0x0,
    0x0, 0xff, 0x20, 0x0, 0x0, 0x0, 0x0, 0x0,
    0x0, 0x0, 0x0, 0x0, 0xff, 0x31, 0x11, 0x11,
    0x11, 0x11, 0x11, 0x11, 0x23, 0x0, 0x0, 0xff,
    0xff, 0xff, 0xff, 0xff, 0xff, 0xff, 0xff, 0xfd,
    0x0, 0x0, 0xff, 0xbb, 0xbb, 0xbb, 0xbb, 0xbb,
    0xbb, 0xbb, 0xcb, 0x0, 0x0, 0xff, 0x10, 0x0,
    0x0, 0x0, 0x0, 0x0, 0x0, 0x0, 0x0, 0x0,
    0xff, 0x10, 0x0, 0x0, 0x0, 0x0, 0x0, 0x0,
    0x0, 0x0, 0x1, 0xff, 0xe, 0xdc, 0xcc, 0xcc,
    0xcc, 0xcd, 0xe5, 0x0, 0x0, 0x3, 0xfe, 0xe,
    0xff, 0xff, 0xff, 0xff, 0xff, 0xf4, 0x0, 0x0,
    0x6, 0xfb, 0xe, 0xf4, 0x0, 0x0, 0x0, 0xe,
    0xf3, 0x0, 0x0, 0xa, 0xf8, 0xe, 0xf4, 0x0,
    0x0, 0x0, 0xe, 0xf3, 0x0, 0x0, 0x1f, 0xf4,
    0xe, 0xf4, 0x0, 0x0, 0x0, 0xe, 0xf3, 0x0,
    0x0, 0x7f, 0xe0, 0xe, 0xf4, 0x0, 0x0, 0x0,
    0xe, 0xf3, 0x0, 0x1, 0xef, 0x80, 0xe, 0xfc,
    0xbb, 0xbb, 0xbb, 0xbf, 0xf3, 0x0, 0xb, 0xff,
    0x10, 0xe, 0xff, 0xff, 0xff, 0xff, 0xff, 0xf3,
    0x0, 0x7, 0xe8, 0x0, 0xe, 0xf5, 0x0, 0x0,
    0x0, 0xf, 0xf4, 0x0, 0x0, 0x10, 0x0, 0xf,
    0xf5, 0x0, 0x0, 0x0, 0xf, 0xf5, 0x0, 0x0,
    0x0, 0x0, 0x1, 0x10, 0x0, 0x0, 0x0, 0x0,
    0x0, 0x0,

    /* U+54C1 "品" */
    0x0, 0x1, 0x31, 0x11, 0x11, 0x11, 0x11, 0x32,
    0x0, 0x0, 0x0, 0x3, 0xff, 0xff, 0xff, 0xff,
    0xff, 0xf6, 0x0, 0x0, 0x0, 0x1, 0xff, 0xaa,
    0xaa, 0xaa, 0xaf, 0xf4, 0x0, 0x0, 0x0, 0x1,
    0xff, 0x0, 0x0, 0x0, 0xd, 0xf4, 0x0, 0x0,
    0x0, 0x1, 0xff, 0x0, 0x0, 0x0, 0xd, 0xf4,
    0x0, 0x0, 0x0, 0x1, 0xff, 0x0, 0x0, 0x0,
    0xd, 0xf4, 0x0, 0x0, 0x0, 0x2, 0xff, 0xbb,
    0xbb, 0xbb, 0xbf, 0xf4, 0x0, 0x0, 0x0, 0x3,
    0xff, 0xff, 0xff, 0xff, 0xff, 0xf6, 0x0, 0x0,
    0x0, 0x0, 0x20, 0x0, 0x0, 0x0, 0x0, 0x11,
    0x0, 0x0, 0x0, 0x0, 0x0, 0x0, 0x0, 0x1,
    0x0, 0x0, 0x0, 0x20, 0x6f, 0xee, 0xee, 0xef,
    0xe0, 0x4f, 0xff, 0xff, 0xff, 0xf0, 0x4f, 0xfd,
    0xdd, 0xef, 0xc0, 0x2f, 0xfc, 0xcc, 0xcf, 0xe0,
    0x3f, 0xc0, 0x0, 0x6f, 0xb0, 0x2f, 0xe0, 0x0,
    0x2f, 0xe0, 0x3f, 0xc0, 0x0, 0x6f, 0xb0, 0x2f,
    0xe0, 0x0, 0x2f, 0xe0, 0x3f, 0xc0, 0x0, 0x6f,
    0xb0, 0x2f, 0xe0, 0x0, 0x2f, 0xe0, 0x3f, 0xc0,
    0x0, 0x6f, 0xb0, 0x2f, 0xe0, 0x0, 0x2f, 0xe0,
    0x3f, 0xea, 0xaa, 0xcf, 0xb0, 0x2f, 0xfa, 0xaa,
    0xbf, 0xe0, 0x3f, 0xff, 0xff, 0xff, 0xb0, 0x2f,
    0xff, 0xff, 0xff, 0xe0, 0x4f, 0xd1, 0x11, 0x7f,
    0xc0, 0x2f, 0xf0, 0x0, 0x3f, 0xf0, 0x5f, 0xe0,
    0x0, 0x7f, 0xd0, 0x3f, 0xf0, 0x0, 0x5f, 0xf0,
    0x0, 0x0, 0x0, 0x1, 0x10, 0x14, 0x40, 0x0,
    0x0, 0x0,

    /* U+552E "售" */
    0x0, 0x0, 0x0, 0x0, 0x0, 0x0, 0x0, 0x0,
    0x0, 0x0, 0x0, 0x0, 0x0, 0x1d, 0x70, 0x5,
    0xe4, 0x0, 0x0, 0x0, 0x0, 0x0, 0x0, 0x9,
    0xff, 0x90, 0xcf, 0xf8, 0x0, 0x0, 0x0, 0x0,
    0x0, 0x3, 0xff, 0xa0, 0x0, 0x9f, 0xf6, 0x0,
    0x0, 0x0, 0x0, 0x0, 0xdf, 0xfd, 0xcc, 0xcc,
    0xff, 0xcc, 0xcc, 0xdd, 0x0, 0x0, 0xaf, 0xfe,
    0xee, 0xee, 0xff, 0xee, 0xee, 0xef, 0xe0, 0x0,
    0x9f, 0xff, 0x53, 0x33, 0x3f, 0xf4, 0x33, 0x33,
    0x41, 0x0, 0x9f, 0xff, 0xff, 0xff, 0xff, 0xff,
    0xff, 0xff, 0xff, 0x10, 0x6f, 0xf9, 0xef, 0x87,
    0x77, 0x7f, 0xf8, 0x77, 0x77, 0x90, 0x0, 0x38,
    0xe, 0xfb, 0xaa, 0xaa, 0xff, 0xaa, 0xaa, 0xac,
    0x0, 0x0, 0x0, 0xef, 0xff, 0xff, 0xff, 0xff,
    0xff, 0xff, 0xf0, 0x0, 0x0, 0xe, 0xf3, 0x0,
    0x0, 0xff, 0x20, 0x0, 0x13, 0x0, 0x0, 0x0,
    0xef, 0xcb, 0xbb, 0xbf, 0xfc, 0xbb, 0xbb, 0xbd,
    0x90, 0x0, 0xf, 0xff, 0xff, 0xff, 0xff, 0xff,
    0xff, 0xff, 0xf9, 0x0, 0x0, 0xcc, 0x30, 0x0,
    0x0, 0x0, 0x0, 0x0, 0x0, 0x0, 0x0, 0x4,
    0xff, 0xff, 0xff, 0xff, 0xff, 0xff, 0xf6, 0x0,
    0x0, 0x0, 0x3f, 0xfc, 0xcc, 0xcc, 0xcc, 0xcc,
    0xff, 0x50, 0x0, 0x0, 0x2, 0xff, 0x0, 0x0,
    0x0, 0x0, 0xe, 0xf4, 0x0, 0x0, 0x0, 0x2f,
    0xf0, 0x0, 0x0, 0x0, 0x0, 0xef, 0x40, 0x0,
    0x0, 0x2, 0xff, 0xaa, 0xaa, 0xaa, 0xaa, 0xaf,
    0xf4, 0x0, 0x0, 0x0, 0x3f, 0xff, 0xff, 0xff,
    0xff, 0xff, 0xff, 0x50, 0x0, 0x0, 0x4, 0xff,
    0x10, 0x0, 0x0, 0x0, 0xd, 0xd5, 0x0,

    /* U+56DE "回" */
    0x2, 0x10, 0x0, 0x0, 0x0, 0x0, 0x0, 0x1,
    0x12, 0x3, 0xff, 0xff, 0xff, 0xff, 0xff, 0xff,
    0xff, 0xff, 0xf0, 0x1f, 0xfb, 0xbb, 0xbb, 0xbb,
    0xbb, 0xbb, 0xbc, 0xff, 0x1, 0xff, 0x0, 0x0,
    0x0, 0x0, 0x0, 0x0, 0x2f, 0xf0, 0x1f, 0xf0,
    0x0, 0x0, 0x0, 0x0, 0x0, 0x2, 0xff, 0x1,
    0xff, 0x0, 0xed, 0xcc, 0xcc, 0xcd, 0xe0, 0x2f,
    0xf0, 0x1f, 0xf0, 0xf, 0xff, 0xff, 0xff, 0xfe,
    0x2, 0xff, 0x1, 0xff, 0x0, 0xef, 0x10, 0x0,
    0x2f, 0xd0, 0x2f, 0xf0, 0x1f, 0xf0, 0xe, 0xf1,
    0x0, 0x2, 0xfd, 0x2, 0xff, 0x1, 0xff, 0x0,
    0xef, 0x10, 0x0, 0x2f, 0xd0, 0x2f, 0xf0, 0x1f,
    0xf0, 0xe, 0xf1, 0x0, 0x2, 0xfd, 0x2, 0xff,
    0x1, 0xff, 0x0, 0xff, 0xbb, 0xbb, 0xcf, 0xe0,
    0x2f, 0xf0, 0x1f, 0xf0, 0xf, 0xff, 0xff, 0xff,
    0xff, 0x2, 0xff, 0x1, 0xff, 0x0, 0x21, 0x0,
    0x0, 0x1, 0x20, 0x2f, 0xf0, 0x1f, 0xf0, 0x0,
    0x0, 0x0, 0x0, 0x0, 0x2, 0xff, 0x1, 0xff,
    0x10, 0x0, 0x0, 0x0, 0x0, 0x0, 0x3f, 0xf0,
    0x1f, 0xff, 0xff, 0xff, 0xff, 0xff, 0xff, 0xff,
    0xff, 0x1, 0xff, 0xba, 0xaa, 0xaa, 0xaa, 0xaa,
    0xaa, 0xbf, 0xf0, 0x2f, 0xf1, 0x0, 0x0, 0x0,
    0x0, 0x0, 0x4, 0xff, 0x2, 0x99, 0x10, 0x0,
    0x0, 0x0, 0x0, 0x0, 0x3, 0x30,

    /* U+5BF9 "对" */
    0x0, 0x0, 0x0, 0x0, 0x0, 0x0, 0x0, 0x0,
    0x13, 0x10, 0x0, 0x0, 0x0, 0x0, 0x0, 0x0,
    0x0, 0x0, 0x0, 0x4, 0xff, 0x60, 0x0, 0x0,
    0x0, 0x0, 0x0, 0x0, 0x0, 0x0, 0x0, 0x3f,
    0xf0, 0x0, 0x0, 0xa, 0x98, 0x88, 0x89, 0xa5,
    0x0, 0x0, 0x3, 0xff, 0x0, 0x0, 0x1, 0xff,
    0xff, 0xff, 0xff, 0x50, 0x0, 0x0, 0x3f, 0xf0,
    0x0, 0x0, 0x6, 0x43, 0x33, 0x3f, 0xf5, 0x20,
    0x0, 0x3, 0xff, 0x1, 0x30, 0x0, 0x7, 0x40,
    0x2, 0xff, 0x8f, 0xff, 0xff, 0xff, 0xff, 0xff,
    0x10, 0x6, 0xfe, 0x10, 0x4f, 0xd6, 0xcb, 0xbb,
    0xbc, 0xff, 0xbb, 0xd1, 0x0, 0xc, 0xfc, 0x8,
    0xfa, 0x0, 0x0, 0x0, 0x3f, 0xf0, 0x0, 0x0,
    0x0, 0x1e, 0xf7, 0xcf, 0x60, 0x3c, 0x60, 0x3,
    0xff, 0x0, 0x0, 0x0, 0x0, 0x5f, 0xff, 0xf1,
    0x8, 0xfe, 0x0, 0x3f, 0xf0, 0x0, 0x0, 0x0,
    0x0, 0x9f, 0xfc, 0x0, 0xe, 0xf8, 0x3, 0xff,
    0x0, 0x0, 0x0, 0x0, 0x1, 0xff, 0xa0, 0x0,
    0x6f, 0xf2, 0x3f, 0xf0, 0x0, 0x0, 0x0, 0x0,
    0x9f, 0xff, 0x40, 0x0, 0xef, 0xa3, 0xff, 0x0,
    0x0, 0x0, 0x0, 0x4f, 0xfc, 0xfd, 0x0, 0x7,
    0xd5, 0x3f, 0xf0, 0x0, 0x0, 0x0, 0x2e, 0xf9,
    0x1e, 0xf8, 0x0, 0x0, 0x3, 0xff, 0x0, 0x0,
    0x0, 0x2d, 0xfc, 0x0, 0x6f, 0xf2, 0x0, 0x0,
    0x3f, 0xf0, 0x0, 0x0, 0x4e, 0xfd, 0x10, 0x0,
    0xee, 0x40, 0x0, 0x3, 0xff, 0x0, 0x0, 0x1c,
    0xfd, 0x10, 0x0, 0x4, 0x10, 0x1, 0x43, 0x6f,
    0xe0, 0x0, 0x0, 0x6, 0x10, 0x0, 0x0, 0x0,
    0x0, 0xe, 0xff, 0xfc, 0x0, 0x0, 0x0, 0x0,
    0x0, 0x0, 0x0, 0x0, 0x0, 0xaf, 0xda, 0x20,
    0x0, 0x0, 0x0, 0x0, 0x0, 0x0, 0x0, 0x0,
    0x0, 0x0, 0x0, 0x0, 0x0,

    /* U+5C4F "屏" */
    0x0, 0x5, 0xed, 0xcc, 0xcc, 0xcc, 0xcc, 0xcc,
    0xcc, 0xde, 0x30, 0x0, 0x4, 0xff, 0xff, 0xff,
    0xff, 0xff, 0xff, 0xff, 0xff, 0x20, 0x0, 0x3,
    0xfe, 0x0, 0x0, 0x0, 0x0, 0x0, 0x0, 0xff,
    0x10, 0x0, 0x3, 0xff, 0xbb, 0xbb, 0xbb, 0xbb,
    0xbb, 0xbb, 0xff, 0x10, 0x0, 0x3, 0xff, 0xff,
    0xff, 0xff, 0xff, 0xff, 0xff, 0xff, 0x30, 0x0,
    0x3, 0xfe, 0x0, 0x1d, 0xe3, 0x0, 0x6, 0xff,
    0x62, 0x0, 0x0, 0x3, 0xfe, 0x0, 0x1c, 0xff,
    0x30, 0x1e, 0xfa, 0x10, 0x0, 0x0, 0x3, 0xfe,
    0x11, 0x0, 0xbf, 0x80, 0xaf, 0xd0, 0x0, 0x20,
    0x0, 0x3, 0xfe, 0x5f, 0xff, 0xff, 0xff, 0xff,
    0xff, 0xff, 0xf0, 0x0, 0x3, 0xfe, 0x5d, 0xcc,
    0xff, 0xcc, 0xcf, 0xfc, 0xcc, 0xe0, 0x0, 0x4,
    0xfd, 0x0, 0x0, 0xef, 0x30, 0xe, 0xf2, 0x0,
    0x0, 0x0, 0x5, 0xfc, 0x0, 0x0, 0xff, 0x30,
    0xe, 0xf2, 0x0, 0x0, 0x0, 0x6, 0xfd, 0xdb,
    0xbb, 0xff, 0xbb, 0xbf, 0xfb, 0xbb, 0xcc, 0x0,
    0x9, 0xfc, 0xff, 0xff, 0xff, 0xff, 0xff, 0xff,
    0xff, 0xfe, 0x0, 0xd, 0xf6, 0x31, 0x6, 0xfd,
    0x0, 0xe, 0xf3, 0x0, 0x12, 0x0, 0x2f, 0xf1,
    0x0, 0xa, 0xf9, 0x0, 0xe, 0xf2, 0x0, 0x0,
    0x0, 0xaf, 0xb0, 0x0, 0x3f, 0xf3, 0x0, 0xe,
    0xf2, 0x0, 0x0, 0x5, 0xff, 0x40, 0x3, 0xef,
    0xa0, 0x0, 0xe, 0xf2, 0x0, 0x0, 0x2e, 0xfa,
    0x0, 0x8f, 0xfd, 0x10, 0x0, 0xf, 0xf3, 0x0,
    0x0, 0x0, 0x61, 0x0, 0x6f, 0xd2, 0x0, 0x0,
    0x1f, 0xf5, 0x0, 0x0, 0x0, 0x0, 0x0, 0x3,
    0x0, 0x0, 0x0, 0x0, 0x0, 0x0, 0x0,

    /* U+5E55 "幕" */
    0x0, 0x0, 0x0, 0x0, 0x0, 0x0, 0x0, 0x0,
    0x0, 0x0, 0x0, 0x0, 0x0, 0x0, 0x0, 0x7,
    0xfd, 0x20, 0xb, 0xea, 0x0, 0x0, 0x0, 0x0,
    0x2, 0x21, 0x11, 0x17, 0xfd, 0x11, 0x1a, 0xf6,
    0x11, 0x11, 0x23, 0x0, 0xa, 0xff, 0xff, 0xff,
    0xff, 0xff, 0xff, 0xff, 0xff, 0xff, 0xff, 0x0,
    0x6, 0x98, 0x88, 0x8b, 0xfd, 0x88, 0x8c, 0xfa,
    0x88, 0x88, 0x8a, 0x0, 0x0, 0x0, 0x3b, 0x9b,
    0xfe, 0x99, 0x9d, 0xfa, 0x9b, 0x10, 0x0, 0x0,
    0x0, 0x0, 0x2f, 0xff, 0xff, 0xff, 0xff, 0xff,
    0xff, 0x10, 0x0, 0x0, 0x0, 0x0, 0x2f, 0xe0,
    0x0, 0x0, 0x0, 0x1, 0xff, 0x0, 0x0, 0x0,
    0x0, 0x0, 0x2f, 0xff, 0xff, 0xff, 0xff, 0xff,
    0xff, 0x0, 0x0, 0x0, 0x0, 0x0, 0x2f, 0xf7,
    0x77, 0x77, 0x77, 0x77, 0xff, 0x0, 0x0, 0x0,
    0x0, 0x0, 0x2f, 0xfb, 0xbb, 0xbb, 0xbb, 0xbb,
    0xff, 0x0, 0x0, 0x0, 0x0, 0x0, 0x3e, 0xcc,
    0xff, 0xec, 0xcc, 0xcc, 0xce, 0x20, 0x0, 0x0,
    0x0, 0x98, 0x77, 0x79, 0xff, 0xa7, 0x77, 0x77,
    0x77, 0x77, 0x88, 0x0, 0x0, 0xff, 0xff, 0xff,
    0xff, 0xff, 0xff, 0xff, 0xff, 0xff, 0xfe, 0x0,
    0x0, 0x21, 0x3c, 0xff, 0x50, 0x3f, 0xe0, 0x2e,
    0xfd, 0x61, 0x12, 0x0, 0x0, 0x5b, 0xff, 0xfa,
    0x88, 0x9f, 0xf8, 0x8a, 0xff, 0xff, 0xda, 0x70,
    0x2e, 0xff, 0xfe, 0xff, 0xff, 0xff, 0xff, 0xff,
    0xff, 0xdf, 0xff, 0x20, 0x2, 0xd8, 0x1b, 0xf6,
    0x0, 0x2f, 0xe0, 0x0, 0xcf, 0x51, 0x54, 0x0,
    0x0, 0x0, 0xb, 0xf6, 0x0, 0x2f, 0xe0, 0x0,
    0xdf, 0x40, 0x0, 0x0, 0x0, 0x0, 0xb, 0xf6,
    0x0, 0x2f, 0xe4, 0xcd, 0xff, 0x30, 0x0, 0x0,
    0x0, 0x0, 0xd, 0xf8, 0x0, 0x3f, 0xf0, 0xef,
    0xe7, 0x0, 0x0, 0x0, 0x0, 0x0, 0x1, 0x10,
    0x0, 0x4f, 0xf0, 0x22, 0x0, 0x0, 0x0, 0x0,

    /* U+5F15 "引" */
    0x0, 0x0, 0x0, 0x0, 0x0, 0x0, 0x0, 0x8,
    0x63, 0x12, 0x10, 0x0, 0x0, 0x2, 0x20, 0x0,
    0xf, 0xfb, 0x6f, 0xff, 0xff, 0xff, 0xff, 0xc0,
    0x0, 0xe, 0xf4, 0x5c, 0xbb, 0xbb, 0xbb, 0xdf,
    0xb0, 0x0, 0xe, 0xf4, 0x0, 0x0, 0x0, 0x0,
    0x6f, 0xb0, 0x0, 0xe, 0xf4, 0x0, 0x0, 0x0,
    0x0, 0x6f, 0xb0, 0x0, 0xe, 0xf4, 0x6, 0xba,
    0x99, 0x99, 0xcf, 0xb0, 0x0, 0xe, 0xf4, 0x7,
    0xff, 0xff, 0xff, 0xff, 0xc0, 0x0, 0xe, 0xf4,
    0x8, 0xfa, 0x22, 0x22, 0x23, 0x40, 0x0, 0xe,
    0xf4, 0xa, 0xf7, 0x0, 0x0, 0x0, 0x0, 0x0,
    0xe, 0xf4, 0xc, 0xf5, 0x0, 0x0, 0x0, 0x0,
    0x0, 0xe, 0xf4, 0xe, 0xfc, 0xbb, 0xbb, 0xbb,
    0xd1, 0x0, 0xe, 0xf4, 0x2f, 0xff, 0xff, 0xff,
    0xff, 0xf0, 0x0, 0xe, 0xf4, 0x14, 0x21, 0x11,
    0x11, 0x4f, 0xe0, 0x0, 0xe, 0xf4, 0x0, 0x0,
    0x0, 0x0, 0x4f, 0xd0, 0x0, 0xe, 0xf4, 0x0,
    0x0, 0x0, 0x0, 0x5f, 0xc0, 0x0, 0xe, 0xf4,
    0x0, 0x0, 0x0, 0x0, 0x6f, 0xb0, 0x0, 0xe,
    0xf4, 0x0, 0x0, 0x0, 0x0, 0x9f, 0xa0, 0x0,
    0xe, 0xf4, 0x0, 0x55, 0x45, 0x6a, 0xff, 0x90,
    0x0, 0xe, 0xf4, 0x0, 0x9f, 0xff, 0xff, 0xfd,
    0x10, 0x0, 0xf, 0xf5, 0x0, 0x3f, 0xfe, 0xc9,
    0x50, 0x0, 0x0, 0xf, 0xf6, 0x0, 0x0, 0x0,
    0x0, 0x0, 0x0, 0x0, 0x0, 0x0,

    /* U+606F "息" */
    0x0, 0x0, 0x0, 0x0, 0x5, 0xa6, 0x10, 0x0,
    0x0, 0x0, 0x0, 0x0, 0x0, 0x0, 0x0, 0x9,
    0xfe, 0x20, 0x0, 0x0, 0x0, 0x0, 0x0, 0x0,
    0x1, 0x0, 0xd, 0xf5, 0x0, 0x0, 0x0, 0x0,
    0x0, 0x0, 0x0, 0xf, 0xff, 0xff, 0xff, 0xff,
    0xff, 0xff, 0x40, 0x0, 0x0, 0x0, 0xf, 0xfb,
    0xbb, 0xbb, 0xbb, 0xbb, 0xff, 0x30, 0x0, 0x0,
    0x0, 0xe, 0xf3, 0x0, 0x0, 0x0, 0x0, 0xef,
    0x20, 0x0, 0x0, 0x0, 0xe, 0xff, 0xff, 0xff,
    0xff, 0xff, 0xff, 0x20, 0x0, 0x0, 0x0, 0xe,
    0xfa, 0x99, 0x99, 0x99, 0x99, 0xff, 0x20, 0x0,
    0x0, 0x0, 0xe, 0xf6, 0x33, 0x33, 0x33, 0x33,
    0xff, 0x20, 0x0, 0x0, 0x0, 0xe, 0xff, 0xff,
    0xff, 0xff, 0xff, 0xff, 0x20, 0x0, 0x0, 0x0,
    0xe, 0xf7, 0x55, 0x55, 0x55, 0x55, 0xff, 0x20,
    0x0, 0x0, 0x0, 0xf, 0xfa, 0x99, 0x99, 0x99,
    0x99, 0xff, 0x30, 0x0, 0x0, 0x0, 0xf, 0xff,
    0xff, 0xff, 0xff, 0xff, 0xff, 0x40, 0x0, 0x0,
    0x0, 0x3, 0x21, 0x11, 0x15, 0x11, 0x11, 0x13,
    0x10, 0x0, 0x0, 0x0, 0x20, 0x4, 0x10, 0x8f,
    0x90, 0x0, 0x2, 0x40, 0x0, 0x0, 0x5, 0xf9,
    0x1f, 0xf9, 0x5f, 0xf8, 0x0, 0x2e, 0xf3, 0x0,
    0x0, 0xd, 0xfc, 0x1f, 0xf2, 0x6, 0xfd, 0x1,
    0xc, 0xfe, 0x20, 0x0, 0xaf, 0xe1, 0xf, 0xf1,
    0x0, 0x81, 0xe, 0xb5, 0xdf, 0xd1, 0xa, 0xff,
    0x40, 0xf, 0xf2, 0x0, 0x0, 0x3f, 0xf6, 0x2f,
    0xf5, 0x4, 0xe7, 0x0, 0xc, 0xff, 0xed, 0xde,
    0xff, 0xd0, 0x6, 0x50, 0x0, 0x20, 0x0, 0x2,
    0xbe, 0xff, 0xff, 0xea, 0x20, 0x0, 0x0, 0x0,
    0x0, 0x0, 0x0, 0x0, 0x0, 0x0, 0x0, 0x0,
    0x0, 0x0,

    /* U+6307 "指" */
    0x0, 0x0, 0x27, 0x51, 0x0, 0x6a, 0x82, 0x0,
    0x0, 0x0, 0x0, 0x0, 0x0, 0x4, 0xff, 0x60,
    0x7, 0xff, 0x20, 0x0, 0x7, 0xa0, 0x0, 0x0,
    0x0, 0x3f, 0xf0, 0x0, 0x6f, 0xb0, 0x1, 0x7e,
    0xff, 0x70, 0x0, 0x0, 0x2, 0xfe, 0x0, 0x6,
    0xfc, 0x6b, 0xff, 0xfe, 0xa9, 0x0, 0x1, 0x0,
    0x2f, 0xe0, 0x1, 0x6f, 0xff, 0xfe, 0x94, 0x0,
    0x20, 0x0, 0x9f, 0xff, 0xff, 0xff, 0xb6, 0xfe,
    0x62, 0x0, 0x0, 0x2e, 0x60, 0x9, 0xdb, 0xcf,
    0xfb, 0xcb, 0x6f, 0xb0, 0x0, 0x0, 0x5, 0xff,
    0x20, 0x0, 0x2, 0xfe, 0x0, 0x6, 0xfe, 0x31,
    0x11, 0x24, 0xdf, 0xc0, 0x0, 0x0, 0x2f, 0xe0,
    0x31, 0x3f, 0xff, 0xff, 0xff, 0xff, 0xf3, 0x0,
    0x0, 0x2, 0xfe, 0x7f, 0x10, 0x49, 0xbc, 0xcc,
    0xca, 0x82, 0x0, 0x0, 0x0, 0x2f, 0xff, 0xf1,
    0x21, 0x0, 0x0, 0x0, 0x1, 0x20, 0x0, 0x0,
    0x6e, 0xff, 0xb3, 0xf, 0xff, 0xff, 0xff, 0xff,
    0xff, 0x0, 0x19, 0xef, 0xff, 0xe0, 0x0, 0xff,
    0xba, 0xaa, 0xaa, 0xbf, 0xf0, 0x0, 0xcf, 0xd7,
    0xfe, 0x0, 0xe, 0xf2, 0x0, 0x0, 0x3, 0xfe,
    0x0, 0x1, 0x80, 0x2f, 0xe0, 0x0, 0xef, 0xaa,
    0xaa, 0xaa, 0xbf, 0xe0, 0x0, 0x0, 0x2, 0xfe,
    0x0, 0xe, 0xff, 0xff, 0xff, 0xff, 0xfe, 0x0,
    0x0, 0x0, 0x2f, 0xe0, 0x0, 0xef, 0x30, 0x0,
    0x0, 0x4f, 0xe0, 0x0, 0x0, 0x2, 0xfe, 0x0,
    0xe, 0xf2, 0x0, 0x0, 0x3, 0xfe, 0x0, 0x0,
    0x21, 0x4f, 0xe0, 0x0, 0xef, 0xbb, 0xbb, 0xbb,
    0xcf, 0xe0, 0x0, 0x9, 0xff, 0xfc, 0x0, 0xf,
    0xff, 0xff, 0xff, 0xff, 0xff, 0x0, 0x0, 0x1e,
    0xc9, 0x20, 0x0, 0xff, 0x40, 0x0, 0x0, 0x5f,
    0xf0, 0x0, 0x0, 0x0, 0x0, 0x0, 0x1, 0x10,
    0x0, 0x0, 0x0, 0x0, 0x0,

    /* U+6362 "换" */
    0x0, 0x0, 0x0, 0x0, 0x0, 0x0, 0x30, 0x0,
    0x0, 0x0, 0x0, 0x0, 0x0, 0x2d, 0xb5, 0x0,
    0x0, 0xe, 0xf9, 0x0, 0x0, 0x0, 0x0, 0x0,
    0x1, 0xff, 0x40, 0x0, 0x5, 0xff, 0x60, 0x0,
    0x0, 0x0, 0x0, 0x0, 0x1f, 0xf0, 0x0, 0x0,
    0xdf, 0xfa, 0xaa, 0xba, 0x0, 0x0, 0x0, 0x0,
    0xff, 0x0, 0x0, 0x6f, 0xff, 0xff, 0xff, 0x40,
    0x0, 0x1, 0x42, 0x3f, 0xf3, 0x41, 0x2f, 0xf4,
    0x0, 0x8f, 0xb0, 0x0, 0x0, 0x3f, 0xff, 0xff,
    0xff, 0x9e, 0xf9, 0x0, 0x1f, 0xf3, 0x0, 0x0,
    0x3, 0xed, 0xcf, 0xfd, 0xe7, 0xce, 0x21, 0x19,
    0xfb, 0x12, 0x41, 0x0, 0x0, 0x0, 0xff, 0x0,
    0xf, 0xff, 0xff, 0xff, 0xff, 0xff, 0x30, 0x0,
    0x0, 0xf, 0xf0, 0x21, 0xef, 0xa9, 0xbf, 0xe9,
    0x9f, 0xf2, 0x0, 0x0, 0x0, 0xff, 0x7f, 0x1e,
    0xf1, 0x4, 0xfc, 0x0, 0xef, 0x10, 0x0, 0x0,
    0x1f, 0xff, 0xf0, 0xef, 0x10, 0x5f, 0xb0, 0xe,
    0xf1, 0x0, 0x2, 0x8e, 0xff, 0x92, 0xe, 0xf1,
    0x5, 0xfb, 0x0, 0xef, 0x10, 0x5, 0xff, 0xff,
    0xf0, 0x22, 0xef, 0x21, 0x7f, 0xa1, 0x1e, 0xf3,
    0x30, 0xc, 0xb3, 0xff, 0xc, 0xff, 0xff, 0xff,
    0xff, 0xff, 0xff, 0xff, 0x0, 0x0, 0xf, 0xf0,
    0x9b, 0xaa, 0xab, 0xff, 0xfc, 0xaa, 0xaa, 0xc0,
    0x0, 0x0, 0xff, 0x0, 0x0, 0x0, 0x9f, 0xff,
    0xc0, 0x0, 0x0, 0x0, 0x0, 0xf, 0xf0, 0x0,
    0x0, 0x5f, 0xf5, 0xdf, 0x70, 0x0, 0x0, 0x0,
    0x0, 0xff, 0x0, 0x0, 0x6f, 0xf9, 0x4, 0xff,
    0x60, 0x0, 0x0, 0x10, 0x2f, 0xf0, 0x1, 0xaf,
    0xf9, 0x0, 0x6, 0xff, 0xa1, 0x0, 0x7, 0xff,
    0xfe, 0x29, 0xff, 0xf6, 0x0, 0x0, 0x6, 0xff,
    0xf8, 0x0, 0x1f, 0xeb, 0x31, 0xaf, 0xb2, 0x0,
    0x0, 0x0, 0x5, 0xff, 0x60, 0x0, 0x0, 0x0,
    0x0, 0x40, 0x0, 0x0, 0x0, 0x0, 0x2, 0x50,
    0x0,

    /* U+7259 "牙" */
    0x0, 0x22, 0x10, 0x0, 0x0, 0x0, 0x0, 0x0,
    0x1, 0x21, 0x0, 0xb, 0xff, 0xff, 0xff, 0xff,
    0xff, 0xff, 0xff, 0xff, 0x60, 0x0, 0x9c, 0xbb,
    0xbb, 0xbb, 0xbb, 0xbf, 0xfb, 0xbc, 0xd5, 0x0,
    0x0, 0x0, 0xaa, 0x40, 0x0, 0x0, 0xff, 0x10,
    0x0, 0x0, 0x0, 0x0, 0x1f, 0xfd, 0x10, 0x0,
    0xf, 0xf1, 0x0, 0x0, 0x0, 0x0, 0x7, 0xfe,
    0x0, 0x0, 0x0, 0xff, 0x10, 0x0, 0x0, 0x0,
    0x1, 0xef, 0x60, 0x0, 0x0, 0xf, 0xf1, 0x0,
    0x0, 0x0, 0x0, 0xaf, 0xe1, 0x11, 0x11, 0x11,
    0xff, 0x21, 0x11, 0x22, 0x0, 0xbf, 0xff, 0xff,
    0xff, 0xff, 0xff, 0xff, 0xff, 0xff, 0x70, 0x5,
    0xfc, 0xaa, 0xaa, 0xac, 0xff, 0xff, 0xba, 0xab,
    0xc6, 0x0, 0x1, 0x0, 0x0, 0x2, 0xef, 0xcf,
    0xf1, 0x0, 0x0, 0x0, 0x0, 0x0, 0x0, 0x3,
    0xef, 0xc1, 0xff, 0x10, 0x0, 0x0, 0x0, 0x0,
    0x0, 0x7, 0xff, 0xb0, 0xf, 0xf1, 0x0, 0x0,
    0x0, 0x0, 0x0, 0x1b, 0xff, 0x80, 0x0, 0xff,
    0x10, 0x0, 0x0, 0x0, 0x0, 0x8f, 0xfe, 0x50,
    0x0, 0xf, 0xf1, 0x0, 0x0, 0x0, 0x18, 0xef,
    0xfa, 0x10, 0x0, 0x0, 0xff, 0x10, 0x0, 0x0,
    0x6f, 0xff, 0xd4, 0x0, 0x0, 0x0, 0xf, 0xf1,
    0x0, 0x0, 0x0, 0xae, 0x60, 0x0, 0x0, 0x34,
    0x37, 0xff, 0x10, 0x0, 0x0, 0x0, 0x0, 0x0,
    0x0, 0x4, 0xff, 0xff, 0xd0, 0x0, 0x0, 0x0,
    0x0, 0x0, 0x0, 0x0, 0xe, 0xfd, 0x91, 0x0,
    0x0, 0x0, 0x0, 0x0, 0x0, 0x0, 0x0, 0x0,
    0x0, 0x0, 0x0, 0x0, 0x0,

    /* U+7CFB "系" */
    0x0, 0x0, 0x0, 0x0, 0x0, 0x0, 0x0, 0x0,
    0x38, 0x0, 0x0, 0x0, 0x0, 0x0, 0x0, 0x1,
    0x35, 0x8b, 0xff, 0xf9, 0x0, 0x3, 0xdc, 0xbc,
    0xcd, 0xef, 0xff, 0xff, 0xff, 0xfe, 0xf1, 0x0,
    0xd, 0xff, 0xff, 0xef, 0xfe, 0x86, 0x53, 0x10,
    0x0, 0x0, 0x0, 0x23, 0x20, 0xa, 0xff, 0xc3,
    0x0, 0x7d, 0x10, 0x0, 0x0, 0x0, 0x0, 0x1c,
    0xff, 0x60, 0x0, 0x8f, 0xfe, 0x10, 0x0, 0x0,
    0x0, 0x6e, 0xfe, 0x30, 0x1, 0xaf, 0xfa, 0x30,
    0x0, 0x0, 0x2, 0xff, 0xff, 0xff, 0xff, 0xff,
    0xe5, 0x0, 0x0, 0x0, 0x0, 0xe, 0xff, 0xdc,
    0xbf, 0xff, 0xb1, 0x26, 0x0, 0x0, 0x0, 0x0,
    0x21, 0x0, 0x4d, 0xfe, 0x50, 0x1f, 0xf8, 0x0,
    0x0, 0x0, 0x0, 0x5, 0xcf, 0xf8, 0x0, 0x0,
    0x4f, 0xf8, 0x0, 0x0, 0x18, 0xbf, 0xff, 0xfc,
    0xab, 0xbc, 0xdd, 0xff, 0xf6, 0x0, 0x0, 0xef,
    0xff, 0xff, 0xff, 0xff, 0xdc, 0xcb, 0xcf, 0xf3,
    0x0, 0x5, 0x86, 0x53, 0x11, 0x3f, 0xe0, 0x0,
    0x10, 0xb9, 0x0, 0x0, 0x0, 0xc, 0xd3, 0x3,
    0xfe, 0x1, 0xce, 0x30, 0x0, 0x0, 0x0, 0x9,
    0xff, 0xd0, 0x3f, 0xe0, 0x3e, 0xff, 0x60, 0x0,
    0x0, 0x9, 0xff, 0x80, 0x3, 0xfe, 0x0, 0x1c,
    0xff, 0x80, 0x0, 0x1b, 0xff, 0x90, 0x0, 0x3f,
    0xe0, 0x0, 0xa, 0xff, 0xa0, 0x1e, 0xff, 0x70,
    0x4, 0x26, 0xfe, 0x0, 0x0, 0xa, 0xfe, 0x20,
    0x5e, 0x50, 0x0, 0xdf, 0xff, 0xb0, 0x0, 0x0,
    0x8, 0x10, 0x0, 0x0, 0x0, 0x7, 0xfd, 0xa1,
    0x0, 0x0, 0x0, 0x0, 0x0, 0x0, 0x0, 0x0,
    0x0, 0x0, 0x0, 0x0, 0x0, 0x0, 0x0,

    /* U+7EA7 "级" */
    0x0, 0x0, 0x5, 0x0, 0x0, 0x0, 0x0, 0x0,
    0x0, 0x0, 0x0, 0x0, 0x0, 0x8, 0xfa, 0x2,
    0x11, 0x11, 0x11, 0x11, 0x12, 0x20, 0x0, 0x0,
    0x1, 0xff, 0xd2, 0x9f, 0xff, 0xff, 0xff, 0xff,
    0xf7, 0x0, 0x0, 0x0, 0x8f, 0xc0, 0x8, 0xcb,
    0xff, 0xbb, 0xbc, 0xff, 0x10, 0x0, 0x0, 0x2f,
    0xf2, 0x6, 0x10, 0xf, 0xf1, 0x0, 0x8f, 0xb0,
    0x0, 0x0, 0xc, 0xf7, 0x2, 0xfe, 0x40, 0xff,
    0x10, 0xd, 0xf6, 0x0, 0x0, 0x1b, 0xfd, 0x34,
    0xcf, 0xd5, 0xf, 0xf0, 0x3, 0xff, 0x0, 0x0,
    0x7, 0xff, 0xff, 0xff, 0xe1, 0x0, 0xff, 0x20,
    0x9f, 0xa0, 0x0, 0x0, 0x1d, 0xa7, 0x9f, 0xf4,
    0x0, 0x1f, 0xf6, 0x1f, 0xfc, 0xab, 0xa0, 0x0,
    0x0, 0xd, 0xf8, 0x0, 0x3, 0xff, 0xb7, 0xff,
    0xff, 0xf9, 0x0, 0x0, 0x9, 0xfb, 0x0, 0x0,
    0x5f, 0xff, 0x42, 0x23, 0xff, 0x30, 0x0, 0x6,
    0xff, 0x56, 0x9d, 0x18, 0xff, 0xf8, 0x0, 0x6f,
    0xd0, 0x0, 0xc, 0xff, 0xff, 0xff, 0xd0, 0xbf,
    0xaf, 0xf1, 0xd, 0xf7, 0x0, 0x0, 0xcf, 0xfc,
    0x97, 0x42, 0xf, 0xf3, 0xaf, 0x95, 0xfe, 0x0,
    0x0, 0x4, 0x40, 0x0, 0x5, 0x75, 0xfe, 0x2,
    0xff, 0xef, 0x70, 0x0, 0x0, 0x0, 0x2, 0x8e,
    0xf9, 0xcf, 0x70, 0x7, 0xff, 0xe0, 0x0, 0x0,
    0x15, 0x9d, 0xff, 0xfd, 0xaf, 0xe1, 0x0, 0x9f,
    0xfe, 0x20, 0x0, 0x4, 0xff, 0xff, 0x93, 0x2e,
    0xf6, 0x1, 0xbf, 0xfe, 0xff, 0x50, 0x0, 0xc,
    0xd6, 0x0, 0x2d, 0xfb, 0x18, 0xff, 0xf5, 0x1d,
    0xff, 0xb2, 0x0, 0x10, 0x0, 0x4, 0xcd, 0x9f,
    0xff, 0xd2, 0x0, 0x1b, 0xff, 0xe2, 0x0, 0x0,
    0x0, 0x0, 0x10, 0xaf, 0x80, 0x0, 0x0, 0x9,
    0xc1, 0x0, 0x0, 0x0, 0x0, 0x0, 0x0, 0x30,
    0x0, 0x0, 0x0, 0x0, 0x0,

    /* U+7EDF "统" */
    0x0, 0x0, 0x0, 0x0, 0x0, 0x0, 0x0, 0x0,
    0x0, 0x0, 0x0, 0x0, 0x0, 0x5, 0x0, 0x0,
    0x0, 0x3, 0xe6, 0x0, 0x0, 0x0, 0x0, 0x0,
    0x0, 0xfe, 0x70, 0x0, 0x0, 0x8f, 0xf5, 0x0,
    0x0, 0x0, 0x0, 0x0, 0x5f, 0xf5, 0x0, 0x0,
    0x0, 0x9f, 0xf3, 0x0, 0x0, 0x0, 0x0, 0xc,
    0xf9, 0x0, 0x2, 0x10, 0x0, 0xae, 0x40, 0x1,
    0x21, 0x0, 0x3, 0xff, 0x15, 0x92, 0xff, 0xff,
    0xff, 0xff, 0xff, 0xff, 0x50, 0x0, 0xaf, 0x90,
    0xbf, 0xfd, 0xbb, 0xcf, 0xfb, 0xbb, 0xbb, 0xc4,
    0x0, 0x4f, 0xf1, 0x2f, 0xf7, 0x0, 0xb, 0xfc,
    0x13, 0x50, 0x0, 0x0, 0x3f, 0xfe, 0xce, 0xfc,
    0x0, 0x5, 0xfe, 0x12, 0xff, 0x40, 0x0, 0x0,
    0xef, 0xff, 0xff, 0x30, 0x1, 0xef, 0x50, 0x9,
    0xfe, 0x20, 0x0, 0x3, 0x20, 0x9f, 0xa0, 0x3,
    0xdf, 0xb2, 0x45, 0x7f, 0xfd, 0x0, 0x0, 0x0,
    0x2f, 0xf1, 0x0, 0xff, 0xff, 0xff, 0xff, 0xff,
    0xfa, 0x0, 0x0, 0xc, 0xf7, 0x0, 0xb, 0xee,
    0xc8, 0x79, 0x52, 0x4f, 0xe1, 0x0, 0x1a, 0xfe,
    0x57, 0xbf, 0x30, 0x6f, 0xe3, 0xff, 0x80, 0x71,
    0x0, 0xa, 0xff, 0xff, 0xff, 0xe0, 0x5, 0xfe,
    0xe, 0xf3, 0x0, 0x0, 0x0, 0x3f, 0xea, 0x75,
    0x20, 0x0, 0x5f, 0xc0, 0xdf, 0x30, 0x0, 0x0,
    0x0, 0x10, 0x0, 0x0, 0x2, 0x7, 0xfb, 0xd,
    0xf3, 0x0, 0x0, 0x0, 0x0, 0x0, 0x27, 0xbf,
    0x50, 0xaf, 0x80, 0xdf, 0x30, 0x23, 0x0, 0x15,
    0x8b, 0xef, 0xff, 0xd1, 0x3f, 0xf3, 0xd, 0xf3,
    0x4, 0xfb, 0x1, 0xff, 0xff, 0xb6, 0x20, 0x6f,
    0xfa, 0x0, 0xdf, 0x50, 0x8f, 0xd0, 0x8, 0xb5,
    0x10, 0x18, 0xef, 0xfc, 0x0, 0xc, 0xff, 0xff,
    0xf8, 0x0, 0x0, 0x0, 0x0, 0x7f, 0xf8, 0x0,
    0x0, 0x4d, 0xff, 0xea, 0x0, 0x0, 0x0, 0x0,
    0x0, 0x51, 0x0, 0x0, 0x0, 0x0, 0x0, 0x0,
    0x0,

    /* U+7F6E "置" */
    0x0, 0x10, 0x0, 0x0, 0x0, 0x0, 0x0, 0x0,
    0x0, 0x10, 0x0, 0xb, 0xff, 0xff, 0xff, 0xff,
    0xff, 0xff, 0xff, 0xfe, 0x0, 0x0, 0x9f, 0xc9,
    0x9e, 0xfa, 0x9a, 0xff, 0x99, 0xbf, 0xd0, 0x0,
    0x9, 0xf7, 0x0, 0xdf, 0x20, 0x1f, 0xe0, 0x3,
    0xfd, 0x0, 0x0, 0x9f, 0xc9, 0x9e, 0xfa, 0x9a,
    0xff, 0x99, 0xbf, 0xd0, 0x0, 0xb, 0xff, 0xff,
    0xff, 0xff, 0xff, 0xff, 0xff, 0xfe, 0x0, 0x2,
    0x42, 0x11, 0x11, 0x1e, 0xf6, 0x11, 0x11, 0x11,
    0x32, 0x0, 0xcf, 0xff, 0xff, 0xff, 0xff, 0xff,
    0xff, 0xff, 0xff, 0xf1, 0x8, 0xa9, 0x99, 0x99,
    0xcf, 0xe9, 0x99, 0x99, 0x99, 0x9b, 0x0, 0x0,
    0x19, 0x88, 0x8c, 0xfd, 0x88, 0x88, 0x89, 0x40,
    0x0, 0x0, 0x1, 0xff, 0xff, 0xff, 0xff, 0xff,
    0xff, 0xf4, 0x0, 0x0, 0x0, 0xf, 0xf3, 0x33,
    0x33, 0x33, 0x33, 0xdf, 0x40, 0x0, 0x0, 0x0,
    0xff, 0xff, 0xff, 0xff, 0xff, 0xff, 0xf4, 0x0,
    0x0, 0x0, 0xf, 0xf5, 0x55, 0x55, 0x55, 0x55,
    0xdf, 0x40, 0x0, 0x0, 0x0, 0xff, 0xdd, 0xdd,
    0xdd, 0xdd, 0xdf, 0xf4, 0x0, 0x0, 0x0, 0xf,
    0xfa, 0xaa, 0xaa, 0xaa, 0xaa, 0xef, 0x40, 0x0,
    0x0, 0x0, 0xff, 0x88, 0x88, 0x88, 0x88, 0x8e,
    0xf4, 0x0, 0x0, 0x0, 0xf, 0xff, 0xff, 0xff,
    0xff, 0xff, 0xff, 0x40, 0x0, 0x22, 0x11, 0xff,
    0x11, 0x11, 0x11, 0x11, 0x1c, 0xf4, 0x12, 0x28,
    0xff, 0xff, 0xff, 0xff, 0xff, 0xff, 0xff, 0xff,
    0xff, 0xf8, 0x69, 0x88, 0x88, 0x88, 0x88, 0x88,
    0x88, 0x88, 0x88, 0x89, 0x60,

    /* U+84DD "蓝" */
    0x0, 0x0, 0x0, 0xbb, 0x70, 0x0, 0x2c, 0xa2,
    0x0, 0x0, 0x0, 0x0, 0x0, 0xc, 0xf7, 0x0,
    0x1, 0xfe, 0x0, 0x0, 0x0, 0x6c, 0xbb, 0xbb,
    0xef, 0xcb, 0xbb, 0xbf, 0xfb, 0xbb, 0xbc, 0x97,
    0xff, 0xff, 0xff, 0xff, 0xff, 0xff, 0xff, 0xff,
    0xff, 0xfb, 0x12, 0x0, 0x0, 0xcf, 0x50, 0x0,
    0x1f, 0xe0, 0x0, 0x1, 0x20, 0x0, 0x0, 0xd,
    0xf6, 0x0, 0x8, 0xfb, 0x0, 0x0, 0x0, 0x0,
    0x5, 0x41, 0xf, 0xf8, 0x1, 0xff, 0x90, 0x0,
    0x0, 0x0, 0x0, 0xcf, 0x90, 0xff, 0x40, 0x8f,
    0xf3, 0x0, 0x2, 0x20, 0x0, 0xb, 0xf4, 0xf,
    0xf3, 0x2f, 0xff, 0xff, 0xff, 0xf9, 0x0, 0x0,
    0xbf, 0x40, 0xff, 0x4c, 0xfe, 0xac, 0xba, 0xac,
    0x80, 0x0, 0xb, 0xf4, 0xf, 0xfd, 0xff, 0x33,
    0xec, 0x10, 0x0, 0x0, 0x0, 0xbf, 0x50, 0xff,
    0xbf, 0x60, 0x2e, 0xfc, 0x10, 0x0, 0x0, 0xd,
    0xf6, 0xf, 0xf5, 0x0, 0x0, 0x2e, 0xf5, 0x0,
    0x0, 0x1, 0x31, 0x1, 0x99, 0x40, 0x0, 0x0,
    0x49, 0x31, 0x0, 0x0, 0x4f, 0xff, 0xff, 0xff,
    0xff, 0xff, 0xff, 0xff, 0x30, 0x0, 0x2, 0xff,
    0xbb, 0xef, 0xcb, 0xcf, 0xeb, 0xbf, 0xf2, 0x0,
    0x0, 0x2f, 0xe0, 0xc, 0xf5, 0x4, 0xfc, 0x0,
    0xff, 0x10, 0x0, 0x2, 0xfe, 0x0, 0xcf, 0x50,
    0x4f, 0xc0, 0xf, 0xf1, 0x0, 0x11, 0x2f, 0xe0,
    0xc, 0xf6, 0x4, 0xfc, 0x0, 0xff, 0x21, 0x29,
    0xff, 0xff, 0xff, 0xff, 0xff, 0xff, 0xff, 0xff,
    0xff, 0xfd, 0x7b, 0xaa, 0xaa, 0xaa, 0xaa, 0xaa,
    0xaa, 0xaa, 0xaa, 0xab, 0xb0,

    /* U+8A00 "言" */
    0x0, 0x0, 0x0, 0x0, 0x10, 0x0, 0x0, 0x0,
    0x0, 0x0, 0x0, 0x0, 0x0, 0x0, 0x2f, 0xb2,
    0x0, 0x0, 0x0, 0x0, 0x0, 0x0, 0x0, 0x0,
    0x5, 0xff, 0xf5, 0x0, 0x0, 0x0, 0x0, 0x0,
    0x0, 0x0, 0x0, 0x1, 0xbf, 0xf4, 0x0, 0x0,
    0x0, 0x0, 0xdc, 0xaa, 0xaa, 0xaa, 0xab, 0xff,
    0xba, 0xaa, 0xaa, 0xbc, 0x6f, 0xff, 0xff, 0xff,
    0xff, 0xff, 0xff, 0xff, 0xff, 0xff, 0xf7, 0x31,
    0x0, 0x0, 0x0, 0x0, 0x0, 0x0, 0x0, 0x0,
    0x12, 0x20, 0x0, 0x22, 0x0, 0x0, 0x0, 0x0,
    0x0, 0x13, 0x10, 0x0, 0x0, 0xa, 0xff, 0xff,
    0xff, 0xff, 0xff, 0xff, 0xf3, 0x0, 0x0, 0x0,
    0x8b, 0xaa, 0xaa, 0xaa, 0xaa, 0xaa, 0xab, 0x20,
    0x0, 0x0, 0x1, 0x0, 0x0, 0x0, 0x0, 0x0,
    0x0, 0x10, 0x0, 0x0, 0x0, 0x9f, 0xff, 0xff,
    0xff, 0xff, 0xff, 0xff, 0x30, 0x0, 0x0, 0x8,
    0xcb, 0xbb, 0xbb, 0xbb, 0xbb, 0xbc, 0xd2, 0x0,
    0x0, 0x0, 0x0, 0x0, 0x0, 0x0, 0x0, 0x0,
    0x0, 0x0, 0x0, 0x0, 0x4, 0x21, 0x11, 0x11,
    0x11, 0x11, 0x11, 0x32, 0x0, 0x0, 0x0, 0xcf,
    0xff, 0xff, 0xff, 0xff, 0xff, 0xff, 0x60, 0x0,
    0x0, 0xb, 0xfb, 0x99, 0x99, 0x99, 0x99, 0x9e,
    0xf4, 0x0, 0x0, 0x0, 0xbf, 0x50, 0x0, 0x0,
    0x0, 0x0, 0xdf, 0x40, 0x0, 0x0, 0xb, 0xf6,
    0x0, 0x0, 0x0, 0x0, 0xd, 0xf4, 0x0, 0x0,
    0x0, 0xbf, 0xff, 0xff, 0xff, 0xff, 0xff, 0xff,
    0x40, 0x0, 0x0, 0xc, 0xfc, 0xaa, 0xaa, 0xaa,
    0xaa, 0xaf, 0xf4, 0x0, 0x0, 0x0, 0xef, 0x70,
    0x0, 0x0, 0x0, 0x0, 0xff, 0x60, 0x0,

    /* U+8BBE "设" */
    0x0, 0x16, 0x0, 0x0, 0x0, 0x0, 0x0, 0x0,
    0x0, 0x0, 0x0, 0x1, 0xdf, 0x70, 0x0, 0x3e,
    0xdc, 0xcc, 0xcd, 0xe1, 0x0, 0x0, 0x0, 0x7f,
    0xf8, 0x0, 0x2f, 0xff, 0xff, 0xff, 0xf0, 0x0,
    0x0, 0x0, 0x7, 0xff, 0x40, 0x2f, 0xf0, 0x0,
    0x2f, 0xf0, 0x0, 0x0, 0x0, 0x0, 0x98, 0x0,
    0x4f, 0xe0, 0x0, 0x2f, 0xf0, 0x0, 0x0, 0x0,
    0x0, 0x0, 0x0, 0x8f, 0xb0, 0x0, 0x2f, 0xf0,
    0x0, 0x0, 0x0, 0x0, 0x0, 0x0, 0xef, 0x60,
    0x0, 0x2f, 0xf0, 0x15, 0x10, 0xcb, 0xbb, 0xd1,
    0x9, 0xfe, 0x0, 0x0, 0xf, 0xff, 0xff, 0x0,
    0xff, 0xff, 0xf1, 0x8f, 0xf5, 0x0, 0x0, 0x5,
    0xcd, 0xdb, 0x0, 0x21, 0x1f, 0xf0, 0xa, 0x80,
    0x0, 0x0, 0x0, 0x1, 0x10, 0x0, 0x0, 0x1f,
    0xf0, 0xf, 0xff, 0xff, 0xff, 0xff, 0xff, 0x40,
    0x0, 0x0, 0x1f, 0xf0, 0xc, 0xcf, 0xfd, 0xbb,
    0xbe, 0xfe, 0x0, 0x0, 0x0, 0x2f, 0xf0, 0x0,
    0x7, 0xfb, 0x0, 0xd, 0xf6, 0x0, 0x0, 0x0,
    0x2f, 0xe0, 0x0, 0x0, 0xef, 0x40, 0x6f, 0xe0,
    0x0, 0x0, 0x0, 0x2f, 0xe0, 0x60, 0x0, 0x6f,
    0xf4, 0xff, 0x60, 0x0, 0x0, 0x0, 0x2f, 0xe7,
    0xf2, 0x0, 0xa, 0xff, 0xfb, 0x0, 0x0, 0x0,
    0x0, 0x3f, 0xff, 0xf4, 0x0, 0x3, 0xff, 0xf9,
    0x0, 0x0, 0x0, 0x0, 0x7f, 0xff, 0x50, 0x1,
    0x8f, 0xff, 0xff, 0xe7, 0x10, 0x0, 0x0, 0x7f,
    0xf4, 0x4, 0x9f, 0xff, 0xa1, 0x5e, 0xff, 0xfc,
    0x93, 0x0, 0x8, 0x43, 0xff, 0xff, 0xb3, 0x0,
    0x0, 0x6d, 0xff, 0xe0, 0x0, 0x0, 0x0, 0x8f,
    0xa3, 0x0, 0x0, 0x0, 0x0, 0x4a, 0x60, 0x0,
    0x0, 0x0, 0x1, 0x0, 0x0, 0x0, 0x0, 0x0,
    0x0, 0x0,

    /* U+8BED "语" */
    0x0, 0x3, 0x0, 0x0, 0x0, 0x0, 0x0, 0x0,
    0x0, 0x0, 0x0, 0x0, 0x4f, 0xa0, 0x0, 0x8b,
    0xaa, 0xaa, 0xaa, 0xaa, 0xab, 0xa0, 0x0, 0x7f,
    0xfc, 0x10, 0xaf, 0xff, 0xff, 0xff, 0xff, 0xff,
    0xc0, 0x0, 0x4, 0xff, 0xe2, 0x22, 0x11, 0xff,
    0x21, 0x11, 0x11, 0x20, 0x0, 0x0, 0x3f, 0xf2,
    0x0, 0x1, 0xff, 0x0, 0x0, 0x0, 0x0, 0x0,
    0x0, 0x3, 0x40, 0xd, 0xbb, 0xff, 0xbb, 0xbb,
    0xc7, 0x0, 0x0, 0x0, 0x0, 0x0, 0xf, 0xff,
    0xff, 0xff, 0xff, 0xf6, 0x0, 0x38, 0x77, 0x78,
    0x30, 0x2, 0x6, 0xfa, 0x0, 0xc, 0xf5, 0x0,
    0x6f, 0xff, 0xff, 0x40, 0x0, 0x8, 0xf8, 0x0,
    0xd, 0xf3, 0x0, 0x25, 0x44, 0xef, 0x40, 0x0,
    0xa, 0xf6, 0x0, 0xe, 0xf2, 0x1, 0x0, 0x0,
    0xdf, 0x37, 0xff, 0xff, 0xff, 0xff, 0xff, 0xff,
    0xfe, 0x0, 0x0, 0xdf, 0x37, 0xdc, 0xcc, 0xcc,
    0xcc, 0xcc, 0xcc, 0xcd, 0x0, 0x0, 0xef, 0x30,
    0x0, 0x0, 0x0, 0x0, 0x0, 0x0, 0x0, 0x0,
    0x0, 0xef, 0x20, 0x3, 0xba, 0xaa, 0xaa, 0xaa,
    0xab, 0x50, 0x0, 0x0, 0xef, 0x20, 0x3, 0xff,
    0xff, 0xff, 0xff, 0xff, 0x50, 0x0, 0x0, 0xff,
    0x24, 0x62, 0xfe, 0x0, 0x0, 0x0, 0xcf, 0x40,
    0x0, 0x0, 0xff, 0x6f, 0xb2, 0xfe, 0x0, 0x0,
    0x0, 0xcf, 0x40, 0x0, 0x0, 0xff, 0xff, 0xb2,
    0xfe, 0x0, 0x0, 0x0, 0xcf, 0x40, 0x0, 0x4,
    0xff, 0xf8, 0x2, 0xff, 0xaa, 0xaa, 0xaa, 0xef,
    0x40, 0x0, 0x5, 0xff, 0x60, 0x2, 0xff, 0xff,
    0xff, 0xff, 0xff, 0x40, 0x0, 0x0, 0x45, 0x0,
    0x4, 0xff, 0x0, 0x0, 0x0, 0xef, 0x60,

    /* U+8FD4 "返" */
    0x0, 0x3, 0x0, 0x0, 0x0, 0x0, 0x0, 0x0,
    0x0, 0x0, 0x0, 0x0, 0x5f, 0xc0, 0x0, 0x1,
    0x0, 0x11, 0x35, 0x7a, 0xeb, 0x0, 0x0, 0x3e,
    0xfc, 0x0, 0x3f, 0xff, 0xff, 0xff, 0xff, 0xff,
    0x40, 0x0, 0x3, 0xef, 0xb0, 0x2f, 0xfb, 0xba,
    0x98, 0x75, 0x44, 0x20, 0x0, 0x0, 0x3f, 0xb0,
    0x1f, 0xf0, 0x0, 0x0, 0x0, 0x0, 0x0, 0x0,
    0x0, 0x2, 0x0, 0x1f, 0xf0, 0x0, 0x0, 0x0,
    0x0, 0x0, 0x0, 0x0, 0x0, 0x0, 0x1f, 0xfb,
    0xbb, 0xbb, 0xbc, 0xd6, 0x0, 0x3, 0x21, 0x23,
    0x10, 0x1f, 0xff, 0xff, 0xff, 0xff, 0xf2, 0x0,
    0x3f, 0xff, 0xff, 0x40, 0x2f, 0xf0, 0x0, 0x0,
    0x5f, 0xd0, 0x0, 0x2c, 0xaa, 0xff, 0x30, 0x2f,
    0xe4, 0xc2, 0x0, 0xaf, 0x70, 0x0, 0x0, 0x0,
    0xdf, 0x30, 0x3f, 0xdc, 0xff, 0x51, 0xff, 0x10,
    0x0, 0x0, 0x0, 0xdf, 0x30, 0x5f, 0xb0, 0x8f,
    0xfd, 0xfb, 0x0, 0x0, 0x0, 0x0, 0xdf, 0x30,
    0x8f, 0x80, 0x4, 0xef, 0xf4, 0x0, 0x0, 0x0,
    0x0, 0xdf, 0x30, 0xef, 0x30, 0x2, 0xef, 0xfe,
    0x30, 0x0, 0x0, 0x0, 0xdf, 0x36, 0xfd, 0x0,
    0x5f, 0xfb, 0xaf, 0xf4, 0x0, 0x0, 0x0, 0xdf,
    0x6f, 0xf6, 0x5c, 0xff, 0x90, 0x8, 0xff, 0x60,
    0x0, 0x0, 0xdf, 0x47, 0xa9, 0xff, 0xf6, 0x0,
    0x0, 0x7f, 0xc0, 0x0, 0x7, 0xff, 0xc5, 0x0,
    0xaa, 0x10, 0x0, 0x0, 0x6, 0x10, 0x0, 0xaf,
    0xfd, 0xff, 0xd7, 0x30, 0x0, 0x1, 0x24, 0x69,
    0xc9, 0x9, 0xff, 0x40, 0x3a, 0xff, 0xff, 0xff,
    0xff, 0xff, 0xff, 0xf4, 0x1, 0xd9, 0x0, 0x0,
    0x28, 0xce, 0xff, 0xff, 0xfe, 0xdc, 0xb0, 0x0,
    0x11, 0x0, 0x0, 0x0, 0x0, 0x0, 0x0, 0x0,
    0x0, 0x0,

    /* U+914D "配" */
    0x21, 0x0, 0x0, 0x0, 0x1, 0x32, 0x53, 0x33,
    0x33, 0x45, 0x0, 0xbf, 0xff, 0xff, 0xff, 0xff,
    0xf5, 0xff, 0xff, 0xff, 0xff, 0x0, 0x8b, 0xac,
    0xfc, 0xef, 0xaa, 0xc3, 0xa9, 0x88, 0x89, 0xff,
    0x0, 0x0, 0x6, 0xf6, 0xdf, 0x0, 0x0, 0x0,
    0x0, 0x2, 0xfe, 0x0, 0x2a, 0x9b, 0xfb, 0xef,
    0x89, 0x80, 0x0, 0x0, 0x2, 0xfe, 0x0, 0x1f,
    0xff, 0xff, 0xff, 0xff, 0xb0, 0x0, 0x0, 0x2,
    0xfe, 0x0, 0xf, 0xd6, 0xf6, 0xdf, 0x4f, 0xa0,
    0x0, 0x0, 0x2, 0xfe, 0x0, 0xf, 0xd6, 0xf5,
    0xdf, 0x4f, 0xa3, 0xba, 0x99, 0x9a, 0xfe, 0x0,
    0xf, 0xd7, 0xf4, 0xdf, 0x4f, 0xa3, 0xff, 0xff,
    0xff, 0xff, 0x0, 0xf, 0xda, 0xf2, 0xcf, 0x5f,
    0xa2, 0xff, 0x33, 0x33, 0x45, 0x0, 0xf, 0xef,
    0xe0, 0xaf, 0xff, 0xa2, 0xff, 0x0, 0x0, 0x0,
    0x0, 0xf, 0xff, 0x80, 0x27, 0xaf, 0xa2, 0xff,
    0x0, 0x0, 0x0, 0x0, 0xf, 0xd5, 0x21, 0x11,
    0x5f, 0xa2, 0xff, 0x0, 0x0, 0x0, 0x0, 0xf,
    0xff, 0xff, 0xff, 0xff, 0xa2, 0xff, 0x0, 0x0,
    0x0, 0x0, 0xf, 0xe9, 0x99, 0x99, 0xbf, 0xa2,
    0xff, 0x0, 0x0, 0xb, 0x63, 0xf, 0xd0, 0x0,
    0x0, 0x4f, 0xa2, 0xff, 0x0, 0x0, 0xf, 0xf9,
    0xf, 0xfe, 0xee, 0xee, 0xff, 0xa2, 0xff, 0x0,
    0x0, 0x8f, 0xf6, 0xf, 0xfa, 0xaa, 0xaa, 0xbf,
    0xb0, 0xff, 0xfe, 0xef, 0xff, 0xe0, 0x2f, 0xe0,
    0x0, 0x0, 0x5f, 0xc0, 0x5d, 0xff, 0xff, 0xea,
    0x20, 0x3f, 0xf0, 0x0, 0x0, 0x14, 0x30, 0x0,
    0x1, 0x10, 0x0, 0x0,

    /* U+9AD8 "高" */
    0x0, 0x0, 0x0, 0x0, 0x1, 0x0, 0x0, 0x0,
    0x0, 0x0, 0x0, 0x0, 0x0, 0x0, 0x3, 0xf9,
    0x0, 0x0, 0x0, 0x0, 0x0, 0x0, 0x0, 0x0,
    0x0, 0x6f, 0xfc, 0x10, 0x0, 0x0, 0x0, 0x1,
    0x64, 0x44, 0x44, 0x44, 0x8f, 0xfc, 0x44, 0x44,
    0x44, 0x55, 0x4f, 0xff, 0xff, 0xff, 0xff, 0xff,
    0xff, 0xff, 0xff, 0xff, 0xc2, 0x97, 0x77, 0x77,
    0x77, 0x77, 0x77, 0x77, 0x77, 0x77, 0x87, 0x0,
    0x0, 0x5b, 0xaa, 0xaa, 0xaa, 0xaa, 0xab, 0x80,
    0x0, 0x0, 0x0, 0x5, 0xff, 0xff, 0xff, 0xff,
    0xff, 0xf9, 0x0, 0x0, 0x0, 0x0, 0x4f, 0xc0,
    0x0, 0x0, 0x0, 0x9f, 0x80, 0x0, 0x0, 0x0,
    0x4, 0xfe, 0xaa, 0xaa, 0xaa, 0xad, 0xf8, 0x0,
    0x0, 0x0, 0x0, 0x6f, 0xff, 0xff, 0xff, 0xff,
    0xff, 0x90, 0x0, 0x0, 0x24, 0x33, 0x42, 0x22,
    0x22, 0x22, 0x22, 0x34, 0x23, 0x20, 0x5, 0xff,
    0xff, 0xff, 0xff, 0xff, 0xff, 0xff, 0xff, 0xf7,
    0x0, 0x4f, 0xe7, 0x77, 0x77, 0x77, 0x77, 0x77,
    0x77, 0xdf, 0x60, 0x3, 0xfd, 0x5, 0xba, 0xaa,
    0xaa, 0xaa, 0xb4, 0xc, 0xf6, 0x0, 0x3f, 0xd0,
    0x6f, 0xff, 0xff, 0xff, 0xff, 0x50, 0xcf, 0x60,
    0x3, 0xfd, 0x5, 0xfb, 0x0, 0x0, 0xc, 0xf4,
    0xc, 0xf6, 0x0, 0x3f, 0xd0, 0x5f, 0xea, 0xaa,
    0xaa, 0xef, 0x40, 0xcf, 0x60, 0x3, 0xfd, 0x6,
    0xff, 0xff, 0xff, 0xff, 0xf5, 0xc, 0xf6, 0x0,
    0x3f, 0xd0, 0x12, 0x10, 0x0, 0x0, 0x15, 0x21,
    0xdf, 0x60, 0x4, 0xfe, 0x0, 0x0, 0x0, 0x0,
    0x0, 0xbf, 0xff, 0xf3, 0x0, 0x5f, 0xf0, 0x0,
    0x0, 0x0, 0x0, 0x5, 0xfe, 0xb5, 0x0, 0x0,
    0x0, 0x0, 0x0, 0x0, 0x0, 0x0, 0x0, 0x0,
    0x0, 0x0,

    /* U+F001 "" */
    0x0, 0x0, 0x0, 0x0, 0x0, 0x0, 0x0, 0x0,
    0x0, 0x0, 0x0, 0x0, 0x0, 0x0, 0x0, 0x0,
    0x0, 0x0, 0x0, 0x0, 0x0, 0x38, 0xdf, 0xb0,
    0x0, 0x0, 0x0, 0x0, 0x0, 0x0, 0x0, 0x15,
    0xae, 0xff, 0xff, 0xf1, 0x0, 0x0, 0x0, 0x0,
    0x0, 0x2, 0x7c, 0xff, 0xff, 0xff, 0xff, 0xf1,
    0x0, 0x0, 0x0, 0x0, 0x49, 0xdf, 0xff, 0xff,
    0xff, 0xff, 0xff, 0xf1, 0x0, 0x0, 0x0, 0x8f,
    0xff, 0xff, 0xff, 0xff, 0xff, 0xff, 0xff, 0xf1,
    0x0, 0x0, 0x0, 0xff, 0xff, 0xff, 0xff, 0xff,
    0xff, 0xff, 0xff, 0xf1, 0x0, 0x0, 0x1, 0xff,
    0xff, 0xff, 0xff, 0xff, 0xfe, 0xa5, 0xdf, 0xf1,
    0x0, 0x0, 0x1, 0xff, 0xff, 0xff, 0xff, 0xc8,
    0x30, 0x0, 0xcf, 0xf1, 0x0, 0x0, 0x1, 0xff,
    0xff, 0xfb, 0x61, 0x0, 0x0, 0x0, 0xcf, 0xf1,
    0x0, 0x0, 0x1, 0xff, 0xe4, 0x0, 0x0, 0x0,
    0x0, 0x0, 0xcf, 0xf1, 0x0, 0x0, 0x1, 0xff,
    0xc0, 0x0, 0x0, 0x0, 0x0, 0x0, 0xcf, 0xf1,
    0x0, 0x0, 0x1, 0xff, 0xc0, 0x0, 0x0, 0x0,
    0x0, 0x0, 0xcf, 0xf1, 0x0, 0x0, 0x1, 0xff,
    0xc0, 0x0, 0x0, 0x0, 0x0, 0x0, 0xcf, 0xf1,
    0x0, 0x0, 0x1, 0xff, 0xc0, 0x0, 0x0, 0x0,
    0x0, 0x0, 0xcf, 0xf1, 0x0, 0x0, 0x1, 0xff,
    0xc0, 0x0, 0x0, 0x0, 0x49, 0xba, 0xef, 0xf1,
    0x0, 0x0, 0x1, 0xff, 0xc0, 0x0, 0x0, 0xb,
    0xff, 0xff, 0xff, 0xf1, 0x0, 0x0, 0x1, 0xff,
    0xc0, 0x0, 0x0, 0x6f, 0xff, 0xff, 0xff, 0xf1,
    0x1, 0x8c, 0xdc, 0xff, 0xc0, 0x0, 0x0, 0x7f,
    0xff, 0xff, 0xff, 0xf0, 0x3f, 0xff, 0xff, 0xff,
    0xc0, 0x0, 0x0, 0x1e, 0xff, 0xff, 0xff, 0x80,
    0xbf, 0xff, 0xff, 0xff, 0xc0, 0x0, 0x0, 0x1,
    0x8d, 0xfe, 0xb4, 0x0, 0xbf, 0xff, 0xff, 0xff,
    0xb0, 0x0, 0x0, 0x0, 0x0, 0x0, 0x0, 0x0,
    0x3f, 0xff, 0xff, 0xfe, 0x30, 0x0, 0x0, 0x0,
    0x0, 0x0, 0x0, 0x0, 0x1, 0x8c, 0xdc, 0x81,
    0x0, 0x0, 0x0, 0x0, 0x0, 0x0, 0x0, 0x0,

    /* U+F008 "" */
    0x11, 0x0, 0x34, 0x44, 0x44, 0x44, 0x44, 0x44,
    0x44, 0x20, 0x1, 0x1e, 0x70, 0xc, 0xff, 0xff,
    0xff, 0xff, 0xff, 0xff, 0xfa, 0x0, 0x7e, 0xff,
    0xdd, 0xff, 0xfe, 0xee, 0xee, 0xee, 0xee, 0xff,
    0xfd, 0xdf, 0xff, 0xda, 0xaf, 0xf6, 0x0, 0x0,
    0x0, 0x0, 0x9, 0xfe, 0xaa, 0xdf, 0xf7, 0x0,
    0xcf, 0x60, 0x0, 0x0, 0x0, 0x0, 0x8f, 0x90,
    0x7, 0xff, 0x70, 0xc, 0xf6, 0x0, 0x0, 0x0,
    0x0, 0x8, 0xf9, 0x0, 0x7f, 0xfc, 0x88, 0xff,
    0x60, 0x0, 0x0, 0x0, 0x0, 0x8f, 0xe8, 0x8c,
    0xff, 0xff, 0xff, 0xf6, 0x0, 0x0, 0x0, 0x0,
    0x8, 0xff, 0xff, 0xff, 0xf7, 0x0, 0xcf, 0xeb,
    0xbb, 0xbb, 0xbb, 0xbb, 0xef, 0xa0, 0x7, 0xff,
    0x70, 0xc, 0xff, 0xff, 0xff, 0xff, 0xff, 0xff,
    0xf9, 0x0, 0x7f, 0xf9, 0x33, 0xdf, 0xb7, 0x77,
    0x77, 0x77, 0x77, 0xdf, 0xc3, 0x39, 0xff, 0xff,
    0xff, 0xf6, 0x0, 0x0, 0x0, 0x0, 0x8, 0xff,
    0xff, 0xff, 0xfa, 0x44, 0xef, 0x60, 0x0, 0x0,
    0x0, 0x0, 0x8f, 0xc4, 0x4a, 0xff, 0x70, 0xc,
    0xf6, 0x0, 0x0, 0x0, 0x0, 0x8, 0xf9, 0x0,
    0x7f, 0xf7, 0x0, 0xcf, 0x60, 0x0, 0x0, 0x0,
    0x0, 0x8f, 0xa0, 0x7, 0xff, 0xfe, 0xef, 0xf8,
    0x22, 0x22, 0x22, 0x22, 0x2b, 0xff, 0xee, 0xff,
    0xfd, 0x99, 0xff, 0xff, 0xff, 0xff, 0xff, 0xff,
    0xff, 0xe9, 0x9d, 0xfb, 0x70, 0xc, 0xff, 0xff,
    0xff, 0xff, 0xff, 0xff, 0xf9, 0x0, 0x7b,

    /* U+F00B "" */
    0x7b, 0xbb, 0xbb, 0x30, 0x5b, 0xbb, 0xbb, 0xbb,
    0xbb, 0xbb, 0xbb, 0x7f, 0xff, 0xff, 0xfa, 0xd,
    0xff, 0xff, 0xff, 0xff, 0xff, 0xff, 0xff, 0xff,
    0xff, 0xff, 0xb0, 0xef, 0xff, 0xff, 0xff, 0xff,
    0xff, 0xff, 0xff, 0xff, 0xff, 0xfb, 0xe, 0xff,
    0xff, 0xff, 0xff, 0xff, 0xff, 0xff, 0xff, 0xff,
    0xff, 0xa0, 0xdf, 0xff, 0xff, 0xff, 0xff, 0xff,
    0xff, 0xfc, 0xff, 0xff, 0xf7, 0xa, 0xff, 0xff,
    0xff, 0xff, 0xff, 0xff, 0xfc, 0x0, 0x0, 0x0,
    0x0, 0x0, 0x0, 0x0, 0x0, 0x0, 0x0, 0x0,
    0x7, 0xbb, 0xbb, 0xb3, 0x5, 0xbb, 0xbb, 0xbb,
    0xbb, 0xbb, 0xbb, 0xb7, 0xff, 0xff, 0xff, 0xa0,
    0xdf, 0xff, 0xff, 0xff, 0xff, 0xff, 0xff, 0xff,
    0xff, 0xff, 0xfb, 0xe, 0xff, 0xff, 0xff, 0xff,
    0xff, 0xff, 0xff, 0xff, 0xff, 0xff, 0xb0, 0xef,
    0xff, 0xff, 0xff, 0xff, 0xff, 0xff, 0xff, 0xff,
    0xff, 0xfa, 0xd, 0xff, 0xff, 0xff, 0xff, 0xff,
    0xff, 0xff, 0xcf, 0xff, 0xff, 0x70, 0xaf, 0xff,
    0xff, 0xff, 0xff, 0xff, 0xff, 0xc0, 0x0, 0x0,
    0x0, 0x0, 0x0, 0x0, 0x0, 0x0, 0x0, 0x0,
    0x0, 0x1, 0x11, 0x11, 0x0, 0x1, 0x11, 0x11,
    0x11, 0x11, 0x11, 0x11, 0xc, 0xff, 0xff, 0xf7,
    0xa, 0xff, 0xff, 0xff, 0xff, 0xff, 0xff, 0xfc,
    0xff, 0xff, 0xff, 0xb0, 0xef, 0xff, 0xff, 0xff,
    0xff, 0xff, 0xff, 0xff, 0xff, 0xff, 0xfb, 0xe,
    0xff, 0xff, 0xff, 0xff, 0xff, 0xff, 0xff, 0xff,
    0xff, 0xff, 0xb0, 0xef, 0xff, 0xff, 0xff, 0xff,
    0xff, 0xff, 0xff, 0xff, 0xff, 0xfa, 0xd, 0xff,
    0xff, 0xff, 0xff, 0xff, 0xff, 0xff, 0x6a, 0xaa,
    0xaa, 0x30, 0x5a, 0xaa, 0xaa, 0xaa, 0xaa, 0xaa,
    0xaa, 0x60,

    /* U+F00C "" */
    0x0, 0x0, 0x0, 0x0, 0x0, 0x0, 0x0, 0x0,
    0x0, 0x0, 0x10, 0x0, 0x0, 0x0, 0x0, 0x0,
    0x0, 0x0, 0x0, 0x0, 0x1, 0xdf, 0x60, 0x0,
    0x0, 0x0, 0x0, 0x0, 0x0, 0x0, 0x0, 0x1,
    0xdf, 0xff, 0x60, 0x0, 0x0, 0x0, 0x0, 0x0,
    0x0, 0x0, 0x1, 0xdf, 0xff, 0xff, 0x0, 0x0,
    0x0, 0x0, 0x0, 0x0, 0x0, 0x1, 0xdf, 0xff,
    0xff, 0x80, 0x0, 0x0, 0x0, 0x0, 0x0, 0x0,
    0x1, 0xdf, 0xff, 0xff, 0x90, 0x0, 0x52, 0x0,
    0x0, 0x0, 0x0, 0x1, 0xdf, 0xff, 0xff, 0x90,
    0x0, 0x9f, 0xf3, 0x0, 0x0, 0x0, 0x1, 0xdf,
    0xff, 0xff, 0x90, 0x0, 0x9f, 0xff, 0xf3, 0x0,
    0x0, 0x1, 0xdf, 0xff, 0xff, 0x80, 0x0, 0xf,
    0xff, 0xff, 0xf3, 0x0, 0x1, 0xdf, 0xff, 0xff,
    0x80, 0x0, 0x0, 0x5f, 0xff, 0xff, 0xf3, 0x1,
    0xdf, 0xff, 0xff, 0x80, 0x0, 0x0, 0x0, 0x5f,
    0xff, 0xff, 0xf5, 0xdf, 0xff, 0xff, 0x80, 0x0,
    0x0, 0x0, 0x0, 0x5f, 0xff, 0xff, 0xff, 0xff,
    0xff, 0x80, 0x0, 0x0, 0x0, 0x0, 0x0, 0x5f,
    0xff, 0xff, 0xff, 0xff, 0x80, 0x0, 0x0, 0x0,
    0x0, 0x0, 0x0, 0x5f, 0xff, 0xff, 0xff, 0x80,
    0x0, 0x0, 0x0, 0x0, 0x0, 0x0, 0x0, 0x5f,
    0xff, 0xff, 0x80, 0x0, 0x0, 0x0, 0x0, 0x0,
    0x0, 0x0, 0x0, 0x5f, 0xff, 0x80, 0x0, 0x0,
    0x0, 0x0, 0x0, 0x0, 0x0, 0x0, 0x0, 0x4e,
    0x80, 0x0, 0x0, 0x0, 0x0, 0x0, 0x0,

    /* U+F00D "" */
    0x4, 0x93, 0x0, 0x0, 0x0, 0x0, 0x49, 0x30,
    0x5f, 0xff, 0x30, 0x0, 0x0, 0x5, 0xff, 0xf3,
    0xef, 0xff, 0xf3, 0x0, 0x0, 0x6f, 0xff, 0xfb,
    0xbf, 0xff, 0xff, 0x30, 0x6, 0xff, 0xff, 0xf8,
    0xc, 0xff, 0xff, 0xf3, 0x6f, 0xff, 0xff, 0xa0,
    0x0, 0xcf, 0xff, 0xff, 0xff, 0xff, 0xfa, 0x0,
    0x0, 0xc, 0xff, 0xff, 0xff, 0xff, 0xa0, 0x0,
    0x0, 0x0, 0xcf, 0xff, 0xff, 0xfa, 0x0, 0x0,
    0x0, 0x0, 0x6f, 0xff, 0xff, 0xf3, 0x0, 0x0,
    0x0, 0x6, 0xff, 0xff, 0xff, 0xff, 0x30, 0x0,
    0x0, 0x6f, 0xff, 0xff, 0xff, 0xff, 0xf3, 0x0,
    0x6, 0xff, 0xff, 0xfa, 0xcf, 0xff, 0xff, 0x30,
    0x5f, 0xff, 0xff, 0xa0, 0xc, 0xff, 0xff, 0xf3,
    0xff, 0xff, 0xfa, 0x0, 0x0, 0xcf, 0xff, 0xfb,
    0xbf, 0xff, 0xa0, 0x0, 0x0, 0xc, 0xff, 0xf8,
    0xc, 0xfa, 0x0, 0x0, 0x0, 0x0, 0xcf, 0x90,
    0x0, 0x10, 0x0, 0x0, 0x0, 0x0, 0x1, 0x0,

    /* U+F011 "" */
    0x0, 0x0, 0x0, 0x0, 0x0, 0x2, 0x10, 0x0,
    0x0, 0x0, 0x0, 0x0, 0x0, 0x0, 0x0, 0x0,
    0x0, 0xef, 0xf5, 0x0, 0x0, 0x0, 0x0, 0x0,
    0x0, 0x0, 0x0, 0x0, 0x1, 0xff, 0xf8, 0x0,
    0x0, 0x0, 0x0, 0x0, 0x0, 0x0, 0x4d, 0x60,
    0x1, 0xff, 0xf8, 0x0, 0x1c, 0x90, 0x0, 0x0,
    0x0, 0x5, 0xff, 0xf1, 0x1, 0xff, 0xf8, 0x0,
    0xaf, 0xfb, 0x0, 0x0, 0x0, 0x3f, 0xff, 0xf6,
    0x1, 0xff, 0xf8, 0x0, 0xef, 0xff, 0xa0, 0x0,
    0x0, 0xef, 0xff, 0xc0, 0x1, 0xff, 0xf8, 0x0,
    0x5f, 0xff, 0xf5, 0x0, 0x7, 0xff, 0xfc, 0x0,
    0x1, 0xff, 0xf8, 0x0, 0x5, 0xff, 0xfe, 0x0,
    0xe, 0xff, 0xf1, 0x0, 0x1, 0xff, 0xf8, 0x0,
    0x0, 0xaf, 0xff, 0x50, 0x3f, 0xff, 0x90, 0x0,
    0x1, 0xff, 0xf8, 0x0, 0x0, 0x2f, 0xff, 0xa0,
    0x7f, 0xff, 0x30, 0x0, 0x1, 0xff, 0xf8, 0x0,
    0x0, 0xc, 0xff, 0xe0, 0x9f, 0xff, 0x0, 0x0,
    0x1, 0xff, 0xf8, 0x0, 0x0, 0x9, 0xff, 0xf0,
    0x9f, 0xff, 0x0, 0x0, 0x1, 0xff, 0xf8, 0x0,
    0x0, 0x8, 0xff, 0xf0, 0x9f, 0xff, 0x0, 0x0,
    0x0, 0x9d, 0xc3, 0x0, 0x0, 0xa, 0xff, 0xf0,
    0x6f, 0xff, 0x40, 0x0, 0x0, 0x0, 0x0, 0x0,
    0x0, 0xd, 0xff, 0xd0, 0x2f, 0xff, 0xa0, 0x0,
    0x0, 0x0, 0x0, 0x0, 0x0, 0x3f, 0xff, 0x90,
    0xd, 0xff, 0xf3, 0x0, 0x0, 0x0, 0x0, 0x0,
    0x0, 0xcf, 0xff, 0x40, 0x5, 0xff, 0xfe, 0x20,
    0x0, 0x0, 0x0, 0x0, 0xa, 0xff, 0xfc, 0x0,
    0x0, 0xbf, 0xff, 0xe4, 0x0, 0x0, 0x0, 0x1,
    0xbf, 0xff, 0xf3, 0x0, 0x0, 0x1e, 0xff, 0xff,
    0xc6, 0x21, 0x24, 0x9f, 0xff, 0xff, 0x60, 0x0,
    0x0, 0x2, 0xef, 0xff, 0xff, 0xff, 0xff, 0xff,
    0xff, 0xf7, 0x0, 0x0, 0x0, 0x0, 0x1a, 0xff,
    0xff, 0xff, 0xff, 0xff, 0xfe, 0x40, 0x0, 0x0,
    0x0, 0x0, 0x0, 0x4b, 0xff, 0xff, 0xff, 0xfd,
    0x70, 0x0, 0x0, 0x0, 0x0, 0x0, 0x0, 0x0,
    0x14, 0x77, 0x75, 0x20, 0x0, 0x0, 0x0, 0x0,

    /* U+F013 "" */
    0x0, 0x0, 0x0, 0x0, 0x0, 0x0, 0x0, 0x0,
    0x0, 0x0, 0x0, 0x0, 0x0, 0x0, 0x0, 0x1,
    0x9b, 0xcb, 0x91, 0x0, 0x0, 0x0, 0x0, 0x0,
    0x0, 0x0, 0x0, 0x5f, 0xff, 0xff, 0x50, 0x0,
    0x0, 0x0, 0x0, 0x0, 0x0, 0x0, 0x6, 0xff,
    0xff, 0xf6, 0x0, 0x0, 0x0, 0x0, 0x0, 0x3,
    0x0, 0x3, 0xcf, 0xff, 0xff, 0xc3, 0x0, 0x13,
    0x0, 0x0, 0x3, 0xfe, 0x69, 0xff, 0xff, 0xff,
    0xff, 0xf9, 0x6e, 0xf3, 0x0, 0x0, 0xdf, 0xff,
    0xff, 0xff, 0xff, 0xff, 0xff, 0xff, 0xff, 0xd0,
    0x0, 0x7f, 0xff, 0xff, 0xff, 0xff, 0xff, 0xff,
    0xff, 0xff, 0xff, 0x70, 0xe, 0xff, 0xff, 0xff,
    0xff, 0xec, 0xef, 0xff, 0xff, 0xff, 0xfe, 0x1,
    0xdf, 0xff, 0xff, 0xff, 0x60, 0x0, 0x6f, 0xff,
    0xff, 0xff, 0xd1, 0x0, 0x7f, 0xff, 0xff, 0x70,
    0x0, 0x0, 0x7f, 0xff, 0xff, 0x70, 0x0, 0x0,
    0xff, 0xff, 0xf0, 0x0, 0x0, 0x0, 0xff, 0xff,
    0xf0, 0x0, 0x0, 0x1f, 0xff, 0xfe, 0x0, 0x0,
    0x0, 0xe, 0xff, 0xff, 0x10, 0x0, 0x0, 0xff,
    0xff, 0xf1, 0x0, 0x0, 0x1, 0xff, 0xff, 0xf0,
    0x0, 0x2, 0xbf, 0xff, 0xff, 0x90, 0x0, 0x0,
    0xaf, 0xff, 0xff, 0xb2, 0x1, 0xff, 0xff, 0xff,
    0xff, 0xa2, 0x2, 0xaf, 0xff, 0xff, 0xff, 0xf1,
    0xc, 0xff, 0xff, 0xff, 0xff, 0xff, 0xff, 0xff,
    0xff, 0xff, 0xfc, 0x0, 0x5f, 0xff, 0xff, 0xff,
    0xff, 0xff, 0xff, 0xff, 0xff, 0xff, 0x50, 0x0,
    0xbf, 0xff, 0xff, 0xff, 0xff, 0xff, 0xff, 0xff,
    0xff, 0xb0, 0x0, 0x1, 0xec, 0x25, 0xef, 0xff,
    0xff, 0xff, 0xe5, 0x2b, 0xe1, 0x0, 0x0, 0x0,
    0x0, 0x0, 0x9f, 0xff, 0xff, 0x90, 0x0, 0x0,
    0x0, 0x0, 0x0, 0x0, 0x0, 0x6, 0xff, 0xff,
    0xf6, 0x0, 0x0, 0x0, 0x0, 0x0, 0x0, 0x0,
    0x0, 0x5f, 0xff, 0xff, 0x50, 0x0, 0x0, 0x0,
    0x0, 0x0, 0x0, 0x0, 0x0, 0x57, 0x87, 0x50,
    0x0, 0x0, 0x0, 0x0,

    /* U+F015 "" */
    0x0, 0x0, 0x0, 0x0, 0x0, 0x5, 0xdc, 0x30,
    0x0, 0x8e, 0xec, 0x0, 0x0, 0x0, 0x0, 0x0,
    0x0, 0x0, 0x8f, 0xff, 0xf6, 0x0, 0xaf, 0xfe,
    0x0, 0x0, 0x0, 0x0, 0x0, 0x0, 0xb, 0xff,
    0xff, 0xff, 0x90, 0xaf, 0xfe, 0x0, 0x0, 0x0,
    0x0, 0x0, 0x2, 0xdf, 0xff, 0x9a, 0xff, 0xfb,
    0xbf, 0xfe, 0x0, 0x0, 0x0, 0x0, 0x0, 0x4e,
    0xff, 0xf5, 0x0, 0x7f, 0xff, 0xff, 0xfe, 0x0,
    0x0, 0x0, 0x0, 0x6, 0xff, 0xfe, 0x30, 0x98,
    0x4, 0xff, 0xff, 0xfe, 0x0, 0x0, 0x0, 0x0,
    0x9f, 0xff, 0xc1, 0x1c, 0xff, 0xb0, 0x2d, 0xff,
    0xfe, 0x0, 0x0, 0x0, 0x1c, 0xff, 0xfa, 0x3,
    0xef, 0xff, 0xfd, 0x21, 0xbf, 0xff, 0xa0, 0x0,
    0x2, 0xef, 0xff, 0x70, 0x5f, 0xff, 0xff, 0xff,
    0xe3, 0x9, 0xff, 0xfc, 0x10, 0x5f, 0xff, 0xf4,
    0x7, 0xff, 0xff, 0xff, 0xff, 0xff, 0x60, 0x6f,
    0xff, 0xe3, 0xdf, 0xfd, 0x20, 0xaf, 0xff, 0xff,
    0xff, 0xff, 0xff, 0xf9, 0x3, 0xef, 0xfb, 0x3f,
    0xc1, 0x1c, 0xff, 0xff, 0xff, 0xff, 0xff, 0xff,
    0xff, 0xb1, 0x2d, 0xf2, 0x2, 0x0, 0xaf, 0xff,
    0xff, 0xff, 0xff, 0xff, 0xff, 0xff, 0xf8, 0x0,
    0x20, 0x0, 0x0, 0xbf, 0xff, 0xff, 0xff, 0xff,
    0xff, 0xff, 0xff, 0xf9, 0x0, 0x0, 0x0, 0x0,
    0xbf, 0xff, 0xff, 0xf8, 0x77, 0x8f, 0xff, 0xff,
    0xf9, 0x0, 0x0, 0x0, 0x0, 0xbf, 0xff, 0xff,
    0xc0, 0x0, 0xe, 0xff, 0xff, 0xf9, 0x0, 0x0,
    0x0, 0x0, 0xbf, 0xff, 0xff, 0xc0, 0x0, 0xe,
    0xff, 0xff, 0xf9, 0x0, 0x0, 0x0, 0x0, 0xbf,
    0xff, 0xff, 0xc0, 0x0, 0xe, 0xff, 0xff, 0xf9,
    0x0, 0x0, 0x0, 0x0, 0xbf, 0xff, 0xff, 0xc0,
    0x0, 0xe, 0xff, 0xff, 0xf9, 0x0, 0x0, 0x0,
    0x0, 0xaf, 0xff, 0xff, 0xb0, 0x0, 0xd, 0xff,
    0xff, 0xf8, 0x0, 0x0, 0x0, 0x0, 0x3, 0x33,
    0x33, 0x10, 0x0, 0x1, 0x33, 0x33, 0x30, 0x0,
    0x0,

    /* U+F019 "" */
    0x0, 0x0, 0x0, 0x0, 0x2e, 0xff, 0xfe, 0x20,
    0x0, 0x0, 0x0, 0x0, 0x0, 0x0, 0x0, 0x5,
    0xff, 0xff, 0xf5, 0x0, 0x0, 0x0, 0x0, 0x0,
    0x0, 0x0, 0x0, 0x6f, 0xff, 0xff, 0x60, 0x0,
    0x0, 0x0, 0x0, 0x0, 0x0, 0x0, 0x6, 0xff,
    0xff, 0xf6, 0x0, 0x0, 0x0, 0x0, 0x0, 0x0,
    0x0, 0x0, 0x6f, 0xff, 0xff, 0x60, 0x0, 0x0,
    0x0, 0x0, 0x0, 0x0, 0x0, 0x6, 0xff, 0xff,
    0xf6, 0x0, 0x0, 0x0, 0x0, 0x0, 0x0, 0x0,
    0x0, 0x6f, 0xff, 0xff, 0x60, 0x0, 0x0, 0x0,
    0x0, 0x0, 0x0, 0x0, 0x6, 0xff, 0xff, 0xf6,
    0x0, 0x0, 0x0, 0x0, 0x0, 0x0, 0x45, 0x55,
    0x9f, 0xff, 0xff, 0x95, 0x55, 0x40, 0x0, 0x0,
    0x0, 0x2f, 0xff, 0xff, 0xff, 0xff, 0xff, 0xff,
    0xff, 0x20, 0x0, 0x0, 0x0, 0x9f, 0xff, 0xff,
    0xff, 0xff, 0xff, 0xff, 0x90, 0x0, 0x0, 0x0,
    0x0, 0x9f, 0xff, 0xff, 0xff, 0xff, 0xff, 0x90,
    0x0, 0x0, 0x0, 0x0, 0x0, 0x9f, 0xff, 0xff,
    0xff, 0xff, 0x90, 0x0, 0x0, 0x0, 0x0, 0x0,
    0x0, 0x9f, 0xff, 0xff, 0xff, 0x90, 0x0, 0x0,
    0x0, 0x0, 0x0, 0x0, 0x0, 0x9f, 0xff, 0xff,
    0x90, 0x0, 0x0, 0x0, 0x0, 0x22, 0x22, 0x22,
    0x20, 0x9f, 0xff, 0x90, 0x22, 0x22, 0x22, 0x20,
    0xdf, 0xff, 0xff, 0xff, 0x60, 0x9f, 0x90, 0x5f,
    0xff, 0xff, 0xff, 0xdf, 0xff, 0xff, 0xff, 0xff,
    0x60, 0x20, 0x6f, 0xff, 0xff, 0xff, 0xff, 0xff,
    0xff, 0xff, 0xff, 0xff, 0xa6, 0xaf, 0xff, 0xff,
    0xff, 0xff, 0xff, 0xff, 0xff, 0xff, 0xff, 0xff,
    0xff, 0xff, 0xff, 0xff, 0xff, 0xff, 0xff, 0xff,
    0xff, 0xff, 0xff, 0xff, 0xff, 0xfc, 0xe, 0x70,
    0xdf, 0xff, 0xff, 0xff, 0xff, 0xff, 0xff, 0xff,
    0xff, 0xe6, 0xfb, 0x5e, 0xff, 0xbf, 0xff, 0xff,
    0xff, 0xff, 0xff, 0xff, 0xff, 0xff, 0xff, 0xff,
    0xb0,

    /* U+F01C "" */
    0x0, 0x0, 0x0, 0x0, 0x0, 0x0, 0x0, 0x0,
    0x0, 0x0, 0x0, 0x0, 0x0, 0x0, 0x0, 0x7,
    0xff, 0xff, 0xff, 0xff, 0xff, 0xff, 0xfe, 0x50,
    0x0, 0x0, 0x0, 0x0, 0x4f, 0xff, 0xff, 0xff,
    0xff, 0xff, 0xff, 0xff, 0xf3, 0x0, 0x0, 0x0,
    0x1, 0xef, 0xfd, 0xdd, 0xdd, 0xdd, 0xdd, 0xdd,
    0xef, 0xfd, 0x0, 0x0, 0x0, 0xa, 0xff, 0xc0,
    0x0, 0x0, 0x0, 0x0, 0x0, 0xe, 0xff, 0x80,
    0x0, 0x0, 0x5f, 0xff, 0x20, 0x0, 0x0, 0x0,
    0x0, 0x0, 0x4, 0xff, 0xf3, 0x0, 0x1, 0xef,
    0xf6, 0x0, 0x0, 0x0, 0x0, 0x0, 0x0, 0x0,
    0x9f, 0xfd, 0x0, 0xa, 0xff, 0xb0, 0x0, 0x0,
    0x0, 0x0, 0x0, 0x0, 0x0, 0xd, 0xff, 0x80,
    0x5f, 0xff, 0x10, 0x0, 0x0, 0x0, 0x0, 0x0,
    0x0, 0x0, 0x3, 0xff, 0xf3, 0xdf, 0xfd, 0xaa,
    0xaa, 0x91, 0x0, 0x0, 0x0, 0x2a, 0xaa, 0xaa,
    0xef, 0xfb, 0xff, 0xff, 0xff, 0xff, 0xf8, 0x0,
    0x0, 0x0, 0xaf, 0xff, 0xff, 0xff, 0xfd, 0xff,
    0xff, 0xff, 0xff, 0xff, 0x10, 0x0, 0x2, 0xff,
    0xff, 0xff, 0xff, 0xfe, 0xff, 0xff, 0xff, 0xff,
    0xff, 0xdc, 0xcc, 0xcd, 0xff, 0xff, 0xff, 0xff,
    0xfe, 0xff, 0xff, 0xff, 0xff, 0xff, 0xff, 0xff,
    0xff, 0xff, 0xff, 0xff, 0xff, 0xfe, 0xff, 0xff,
    0xff, 0xff, 0xff, 0xff, 0xff, 0xff, 0xff, 0xff,
    0xff, 0xff, 0xfe, 0xff, 0xff, 0xff, 0xff, 0xff,
    0xff, 0xff, 0xff, 0xff, 0xff, 0xff, 0xff, 0xfd,
    0xdf, 0xff, 0xff, 0xff, 0xff, 0xff, 0xff, 0xff,
    0xff, 0xff, 0xff, 0xff, 0xfb, 0x3d, 0xff, 0xff,
    0xff, 0xff, 0xff, 0xff, 0xff, 0xff, 0xff, 0xff,
    0xff, 0xc2,

    /* U+F021 "" */
    0x0, 0x0, 0x0, 0x0, 0x0, 0x0, 0x0, 0x0,
    0x0, 0x0, 0x11, 0x10, 0x0, 0x0, 0x0, 0x16,
    0xac, 0xdc, 0x95, 0x0, 0x0, 0x2f, 0xff, 0x0,
    0x0, 0x1, 0xaf, 0xff, 0xff, 0xff, 0xfe, 0x80,
    0x2, 0xff, 0xf0, 0x0, 0x5, 0xef, 0xff, 0xff,
    0xff, 0xff, 0xff, 0xe4, 0x1f, 0xff, 0x0, 0x6,
    0xff, 0xff, 0xfa, 0x76, 0x7b, 0xff, 0xff, 0xf7,
    0xff, 0xf0, 0x4, 0xff, 0xff, 0x91, 0x0, 0x0,
    0x2, 0xaf, 0xff, 0xff, 0xff, 0x1, 0xef, 0xff,
    0x50, 0x0, 0x0, 0x0, 0x0, 0x5f, 0xff, 0xff,
    0xf0, 0x8f, 0xff, 0x50, 0x0, 0x0, 0x0, 0x22,
    0x21, 0x6f, 0xff, 0xff, 0xe, 0xff, 0xa0, 0x0,
    0x0, 0x0, 0xf, 0xff, 0xff, 0xff, 0xff, 0xf3,
    0xff, 0xf2, 0x0, 0x0, 0x0, 0x1, 0xff, 0xff,
    0xff, 0xff, 0xff, 0x5f, 0xfb, 0x0, 0x0, 0x0,
    0x0, 0xe, 0xff, 0xff, 0xff, 0xff, 0xd0, 0x0,
    0x0, 0x0, 0x0, 0x0, 0x0, 0x0, 0x0, 0x0,
    0x0, 0x0, 0x0, 0x0, 0x0, 0x0, 0x0, 0x0,
    0x0, 0x0, 0x0, 0x0, 0x0, 0x1, 0x22, 0x22,
    0x22, 0x22, 0x10, 0x0, 0x0, 0x0, 0x0, 0x12,
    0x20, 0xff, 0xff, 0xff, 0xff, 0xff, 0x0, 0x0,
    0x0, 0x0, 0xe, 0xff, 0x5f, 0xff, 0xff, 0xff,
    0xff, 0xf1, 0x0, 0x0, 0x0, 0x4, 0xff, 0xf2,
    0xff, 0xff, 0xfd, 0xef, 0xff, 0x0, 0x0, 0x0,
    0x0, 0xdf, 0xfd, 0xf, 0xff, 0xff, 0x90, 0x0,
    0x0, 0x0, 0x0, 0x0, 0xaf, 0xff, 0x50, 0xff,
    0xff, 0xff, 0xa1, 0x0, 0x0, 0x0, 0x1, 0xbf,
    0xff, 0xb0, 0xf, 0xff, 0xef, 0xff, 0xf9, 0x30,
    0x0, 0x28, 0xff, 0xff, 0xe1, 0x0, 0xff, 0xf2,
    0xcf, 0xff, 0xff, 0xfe, 0xff, 0xff, 0xff, 0xd1,
    0x0, 0xf, 0xff, 0x10, 0x8f, 0xff, 0xff, 0xff,
    0xff, 0xff, 0x90, 0x0, 0x0, 0xff, 0xf2, 0x0,
    0x17, 0xdf, 0xff, 0xff, 0xfa, 0x30, 0x0, 0x0,
    0xd, 0xee, 0x10, 0x0, 0x0, 0x24, 0x54, 0x30,
    0x0, 0x0, 0x0, 0x0,

    /* U+F026 "" */
    0x0, 0x0, 0x0, 0x0, 0x0, 0x30, 0x0, 0x0,
    0x0, 0x0, 0xc, 0xf6, 0x0, 0x0, 0x0, 0x0,
    0xcf, 0xf8, 0x0, 0x0, 0x0, 0xc, 0xff, 0xf8,
    0x0, 0x0, 0x0, 0xcf, 0xff, 0xf8, 0xbf, 0xff,
    0xff, 0xff, 0xff, 0xf8, 0xff, 0xff, 0xff, 0xff,
    0xff, 0xf8, 0xff, 0xff, 0xff, 0xff, 0xff, 0xf8,
    0xff, 0xff, 0xff, 0xff, 0xff, 0xf8, 0xff, 0xff,
    0xff, 0xff, 0xff, 0xf8, 0xff, 0xff, 0xff, 0xff,
    0xff, 0xf8, 0xff, 0xff, 0xff, 0xff, 0xff, 0xf8,
    0xff, 0xff, 0xff, 0xff, 0xff, 0xf8, 0x6a, 0xaa,
    0xab, 0xff, 0xff, 0xf8, 0x0, 0x0, 0x0, 0x8f,
    0xff, 0xf8, 0x0, 0x0, 0x0, 0x8, 0xff, 0xf8,
    0x0, 0x0, 0x0, 0x0, 0x8f, 0xf7, 0x0, 0x0,
    0x0, 0x0, 0x7, 0xe4, 0x0, 0x0, 0x0, 0x0,
    0x0, 0x0,

    /* U+F027 "" */
    0x0, 0x0, 0x0, 0x0, 0x0, 0x30, 0x0, 0x0,
    0x0, 0x0, 0x0, 0x0, 0x0, 0xc, 0xf6, 0x0,
    0x0, 0x0, 0x0, 0x0, 0x0, 0x0, 0xcf, 0xf8,
    0x0, 0x0, 0x0, 0x0, 0x0, 0x0, 0xc, 0xff,
    0xf8, 0x0, 0x0, 0x0, 0x0, 0x0, 0x0, 0xcf,
    0xff, 0xf8, 0x0, 0x0, 0x0, 0xbf, 0xff, 0xff,
    0xff, 0xff, 0xf8, 0x0, 0x10, 0x0, 0xff, 0xff,
    0xff, 0xff, 0xff, 0xf8, 0x4, 0xfc, 0x10, 0xff,
    0xff, 0xff, 0xff, 0xff, 0xf8, 0x3, 0xff, 0xb0,
    0xff, 0xff, 0xff, 0xff, 0xff, 0xf8, 0x0, 0x3f,
    0xf1, 0xff, 0xff, 0xff, 0xff, 0xff, 0xf8, 0x0,
    0xf, 0xf3, 0xff, 0xff, 0xff, 0xff, 0xff, 0xf8,
    0x0, 0x5f, 0xf1, 0xff, 0xff, 0xff, 0xff, 0xff,
    0xf8, 0x4, 0xff, 0x90, 0xff, 0xff, 0xff, 0xff,
    0xff, 0xf8, 0x3, 0xea, 0x0, 0x6a, 0xaa, 0xab,
    0xff, 0xff, 0xf8, 0x0, 0x0, 0x0, 0x0, 0x0,
    0x0, 0x8f, 0xff, 0xf8, 0x0, 0x0, 0x0, 0x0,
    0x0, 0x0, 0x8, 0xff, 0xf8, 0x0, 0x0, 0x0,
    0x0, 0x0, 0x0, 0x0, 0x8f, 0xf7, 0x0, 0x0,
    0x0, 0x0, 0x0, 0x0, 0x0, 0x7, 0xe3, 0x0,
    0x0, 0x0, 0x0, 0x0, 0x0, 0x0, 0x0, 0x0,
    0x0, 0x0, 0x0,

    /* U+F028 "" */
    0x0, 0x0, 0x0, 0x0, 0x0, 0x0, 0x0, 0x0,
    0x0, 0x5, 0x10, 0x0, 0x0, 0x0, 0x0, 0x0,
    0x0, 0x0, 0x0, 0x0, 0x0, 0x0, 0x7f, 0xe3,
    0x0, 0x0, 0x0, 0x0, 0x0, 0x0, 0x0, 0x30,
    0x0, 0x0, 0x0, 0x2e, 0xff, 0x40, 0x0, 0x0,
    0x0, 0x0, 0x0, 0xc, 0xf6, 0x0, 0x0, 0x0,
    0x2, 0xdf, 0xf2, 0x0, 0x0, 0x0, 0x0, 0x0,
    0xcf, 0xf8, 0x0, 0x0, 0xa9, 0x0, 0x1d, 0xfc,
    0x0, 0x0, 0x0, 0x0, 0xc, 0xff, 0xf8, 0x0,
    0x0, 0xff, 0xd1, 0x3, 0xff, 0x60, 0x0, 0x0,
    0x0, 0xcf, 0xff, 0xf8, 0x0, 0x0, 0x4e, 0xfb,
    0x0, 0x8f, 0xd0, 0xbf, 0xff, 0xff, 0xff, 0xff,
    0xf8, 0x0, 0x20, 0x3, 0xff, 0x60, 0x1f, 0xf3,
    0xff, 0xff, 0xff, 0xff, 0xff, 0xf8, 0x4, 0xfc,
    0x10, 0x8f, 0xd0, 0xb, 0xf8, 0xff, 0xff, 0xff,
    0xff, 0xff, 0xf8, 0x2, 0xef, 0xb0, 0x1f, 0xf2,
    0x7, 0xfb, 0xff, 0xff, 0xff, 0xff, 0xff, 0xf8,
    0x0, 0x3f, 0xf1, 0xd, 0xf5, 0x5, 0xfd, 0xff,
    0xff, 0xff, 0xff, 0xff, 0xf8, 0x0, 0xf, 0xf3,
    0xc, 0xf5, 0x4, 0xfd, 0xff, 0xff, 0xff, 0xff,
    0xff, 0xf8, 0x0, 0x6f, 0xf1, 0xe, 0xf4, 0x6,
    0xfc, 0xff, 0xff, 0xff, 0xff, 0xff, 0xf8, 0x4,
    0xff, 0x80, 0x2f, 0xf1, 0x8, 0xfa, 0xff, 0xff,
    0xff, 0xff, 0xff, 0xf8, 0x2, 0xe9, 0x0, 0xaf,
    0xc0, 0xc, 0xf7, 0x6a, 0xaa, 0xab, 0xff, 0xff,
    0xf8, 0x0, 0x0, 0x6, 0xff, 0x40, 0x2f, 0xf2,
    0x0, 0x0, 0x0, 0x8f, 0xff, 0xf8, 0x0, 0x0,
    0x8f, 0xf9, 0x0, 0xaf, 0xc0, 0x0, 0x0, 0x0,
    0x8, 0xff, 0xf8, 0x0, 0x1, 0xff, 0x90, 0x4,
    0xff, 0x40, 0x0, 0x0, 0x0, 0x0, 0x8f, 0xf7,
    0x0, 0x0, 0x55, 0x0, 0x2f, 0xfa, 0x0, 0x0,
    0x0, 0x0, 0x0, 0x7, 0xe4, 0x0, 0x0, 0x0,
    0x4, 0xef, 0xd0, 0x0, 0x0, 0x0, 0x0, 0x0,
    0x0, 0x0, 0x0, 0x0, 0x0, 0x5f, 0xfd, 0x10,
    0x0, 0x0, 0x0, 0x0, 0x0, 0x0, 0x0, 0x0,
    0x0, 0x0, 0x5f, 0xb1, 0x0, 0x0, 0x0, 0x0,
    0x0, 0x0, 0x0, 0x0, 0x0, 0x0, 0x0, 0x1,
    0x0, 0x0, 0x0,

    /* U+F03E "" */
    0x0, 0x0, 0x0, 0x0, 0x0, 0x0, 0x0, 0x0,
    0x0, 0x0, 0x0, 0x4, 0xef, 0xff, 0xff, 0xff,
    0xff, 0xff, 0xff, 0xff, 0xff, 0xff, 0xe4, 0xdf,
    0xff, 0xff, 0xff, 0xff, 0xff, 0xff, 0xff, 0xff,
    0xff, 0xff, 0xdf, 0xff, 0xe9, 0x8e, 0xff, 0xff,
    0xff, 0xff, 0xff, 0xff, 0xff, 0xff, 0xff, 0xe1,
    0x0, 0x1e, 0xff, 0xff, 0xff, 0xff, 0xff, 0xff,
    0xff, 0xff, 0xf9, 0x0, 0x0, 0x8f, 0xff, 0xff,
    0xff, 0xff, 0xff, 0xff, 0xff, 0xff, 0xa0, 0x0,
    0x9, 0xff, 0xff, 0xff, 0xe3, 0x7f, 0xff, 0xff,
    0xff, 0xff, 0x40, 0x3, 0xff, 0xff, 0xff, 0xe2,
    0x0, 0x7f, 0xff, 0xff, 0xff, 0xff, 0xcc, 0xff,
    0xff, 0xff, 0xe2, 0x0, 0x0, 0x7f, 0xff, 0xff,
    0xff, 0xff, 0xfb, 0xff, 0xff, 0xe2, 0x0, 0x0,
    0x0, 0x7f, 0xff, 0xff, 0xff, 0xf5, 0x6, 0xff,
    0xe2, 0x0, 0x0, 0x0, 0x0, 0xef, 0xff, 0xff,
    0xf5, 0x0, 0x6, 0xe2, 0x0, 0x0, 0x0, 0x0,
    0xe, 0xff, 0xff, 0xf5, 0x0, 0x0, 0x1, 0x0,
    0x0, 0x0, 0x0, 0x0, 0xef, 0xff, 0xfe, 0x0,
    0x0, 0x0, 0x0, 0x0, 0x0, 0x0, 0x0, 0xe,
    0xff, 0xff, 0xe0, 0x0, 0x0, 0x0, 0x0, 0x0,
    0x0, 0x0, 0x0, 0xef, 0xff, 0xff, 0xee, 0xee,
    0xee, 0xee, 0xee, 0xee, 0xee, 0xee, 0xef, 0xff,
    0xdf, 0xff, 0xff, 0xff, 0xff, 0xff, 0xff, 0xff,
    0xff, 0xff, 0xff, 0xd3, 0xdf, 0xff, 0xff, 0xff,
    0xff, 0xff, 0xff, 0xff, 0xff, 0xff, 0xd3,

    /* U+F043 "" */
    0x0, 0x0, 0x0, 0x0, 0x0, 0x0, 0x0, 0x0,
    0x0, 0x0, 0x0, 0x2f, 0xe1, 0x0, 0x0, 0x0,
    0x0, 0x0, 0x0, 0xaf, 0xf7, 0x0, 0x0, 0x0,
    0x0, 0x0, 0x0, 0xff, 0xfc, 0x0, 0x0, 0x0,
    0x0, 0x0, 0x6, 0xff, 0xff, 0x30, 0x0, 0x0,
    0x0, 0x0, 0xe, 0xff, 0xff, 0xb0, 0x0, 0x0,
    0x0, 0x0, 0x6f, 0xff, 0xff, 0xf3, 0x0, 0x0,
    0x0, 0x1, 0xff, 0xff, 0xff, 0xfd, 0x0, 0x0,
    0x0, 0xa, 0xff, 0xff, 0xff, 0xff, 0x70, 0x0,
    0x0, 0x6f, 0xff, 0xff, 0xff, 0xff, 0xf3, 0x0,
    0x2, 0xff, 0xff, 0xff, 0xff, 0xff, 0xfd, 0x0,
    0xb, 0xff, 0xff, 0xff, 0xff, 0xff, 0xff, 0x80,
    0x3f, 0xff, 0xff, 0xff, 0xff, 0xff, 0xff, 0xf1,
    0x9f, 0xff, 0xff, 0xff, 0xff, 0xff, 0xff, 0xf6,
    0xdf, 0xff, 0xff, 0xff, 0xff, 0xff, 0xff, 0xfa,
    0xff, 0xf5, 0xef, 0xff, 0xff, 0xff, 0xff, 0xfc,
    0xff, 0xe0, 0xaf, 0xff, 0xff, 0xff, 0xff, 0xfc,
    0xdf, 0xf2, 0x5f, 0xff, 0xff, 0xff, 0xff, 0xfa,
    0x8f, 0xf9, 0x9, 0xff, 0xff, 0xff, 0xff, 0xf5,
    0x2f, 0xff, 0x60, 0x48, 0xdf, 0xff, 0xff, 0xe0,
    0x8, 0xff, 0xfa, 0x30, 0x8f, 0xff, 0xff, 0x50,
    0x0, 0xaf, 0xff, 0xff, 0xff, 0xff, 0xf8, 0x0,
    0x0, 0x8, 0xff, 0xff, 0xff, 0xfe, 0x50, 0x0,
    0x0, 0x0, 0x17, 0xbd, 0xdb, 0x61, 0x0, 0x0,

    /* U+F048 "" */
    0x0, 0x0, 0x0, 0x0, 0x0, 0x0, 0x0, 0x0,
    0x1e, 0xee, 0x0, 0x0, 0x0, 0x0, 0x3d, 0xa0,
    0x2f, 0xff, 0x10, 0x0, 0x0, 0x4, 0xff, 0xf3,
    0x2f, 0xff, 0x10, 0x0, 0x0, 0x5f, 0xff, 0xf4,
    0x2f, 0xff, 0x10, 0x0, 0x7, 0xff, 0xff, 0xf4,
    0x2f, 0xff, 0x10, 0x0, 0x8f, 0xff, 0xff, 0xf4,
    0x2f, 0xff, 0x10, 0x9, 0xff, 0xff, 0xff, 0xf4,
    0x2f, 0xff, 0x10, 0xaf, 0xff, 0xff, 0xff, 0xf4,
    0x2f, 0xff, 0x2b, 0xff, 0xff, 0xff, 0xff, 0xf4,
    0x2f, 0xff, 0xdf, 0xff, 0xff, 0xff, 0xff, 0xf4,
    0x2f, 0xff, 0xff, 0xff, 0xff, 0xff, 0xff, 0xf4,
    0x2f, 0xff, 0xff, 0xff, 0xff, 0xff, 0xff, 0xf4,
    0x2f, 0xff, 0xff, 0xff, 0xff, 0xff, 0xff, 0xf4,
    0x2f, 0xff, 0x5e, 0xff, 0xff, 0xff, 0xff, 0xf4,
    0x2f, 0xff, 0x12, 0xef, 0xff, 0xff, 0xff, 0xf4,
    0x2f, 0xff, 0x10, 0x1d, 0xff, 0xff, 0xff, 0xf4,
    0x2f, 0xff, 0x10, 0x1, 0xcf, 0xff, 0xff, 0xf4,
    0x2f, 0xff, 0x10, 0x0, 0xb, 0xff, 0xff, 0xf4,
    0x2f, 0xff, 0x10, 0x0, 0x0, 0xaf, 0xff, 0xf4,
    0x2f, 0xff, 0x10, 0x0, 0x0, 0x9, 0xff, 0xf3,
    0x1f, 0xff, 0x10, 0x0, 0x0, 0x0, 0x8f, 0xe1,
    0x3, 0x33, 0x0, 0x0, 0x0, 0x0, 0x2, 0x0,

    /* U+F04B "" */
    0x0, 0x10, 0x0, 0x0, 0x0, 0x0, 0x0, 0x0,
    0x0, 0x0, 0x5, 0xff, 0xa1, 0x0, 0x0, 0x0,
    0x0, 0x0, 0x0, 0x0, 0x0, 0xef, 0xff, 0xf7,
    0x0, 0x0, 0x0, 0x0, 0x0, 0x0, 0x0, 0xf,
    0xff, 0xff, 0xfd, 0x40, 0x0, 0x0, 0x0, 0x0,
    0x0, 0x0, 0xff, 0xff, 0xff, 0xff, 0xb2, 0x0,
    0x0, 0x0, 0x0, 0x0, 0xf, 0xff, 0xff, 0xff,
    0xff, 0xf8, 0x0, 0x0, 0x0, 0x0, 0x0, 0xff,
    0xff, 0xff, 0xff, 0xff, 0xfe, 0x50, 0x0, 0x0,
    0x0, 0xf, 0xff, 0xff, 0xff, 0xff, 0xff, 0xff,
    0xb2, 0x0, 0x0, 0x0, 0xff, 0xff, 0xff, 0xff,
    0xff, 0xff, 0xff, 0xf9, 0x0, 0x0, 0xf, 0xff,
    0xff, 0xff, 0xff, 0xff, 0xff, 0xff, 0xfe, 0x60,
    0x0, 0xff, 0xff, 0xff, 0xff, 0xff, 0xff, 0xff,
    0xff, 0xff, 0xc2, 0xf, 0xff, 0xff, 0xff, 0xff,
    0xff, 0xff, 0xff, 0xff, 0xff, 0xe0, 0xff, 0xff,
    0xff, 0xff, 0xff, 0xff, 0xff, 0xff, 0xff, 0xff,
    0x1f, 0xff, 0xff, 0xff, 0xff, 0xff, 0xff, 0xff,
    0xff, 0xff, 0xc0, 0xff, 0xff, 0xff, 0xff, 0xff,
    0xff, 0xff, 0xff, 0xff, 0x80, 0xf, 0xff, 0xff,
    0xff, 0xff, 0xff, 0xff, 0xff, 0xfb, 0x20, 0x0,
    0xff, 0xff, 0xff, 0xff, 0xff, 0xff, 0xff, 0xd5,
    0x0, 0x0, 0xf, 0xff, 0xff, 0xff, 0xff, 0xff,
    0xff, 0x70, 0x0, 0x0, 0x0, 0xff, 0xff, 0xff,
    0xff, 0xff, 0xfa, 0x10, 0x0, 0x0, 0x0, 0xf,
    0xff, 0xff, 0xff, 0xff, 0xd4, 0x0, 0x0, 0x0,
    0x0, 0x0, 0xff, 0xff, 0xff, 0xff, 0x70, 0x0,
    0x0, 0x0, 0x0, 0x0, 0xf, 0xff, 0xff, 0xfa,
    0x10, 0x0, 0x0, 0x0, 0x0, 0x0, 0x0, 0xdf,
    0xff, 0xc3, 0x0, 0x0, 0x0, 0x0, 0x0, 0x0,
    0x0, 0x2, 0xbd, 0x60, 0x0, 0x0, 0x0, 0x0,
    0x0, 0x0, 0x0, 0x0, 0x0, 0x0, 0x0, 0x0,
    0x0, 0x0, 0x0, 0x0, 0x0, 0x0, 0x0,

    /* U+F04C "" */
    0x3c, 0xff, 0xff, 0xea, 0x0, 0x0, 0x9e, 0xff,
    0xff, 0xd3, 0xd, 0xff, 0xff, 0xff, 0xf7, 0x0,
    0x6f, 0xff, 0xff, 0xff, 0xe0, 0xff, 0xff, 0xff,
    0xff, 0x90, 0x8, 0xff, 0xff, 0xff, 0xff, 0x1f,
    0xff, 0xff, 0xff, 0xfa, 0x0, 0x8f, 0xff, 0xff,
    0xff, 0xf1, 0xff, 0xff, 0xff, 0xff, 0xa0, 0x8,
    0xff, 0xff, 0xff, 0xff, 0x1f, 0xff, 0xff, 0xff,
    0xfa, 0x0, 0x8f, 0xff, 0xff, 0xff, 0xf1, 0xff,
    0xff, 0xff, 0xff, 0xa0, 0x8, 0xff, 0xff, 0xff,
    0xff, 0x1f, 0xff, 0xff, 0xff, 0xfa, 0x0, 0x8f,
    0xff, 0xff, 0xff, 0xf1, 0xff, 0xff, 0xff, 0xff,
    0xa0, 0x8, 0xff, 0xff, 0xff, 0xff, 0x1f, 0xff,
    0xff, 0xff, 0xfa, 0x0, 0x8f, 0xff, 0xff, 0xff,
    0xf1, 0xff, 0xff, 0xff, 0xff, 0xa0, 0x8, 0xff,
    0xff, 0xff, 0xff, 0x1f, 0xff, 0xff, 0xff, 0xfa,
    0x0, 0x8f, 0xff, 0xff, 0xff, 0xf1, 0xff, 0xff,
    0xff, 0xff, 0xa0, 0x8, 0xff, 0xff, 0xff, 0xff,
    0x1f, 0xff, 0xff, 0xff, 0xfa, 0x0, 0x8f, 0xff,
    0xff, 0xff, 0xf1, 0xff, 0xff, 0xff, 0xff, 0xa0,
    0x8, 0xff, 0xff, 0xff, 0xff, 0x1f, 0xff, 0xff,
    0xff, 0xfa, 0x0, 0x8f, 0xff, 0xff, 0xff, 0xf1,
    0xff, 0xff, 0xff, 0xff, 0xa0, 0x8, 0xff, 0xff,
    0xff, 0xff, 0x1f, 0xff, 0xff, 0xff, 0xfa, 0x0,
    0x8f, 0xff, 0xff, 0xff, 0xf1, 0xef, 0xff, 0xff,
    0xff, 0x80, 0x7, 0xff, 0xff, 0xff, 0xff, 0x5,
    0xff, 0xff, 0xff, 0xd1, 0x0, 0x1c, 0xff, 0xff,
    0xff, 0x60, 0x0, 0x22, 0x22, 0x20, 0x0, 0x0,
    0x2, 0x22, 0x22, 0x10, 0x0,

    /* U+F04D "" */
    0x2c, 0xee, 0xee, 0xee, 0xee, 0xee, 0xee, 0xee,
    0xee, 0xc4, 0xd, 0xff, 0xff, 0xff, 0xff, 0xff,
    0xff, 0xff, 0xff, 0xff, 0xe0, 0xff, 0xff, 0xff,
    0xff, 0xff, 0xff, 0xff, 0xff, 0xff, 0xff, 0x1f,
    0xff, 0xff, 0xff, 0xff, 0xff, 0xff, 0xff, 0xff,
    0xff, 0xf2, 0xff, 0xff, 0xff, 0xff, 0xff, 0xff,
    0xff, 0xff, 0xff, 0xff, 0x2f, 0xff, 0xff, 0xff,
    0xff, 0xff, 0xff, 0xff, 0xff, 0xff, 0xf2, 0xff,
    0xff, 0xff, 0xff, 0xff, 0xff, 0xff, 0xff, 0xff,
    0xff, 0x2f, 0xff, 0xff, 0xff, 0xff, 0xff, 0xff,
    0xff, 0xff, 0xff, 0xf2, 0xff, 0xff, 0xff, 0xff,
    0xff, 0xff, 0xff, 0xff, 0xff, 0xff, 0x2f, 0xff,
    0xff, 0xff, 0xff, 0xff, 0xff, 0xff, 0xff, 0xff,
    0xf2, 0xff, 0xff, 0xff, 0xff, 0xff, 0xff, 0xff,
    0xff, 0xff, 0xff, 0x2f, 0xff, 0xff, 0xff, 0xff,
    0xff, 0xff, 0xff, 0xff, 0xff, 0xf2, 0xff, 0xff,
    0xff, 0xff, 0xff, 0xff, 0xff, 0xff, 0xff, 0xff,
    0x2f, 0xff, 0xff, 0xff, 0xff, 0xff, 0xff, 0xff,
    0xff, 0xff, 0xf2, 0xff, 0xff, 0xff, 0xff, 0xff,
    0xff, 0xff, 0xff, 0xff, 0xff, 0x2f, 0xff, 0xff,
    0xff, 0xff, 0xff, 0xff, 0xff, 0xff, 0xff, 0xf2,
    0xff, 0xff, 0xff, 0xff, 0xff, 0xff, 0xff, 0xff,
    0xff, 0xff, 0x2f, 0xff, 0xff, 0xff, 0xff, 0xff,
    0xff, 0xff, 0xff, 0xff, 0xf2, 0xef, 0xff, 0xff,
    0xff, 0xff, 0xff, 0xff, 0xff, 0xff, 0xff, 0x6,
    0xff, 0xff, 0xff, 0xff, 0xff, 0xff, 0xff, 0xff,
    0xff, 0x80, 0x1, 0x33, 0x33, 0x33, 0x33, 0x33,
    0x33, 0x33, 0x33, 0x10, 0x0,

    /* U+F051 "" */
    0x0, 0x0, 0x0, 0x0, 0x0, 0x0, 0x0, 0x0,
    0x8, 0xd5, 0x0, 0x0, 0x0, 0x0, 0xde, 0xe2,
    0x1f, 0xff, 0x60, 0x0, 0x0, 0x0, 0xff, 0xf4,
    0x2f, 0xff, 0xf7, 0x0, 0x0, 0x0, 0xff, 0xf4,
    0x2f, 0xff, 0xff, 0x90, 0x0, 0x0, 0xff, 0xf4,
    0x2f, 0xff, 0xff, 0xfa, 0x0, 0x0, 0xff, 0xf4,
    0x2f, 0xff, 0xff, 0xff, 0xb0, 0x0, 0xff, 0xf4,
    0x2f, 0xff, 0xff, 0xff, 0xfc, 0x10, 0xff, 0xf4,
    0x2f, 0xff, 0xff, 0xff, 0xff, 0xd1, 0xff, 0xf4,
    0x2f, 0xff, 0xff, 0xff, 0xff, 0xfd, 0xff, 0xf4,
    0x2f, 0xff, 0xff, 0xff, 0xff, 0xff, 0xff, 0xf4,
    0x2f, 0xff, 0xff, 0xff, 0xff, 0xff, 0xff, 0xf4,
    0x2f, 0xff, 0xff, 0xff, 0xff, 0xff, 0xff, 0xf4,
    0x2f, 0xff, 0xff, 0xff, 0xff, 0xf4, 0xff, 0xf4,
    0x2f, 0xff, 0xff, 0xff, 0xfe, 0x30, 0xff, 0xf4,
    0x2f, 0xff, 0xff, 0xff, 0xe2, 0x0, 0xff, 0xf4,
    0x2f, 0xff, 0xff, 0xfd, 0x20, 0x0, 0xff, 0xf4,
    0x2f, 0xff, 0xff, 0xc1, 0x0, 0x0, 0xff, 0xf4,
    0x2f, 0xff, 0xfc, 0x0, 0x0, 0x0, 0xff, 0xf4,
    0x1f, 0xff, 0xb0, 0x0, 0x0, 0x0, 0xff, 0xf4,
    0xd, 0xfa, 0x0, 0x0, 0x0, 0x0, 0xff, 0xf3,
    0x0, 0x20, 0x0, 0x0, 0x0, 0x0, 0x23, 0x30,

    /* U+F052 "" */
    0x0, 0x0, 0x0, 0x0, 0x3, 0xcc, 0x40, 0x0,
    0x0, 0x0, 0x0, 0x0, 0x0, 0x0, 0x0, 0x3f,
    0xff, 0xf4, 0x0, 0x0, 0x0, 0x0, 0x0, 0x0,
    0x0, 0x2, 0xef, 0xff, 0xff, 0x30, 0x0, 0x0,
    0x0, 0x0, 0x0, 0x0, 0x1d, 0xff, 0xff, 0xff,
    0xe2, 0x0, 0x0, 0x0, 0x0, 0x0, 0x1, 0xdf,
    0xff, 0xff, 0xff, 0xfe, 0x10, 0x0, 0x0, 0x0,
    0x0, 0xc, 0xff, 0xff, 0xff, 0xff, 0xff, 0xd1,
    0x0, 0x0, 0x0, 0x0, 0xbf, 0xff, 0xff, 0xff,
    0xff, 0xff, 0xfc, 0x0, 0x0, 0x0, 0xa, 0xff,
    0xff, 0xff, 0xff, 0xff, 0xff, 0xff, 0xb0, 0x0,
    0x0, 0x8f, 0xff, 0xff, 0xff, 0xff, 0xff, 0xff,
    0xff, 0xfa, 0x0, 0x6, 0xff, 0xff, 0xff, 0xff,
    0xff, 0xff, 0xff, 0xff, 0xff, 0x80, 0xe, 0xff,
    0xff, 0xff, 0xff, 0xff, 0xff, 0xff, 0xff, 0xff,
    0xf1, 0xd, 0xff, 0xff, 0xff, 0xff, 0xff, 0xff,
    0xff, 0xff, 0xff, 0xf0, 0x4, 0xef, 0xff, 0xff,
    0xff, 0xff, 0xff, 0xff, 0xff, 0xff, 0x60, 0x0,
    0x0, 0x0, 0x0, 0x0, 0x0, 0x0, 0x0, 0x0,
    0x0, 0x0, 0x0, 0x11, 0x11, 0x11, 0x11, 0x11,
    0x11, 0x11, 0x11, 0x11, 0x0, 0xa, 0xff, 0xff,
    0xff, 0xff, 0xff, 0xff, 0xff, 0xff, 0xff, 0xb0,
    0xf, 0xff, 0xff, 0xff, 0xff, 0xff, 0xff, 0xff,
    0xff, 0xff, 0xf1, 0xf, 0xff, 0xff, 0xff, 0xff,
    0xff, 0xff, 0xff, 0xff, 0xff, 0xf2, 0xf, 0xff,
    0xff, 0xff, 0xff, 0xff, 0xff, 0xff, 0xff, 0xff,
    0xf2, 0xe, 0xff, 0xff, 0xff, 0xff, 0xff, 0xff,
    0xff, 0xff, 0xff, 0xf1, 0x4, 0xaa, 0xaa, 0xaa,
    0xaa, 0xaa, 0xaa, 0xaa, 0xaa, 0xaa, 0x50,

    /* U+F053 "" */
    0x0, 0x0, 0x0, 0x0, 0x3, 0x40, 0x0, 0x0,
    0x0, 0x0, 0x5, 0xff, 0x70, 0x0, 0x0, 0x0,
    0x5, 0xff, 0xff, 0x10, 0x0, 0x0, 0x5, 0xff,
    0xff, 0xb0, 0x0, 0x0, 0x5, 0xff, 0xff, 0xb0,
    0x0, 0x0, 0x5, 0xff, 0xff, 0xb0, 0x0, 0x0,
    0x5, 0xff, 0xff, 0xb0, 0x0, 0x0, 0x5, 0xff,
    0xff, 0xb0, 0x0, 0x0, 0x5, 0xff, 0xff, 0xb0,
    0x0, 0x0, 0x5, 0xff, 0xff, 0xb0, 0x0, 0x0,
    0x0, 0xbf, 0xff, 0xf2, 0x0, 0x0, 0x0, 0x2,
    0xef, 0xff, 0xe2, 0x0, 0x0, 0x0, 0x2, 0xef,
    0xff, 0xe2, 0x0, 0x0, 0x0, 0x2, 0xef, 0xff,
    0xe2, 0x0, 0x0, 0x0, 0x2, 0xef, 0xff, 0xe2,
    0x0, 0x0, 0x0, 0x2, 0xef, 0xff, 0xe2, 0x0,
    0x0, 0x0, 0x2, 0xef, 0xff, 0xe2, 0x0, 0x0,
    0x0, 0x2, 0xef, 0xff, 0xe0, 0x0, 0x0, 0x0,
    0x2, 0xef, 0xfe, 0x0, 0x0, 0x0, 0x0, 0x2,
    0xee, 0x30, 0x0, 0x0, 0x0, 0x0, 0x0, 0x0,
    0x0,

    /* U+F054 "" */
    0x2, 0x60, 0x0, 0x0, 0x0, 0x0, 0x2, 0xef,
    0xb0, 0x0, 0x0, 0x0, 0x0, 0xbf, 0xff, 0xb0,
    0x0, 0x0, 0x0, 0x5, 0xff, 0xff, 0xb0, 0x0,
    0x0, 0x0, 0x5, 0xff, 0xff, 0xb0, 0x0, 0x0,
    0x0, 0x5, 0xff, 0xff, 0xb0, 0x0, 0x0, 0x0,
    0x5, 0xff, 0xff, 0xb0, 0x0, 0x0, 0x0, 0x5,
    0xff, 0xff, 0xb0, 0x0, 0x0, 0x0, 0x5, 0xff,
    0xff, 0xb0, 0x0, 0x0, 0x0, 0x5, 0xff, 0xff,
    0xb0, 0x0, 0x0, 0x0, 0xc, 0xff, 0xff, 0x10,
    0x0, 0x0, 0xa, 0xff, 0xff, 0x60, 0x0, 0x0,
    0xa, 0xff, 0xff, 0x60, 0x0, 0x0, 0xa, 0xff,
    0xff, 0x60, 0x0, 0x0, 0xa, 0xff, 0xff, 0x60,
    0x0, 0x0, 0xa, 0xff, 0xff, 0x60, 0x0, 0x0,
    0xa, 0xff, 0xff, 0x60, 0x0, 0x0, 0x8, 0xff,
    0xff, 0x60, 0x0, 0x0, 0x0, 0x9f, 0xff, 0x60,
    0x0, 0x0, 0x0, 0x0, 0xbf, 0x60, 0x0, 0x0,
    0x0, 0x0, 0x0, 0x10, 0x0, 0x0, 0x0, 0x0,
    0x0,

    /* U+F067 "" */
    0x0, 0x0, 0x0, 0x0, 0x7d, 0xd9, 0x0, 0x0,
    0x0, 0x0, 0x0, 0x0, 0x0, 0x0, 0xf, 0xff,
    0xf2, 0x0, 0x0, 0x0, 0x0, 0x0, 0x0, 0x0,
    0x1, 0xff, 0xff, 0x30, 0x0, 0x0, 0x0, 0x0,
    0x0, 0x0, 0x0, 0x1f, 0xff, 0xf3, 0x0, 0x0,
    0x0, 0x0, 0x0, 0x0, 0x0, 0x1, 0xff, 0xff,
    0x30, 0x0, 0x0, 0x0, 0x0, 0x0, 0x0, 0x0,
    0x1f, 0xff, 0xf3, 0x0, 0x0, 0x0, 0x0, 0x0,
    0x0, 0x0, 0x1, 0xff, 0xff, 0x30, 0x0, 0x0,
    0x0, 0x0, 0x0, 0x0, 0x0, 0x1f, 0xff, 0xf3,
    0x0, 0x0, 0x0, 0x0, 0x8e, 0xff, 0xff, 0xff,
    0xff, 0xff, 0xff, 0xff, 0xff, 0xf9, 0xf, 0xff,
    0xff, 0xff, 0xff, 0xff, 0xff, 0xff, 0xff, 0xff,
    0xf1, 0xff, 0xff, 0xff, 0xff, 0xff, 0xff, 0xff,
    0xff, 0xff, 0xff, 0x1d, 0xff, 0xff, 0xff, 0xff,
    0xff, 0xff, 0xff, 0xff, 0xff, 0xe0, 0x15, 0x55,
    0x55, 0x56, 0xff, 0xff, 0x75, 0x55, 0x55, 0x51,
    0x0, 0x0, 0x0, 0x0, 0x1f, 0xff, 0xf3, 0x0,
    0x0, 0x0, 0x0, 0x0, 0x0, 0x0, 0x1, 0xff,
    0xff, 0x30, 0x0, 0x0, 0x0, 0x0, 0x0, 0x0,
    0x0, 0x1f, 0xff, 0xf3, 0x0, 0x0, 0x0, 0x0,
    0x0, 0x0, 0x0, 0x1, 0xff, 0xff, 0x30, 0x0,
    0x0, 0x0, 0x0, 0x0, 0x0, 0x0, 0x1f, 0xff,
    0xf3, 0x0, 0x0, 0x0, 0x0, 0x0, 0x0, 0x0,
    0x1, 0xff, 0xff, 0x30, 0x0, 0x0, 0x0, 0x0,
    0x0, 0x0, 0x0, 0xd, 0xff, 0xe1, 0x0, 0x0,
    0x0, 0x0, 0x0, 0x0, 0x0, 0x0, 0x4, 0x41,
    0x0, 0x0, 0x0, 0x0, 0x0,

    /* U+F068 "" */
    0x8e, 0xff, 0xff, 0xff, 0xff, 0xff, 0xff, 0xff,
    0xff, 0xf9, 0xf, 0xff, 0xff, 0xff, 0xff, 0xff,
    0xff, 0xff, 0xff, 0xff, 0xf1, 0xff, 0xff, 0xff,
    0xff, 0xff, 0xff, 0xff, 0xff, 0xff, 0xff, 0x1d,
    0xff, 0xff, 0xff, 0xff, 0xff, 0xff, 0xff, 0xff,
    0xff, 0xe0, 0x15, 0x55, 0x55, 0x55, 0x55, 0x55,
    0x55, 0x55, 0x55, 0x51, 0x0,

    /* U+F06E "" */
    0x0, 0x0, 0x0, 0x0, 0x0, 0x2, 0x33, 0x20,
    0x0, 0x0, 0x0, 0x0, 0x0, 0x0, 0x0, 0x0,
    0x2, 0x8c, 0xff, 0xff, 0xff, 0xc7, 0x10, 0x0,
    0x0, 0x0, 0x0, 0x0, 0x2, 0xaf, 0xff, 0xff,
    0xff, 0xff, 0xff, 0xf9, 0x10, 0x0, 0x0, 0x0,
    0x0, 0x6f, 0xff, 0xfd, 0x61, 0x0, 0x17, 0xef,
    0xff, 0xe4, 0x0, 0x0, 0x0, 0x9, 0xff, 0xff,
    0xa0, 0x0, 0x0, 0x0, 0x1c, 0xff, 0xff, 0x70,
    0x0, 0x0, 0x9f, 0xff, 0xfc, 0x0, 0x0, 0xde,
    0x91, 0x0, 0xdf, 0xff, 0xf7, 0x0, 0x6, 0xff,
    0xff, 0xf2, 0x0, 0x0, 0xdf, 0xfe, 0x20, 0x4f,
    0xff, 0xff, 0x40, 0x2f, 0xff, 0xff, 0xc0, 0x0,
    0x1, 0xff, 0xff, 0xc0, 0xe, 0xff, 0xff, 0xe1,
    0xbf, 0xff, 0xff, 0x80, 0x37, 0x6d, 0xff, 0xff,
    0xf2, 0xa, 0xff, 0xff, 0xf9, 0xff, 0xff, 0xff,
    0x70, 0x5f, 0xff, 0xff, 0xff, 0xf3, 0x9, 0xff,
    0xff, 0xfd, 0x9f, 0xff, 0xff, 0x90, 0x3f, 0xff,
    0xff, 0xff, 0xf1, 0xb, 0xff, 0xff, 0xf7, 0xe,
    0xff, 0xff, 0xd0, 0xc, 0xff, 0xff, 0xff, 0xa0,
    0xf, 0xff, 0xff, 0xd0, 0x4, 0xff, 0xff, 0xf4,
    0x1, 0xdf, 0xff, 0xfc, 0x0, 0x6f, 0xff, 0xff,
    0x20, 0x0, 0x5f, 0xff, 0xfe, 0x10, 0x6, 0xaa,
    0x50, 0x2, 0xff, 0xff, 0xf4, 0x0, 0x0, 0x5,
    0xff, 0xff, 0xd2, 0x0, 0x0, 0x0, 0x3e, 0xff,
    0xfe, 0x40, 0x0, 0x0, 0x0, 0x2d, 0xff, 0xff,
    0xa5, 0x33, 0x5a, 0xff, 0xff, 0xc1, 0x0, 0x0,
    0x0, 0x0, 0x0, 0x5d, 0xff, 0xff, 0xff, 0xff,
    0xff, 0xd5, 0x0, 0x0, 0x0, 0x0, 0x0, 0x0,
    0x0, 0x38, 0xcd, 0xff, 0xec, 0x83, 0x0, 0x0,
    0x0, 0x0,

    /* U+F070 "" */
    0x0, 0x0, 0x0, 0x0, 0x0, 0x0, 0x0, 0x0,
    0x0, 0x0, 0x0, 0x0, 0x0, 0x0, 0x3, 0xfa,
    0x0, 0x0, 0x0, 0x0, 0x0, 0x0, 0x0, 0x0,
    0x0, 0x0, 0x0, 0x0, 0x0, 0xdf, 0xfd, 0x20,
    0x0, 0x0, 0x0, 0x0, 0x0, 0x0, 0x0, 0x0,
    0x0, 0x0, 0x0, 0x6, 0xff, 0xff, 0x50, 0x0,
    0x0, 0x0, 0x23, 0x21, 0x0, 0x0, 0x0, 0x0,
    0x0, 0x0, 0x3, 0xef, 0xff, 0x90, 0x4, 0x9d,
    0xff, 0xff, 0xfe, 0xa4, 0x0, 0x0, 0x0, 0x0,
    0x0, 0x1, 0xbf, 0xff, 0xcd, 0xff, 0xff, 0xfe,
    0xff, 0xff, 0xfd, 0x40, 0x0, 0x0, 0x0, 0x0,
    0x0, 0x8f, 0xff, 0xff, 0xfb, 0x40, 0x0, 0x3a,
    0xff, 0xff, 0xa0, 0x0, 0x0, 0x0, 0x0, 0x0,
    0x4e, 0xff, 0xfb, 0x0, 0x0, 0x0, 0x5, 0xff,
    0xff, 0xd1, 0x0, 0x0, 0x0, 0x0, 0x0, 0x1c,
    0xff, 0xfb, 0x16, 0xec, 0x60, 0x6, 0xff, 0xff,
    0xe1, 0x0, 0x0, 0x0, 0x80, 0x0, 0x9, 0xff,
    0xfd, 0x8f, 0xff, 0x90, 0xc, 0xff, 0xff, 0xc0,
    0x0, 0x0, 0x9f, 0xd2, 0x0, 0x5, 0xff, 0xff,
    0xff, 0xff, 0x50, 0x5f, 0xff, 0xff, 0x80, 0x0,
    0x3f, 0xff, 0xf4, 0x0, 0x2, 0xdf, 0xff, 0xff,
    0xfa, 0x2, 0xff, 0xff, 0xff, 0x20, 0x6, 0xff,
    0xff, 0xf8, 0x0, 0x0, 0xaf, 0xff, 0xff, 0xb0,
    0x1f, 0xff, 0xff, 0xf5, 0x0, 0x1f, 0xff, 0xff,
    0xf2, 0x0, 0x0, 0x7f, 0xff, 0xfa, 0x3, 0xff,
    0xff, 0xfe, 0x10, 0x0, 0x7f, 0xff, 0xff, 0x60,
    0x0, 0x0, 0x3e, 0xff, 0xf8, 0x8f, 0xff, 0xff,
    0x50, 0x0, 0x0, 0xbf, 0xff, 0xfd, 0x0, 0x0,
    0x0, 0x1c, 0xff, 0xff, 0xff, 0xff, 0x90, 0x0,
    0x0, 0x0, 0xcf, 0xff, 0xf8, 0x0, 0x0, 0x0,
    0x8, 0xff, 0xff, 0xff, 0xb0, 0x0, 0x0, 0x0,
    0x0, 0xbf, 0xff, 0xf8, 0x0, 0x0, 0x0, 0x5,
    0xff, 0xff, 0xd0, 0x0, 0x0, 0x0, 0x0, 0x0,
    0x8f, 0xff, 0xfe, 0x74, 0x23, 0x0, 0x2, 0xdf,
    0xff, 0xa0, 0x0, 0x0, 0x0, 0x0, 0x0, 0x2a,
    0xff, 0xff, 0xff, 0xf9, 0x0, 0x0, 0xaf, 0xff,
    0xd2, 0x0, 0x0, 0x0, 0x0, 0x0, 0x1, 0x6a,
    0xdf, 0xfe, 0xd6, 0x0, 0x0, 0x6f, 0xff, 0xf5,
    0x0, 0x0, 0x0, 0x0, 0x0, 0x0, 0x0, 0x0,
    0x0, 0x0, 0x0, 0x0, 0x3e, 0xff, 0xf8, 0x0,
    0x0, 0x0, 0x0, 0x0, 0x0, 0x0, 0x0, 0x0,
    0x0, 0x0, 0x0, 0x1b, 0xff, 0x90, 0x0, 0x0,
    0x0, 0x0, 0x0, 0x0, 0x0, 0x0, 0x0, 0x0,
    0x0, 0x0, 0x7, 0xb0,

    /* U+F071 "" */
    0x0, 0x0, 0x0, 0x0, 0x0, 0x0, 0x0, 0x0,
    0x0, 0x0, 0x0, 0x0, 0x0, 0x0, 0x0, 0x0,
    0x0, 0x0, 0x0, 0x0, 0x7f, 0xf5, 0x0, 0x0,
    0x0, 0x0, 0x0, 0x0, 0x0, 0x0, 0x0, 0x0,
    0x0, 0x3, 0xff, 0xff, 0x20, 0x0, 0x0, 0x0,
    0x0, 0x0, 0x0, 0x0, 0x0, 0x0, 0x0, 0xc,
    0xff, 0xff, 0xa0, 0x0, 0x0, 0x0, 0x0, 0x0,
    0x0, 0x0, 0x0, 0x0, 0x0, 0x6f, 0xff, 0xff,
    0xf4, 0x0, 0x0, 0x0, 0x0, 0x0, 0x0, 0x0,
    0x0, 0x0, 0x0, 0xef, 0xff, 0xff, 0xfd, 0x0,
    0x0, 0x0, 0x0, 0x0, 0x0, 0x0, 0x0, 0x0,
    0x8, 0xff, 0xff, 0xff, 0xff, 0x60, 0x0, 0x0,
    0x0, 0x0, 0x0, 0x0, 0x0, 0x0, 0x2f, 0xff,
    0xff, 0xff, 0xff, 0xe1, 0x0, 0x0, 0x0, 0x0,
    0x0, 0x0, 0x0, 0x0, 0xbf, 0xff, 0xed, 0xde,
    0xff, 0xf9, 0x0, 0x0, 0x0, 0x0, 0x0, 0x0,
    0x0, 0x4, 0xff, 0xff, 0x0, 0x2, 0xff, 0xff,
    0x20, 0x0, 0x0, 0x0, 0x0, 0x0, 0x0, 0xd,
    0xff, 0xff, 0x0, 0x2, 0xff, 0xff, 0xb0, 0x0,
    0x0, 0x0, 0x0, 0x0, 0x0, 0x6f, 0xff, 0xff,
    0x10, 0x3, 0xff, 0xff, 0xf4, 0x0, 0x0, 0x0,
    0x0, 0x0, 0x1, 0xef, 0xff, 0xff, 0x20, 0x4,
    0xff, 0xff, 0xfd, 0x0, 0x0, 0x0, 0x0, 0x0,
    0x9, 0xff, 0xff, 0xff, 0x30, 0x5, 0xff, 0xff,
    0xff, 0x70, 0x0, 0x0, 0x0, 0x0, 0x2f, 0xff,
    0xff, 0xff, 0x40, 0x6, 0xff, 0xff, 0xff, 0xf1,
    0x0, 0x0, 0x0, 0x0, 0xbf, 0xff, 0xff, 0xff,
    0x60, 0x7, 0xff, 0xff, 0xff, 0xf9, 0x0, 0x0,
    0x0, 0x5, 0xff, 0xff, 0xff, 0xff, 0xfe, 0xef,
    0xff, 0xff, 0xff, 0xff, 0x30, 0x0, 0x0, 0xd,
    0xff, 0xff, 0xff, 0xff, 0x70, 0x9, 0xff, 0xff,
    0xff, 0xff, 0xc0, 0x0, 0x0, 0x7f, 0xff, 0xff,
    0xff, 0xff, 0x0, 0x1, 0xff, 0xff, 0xff, 0xff,
    0xf5, 0x0, 0x1, 0xff, 0xff, 0xff, 0xff, 0xff,
    0x0, 0x2, 0xff, 0xff, 0xff, 0xff, 0xfe, 0x0,
    0x9, 0xff, 0xff, 0xff, 0xff, 0xff, 0xa2, 0x2c,
    0xff, 0xff, 0xff, 0xff, 0xff, 0x70, 0xf, 0xff,
    0xff, 0xff, 0xff, 0xff, 0xff, 0xff, 0xff, 0xff,
    0xff, 0xff, 0xff, 0xd0, 0xd, 0xff, 0xff, 0xff,
    0xff, 0xff, 0xff, 0xff, 0xff, 0xff, 0xff, 0xff,
    0xff, 0xb0, 0x3, 0xce, 0xee, 0xee, 0xee, 0xee,
    0xee, 0xee, 0xee, 0xee, 0xee, 0xee, 0xec, 0x20,

    /* U+F074 "" */
    0x0, 0x0, 0x0, 0x0, 0x0, 0x0, 0x0, 0x0,
    0x0, 0x0, 0x0, 0x0, 0x0, 0x0, 0x0, 0x0,
    0x0, 0x0, 0x0, 0x0, 0x5b, 0x20, 0x0, 0x0,
    0x0, 0x0, 0x0, 0x0, 0x0, 0x0, 0x0, 0xb,
    0xfe, 0x20, 0x0, 0x0, 0x0, 0x0, 0x0, 0x0,
    0x0, 0x0, 0x0, 0xcf, 0xfe, 0x20, 0xef, 0xff,
    0xfe, 0x30, 0x0, 0x0, 0x2, 0xdf, 0xff, 0xff,
    0xfe, 0x2f, 0xff, 0xff, 0xff, 0x30, 0x0, 0x1,
    0xdf, 0xff, 0xff, 0xff, 0xfe, 0xff, 0xff, 0xff,
    0xfe, 0x20, 0x1, 0xdf, 0xff, 0xff, 0xff, 0xff,
    0xb9, 0xaa, 0xad, 0xff, 0xfd, 0x0, 0xcf, 0xff,
    0xda, 0xef, 0xff, 0xc0, 0x0, 0x0, 0x1d, 0xff,
    0x40, 0xbf, 0xff, 0xe2, 0xc, 0xff, 0xc0, 0x0,
    0x0, 0x0, 0x1e, 0x50, 0xaf, 0xff, 0xe2, 0x0,
    0xbf, 0xc0, 0x0, 0x0, 0x0, 0x0, 0x0, 0x9f,
    0xff, 0xf3, 0x0, 0x2, 0x60, 0x0, 0x0, 0x0,
    0x0, 0x0, 0x7f, 0xff, 0xf4, 0x0, 0x0, 0x0,
    0x0, 0x0, 0x0, 0x0, 0x0, 0x6f, 0xff, 0xf5,
    0x5, 0x0, 0x6, 0xd3, 0x0, 0x0, 0x0, 0x0,
    0x5f, 0xff, 0xf6, 0x9, 0xf7, 0x0, 0xbf, 0xf3,
    0x0, 0x0, 0x0, 0x4f, 0xff, 0xf8, 0x7, 0xff,
    0xf6, 0xc, 0xff, 0xf3, 0xf, 0xff, 0xff, 0xff,
    0xf9, 0x0, 0x7f, 0xff, 0xff, 0xff, 0xff, 0xf3,
    0xff, 0xff, 0xff, 0xfa, 0x0, 0x0, 0x8f, 0xff,
    0xff, 0xff, 0xff, 0xef, 0xff, 0xff, 0xfb, 0x0,
    0x0, 0x0, 0x9f, 0xff, 0xff, 0xff, 0xfa, 0x79,
    0x99, 0x98, 0x0, 0x0, 0x0, 0x0, 0x79, 0x9e,
    0xff, 0xfb, 0x0, 0x0, 0x0, 0x0, 0x0, 0x0,
    0x0, 0x0, 0x0, 0xcf, 0xfb, 0x0, 0x0, 0x0,
    0x0, 0x0, 0x0, 0x0, 0x0, 0x0, 0xb, 0xfb,
    0x0, 0x0, 0x0, 0x0, 0x0, 0x0, 0x0, 0x0,
    0x0, 0x0, 0x15, 0x0, 0x0,

    /* U+F077 "" */
    0x0, 0x0, 0x0, 0x0, 0x5, 0x60, 0x0, 0x0,
    0x0, 0x0, 0x0, 0x0, 0x0, 0x0, 0x7f, 0xf8,
    0x0, 0x0, 0x0, 0x0, 0x0, 0x0, 0x0, 0x7,
    0xff, 0xff, 0x80, 0x0, 0x0, 0x0, 0x0, 0x0,
    0x0, 0x7f, 0xff, 0xff, 0xf9, 0x0, 0x0, 0x0,
    0x0, 0x0, 0x7, 0xff, 0xff, 0xff, 0xff, 0x90,
    0x0, 0x0, 0x0, 0x0, 0x7f, 0xff, 0xfa, 0x8f,
    0xff, 0xf9, 0x0, 0x0, 0x0, 0x7, 0xff, 0xff,
    0xa0, 0x8, 0xff, 0xff, 0x90, 0x0, 0x0, 0x7f,
    0xff, 0xfa, 0x0, 0x0, 0x8f, 0xff, 0xf9, 0x0,
    0x7, 0xff, 0xff, 0x90, 0x0, 0x0, 0x8, 0xff,
    0xff, 0x90, 0x6f, 0xff, 0xf9, 0x0, 0x0, 0x0,
    0x0, 0x8f, 0xff, 0xf8, 0xaf, 0xff, 0x90, 0x0,
    0x0, 0x0, 0x0, 0x8, 0xff, 0xfc, 0x1d, 0xf9,
    0x0, 0x0, 0x0, 0x0, 0x0, 0x0, 0x8f, 0xe2,
    0x0, 0x40, 0x0, 0x0, 0x0, 0x0, 0x0, 0x0,
    0x3, 0x10,

    /* U+F078 "" */
    0x3, 0x81, 0x0, 0x0, 0x0, 0x0, 0x0, 0x0,
    0x7, 0x40, 0x3f, 0xfc, 0x10, 0x0, 0x0, 0x0,
    0x0, 0x0, 0xbf, 0xf4, 0xaf, 0xff, 0xc1, 0x0,
    0x0, 0x0, 0x0, 0xb, 0xff, 0xfc, 0x3f, 0xff,
    0xfc, 0x10, 0x0, 0x0, 0x0, 0xbf, 0xff, 0xf5,
    0x3, 0xff, 0xff, 0xc1, 0x0, 0x0, 0xb, 0xff,
    0xff, 0x50, 0x0, 0x3f, 0xff, 0xfc, 0x10, 0x0,
    0xbf, 0xff, 0xf5, 0x0, 0x0, 0x3, 0xff, 0xff,
    0xc1, 0xb, 0xff, 0xff, 0x50, 0x0, 0x0, 0x0,
    0x3f, 0xff, 0xfc, 0xbf, 0xff, 0xf5, 0x0, 0x0,
    0x0, 0x0, 0x3, 0xff, 0xff, 0xff, 0xff, 0x50,
    0x0, 0x0, 0x0, 0x0, 0x0, 0x3f, 0xff, 0xff,
    0xf5, 0x0, 0x0, 0x0, 0x0, 0x0, 0x0, 0x3,
    0xff, 0xff, 0x50, 0x0, 0x0, 0x0, 0x0, 0x0,
    0x0, 0x0, 0x3f, 0xf5, 0x0, 0x0, 0x0, 0x0,
    0x0, 0x0, 0x0, 0x0, 0x2, 0x20, 0x0, 0x0,
    0x0, 0x0,

    /* U+F079 "" */
    0x0, 0x0, 0x1, 0x0, 0x0, 0x0, 0x0, 0x0,
    0x0, 0x0, 0x0, 0x0, 0x0, 0x0, 0x0, 0x0,
    0x7, 0xfb, 0x0, 0x0, 0x0, 0x0, 0x0, 0x0,
    0x0, 0x0, 0x0, 0x0, 0x0, 0x0, 0x8, 0xff,
    0xfc, 0x0, 0x8, 0xdd, 0xdd, 0xdd, 0xdd, 0xdd,
    0xda, 0x0, 0x0, 0x0, 0x8, 0xff, 0xff, 0xfc,
    0x0, 0xef, 0xff, 0xff, 0xff, 0xff, 0xff, 0xf1,
    0x0, 0x0, 0x9, 0xff, 0xff, 0xff, 0xfc, 0x13,
    0xef, 0xff, 0xff, 0xff, 0xff, 0xff, 0x10, 0x0,
    0x9, 0xff, 0xfe, 0xff, 0xef, 0xfd, 0x0, 0x0,
    0x0, 0x0, 0x0, 0xcf, 0xf1, 0x0, 0x0, 0xef,
    0xf5, 0xcf, 0xf3, 0xef, 0xf2, 0x0, 0x0, 0x0,
    0x0, 0xc, 0xff, 0x10, 0x0, 0x3, 0xc5, 0xc,
    0xff, 0x12, 0xb6, 0x0, 0x0, 0x0, 0x0, 0x0,
    0xcf, 0xf1, 0x0, 0x0, 0x0, 0x0, 0xcf, 0xf1,
    0x0, 0x0, 0x0, 0x0, 0x0, 0x0, 0xc, 0xff,
    0x10, 0x0, 0x0, 0x0, 0xc, 0xff, 0x10, 0x0,
    0x0, 0x0, 0x0, 0x0, 0x0, 0xcf, 0xf1, 0x0,
    0x0, 0x0, 0x0, 0xcf, 0xf1, 0x0, 0x0, 0x0,
    0x0, 0x0, 0x0, 0xc, 0xff, 0x10, 0x0, 0x0,
    0x0, 0xc, 0xff, 0x10, 0x0, 0x0, 0x0, 0x0,
    0x3c, 0x60, 0xcf, 0xf1, 0x2c, 0x70, 0x0, 0x0,
    0xcf, 0xf1, 0x0, 0x0, 0x0, 0x0, 0xd, 0xff,
    0x5c, 0xff, 0x3e, 0xff, 0x30, 0x0, 0xc, 0xff,
    0x21, 0x11, 0x11, 0x11, 0x10, 0x8f, 0xff, 0xef,
    0xfe, 0xff, 0xc0, 0x0, 0x0, 0xcf, 0xff, 0xff,
    0xff, 0xff, 0xff, 0x80, 0x8f, 0xff, 0xff, 0xff,
    0xc1, 0x0, 0x0, 0xc, 0xff, 0xff, 0xff, 0xff,
    0xff, 0xff, 0x30, 0x7f, 0xff, 0xff, 0xc0, 0x0,
    0x0, 0x0, 0x5c, 0xcc, 0xcc, 0xcc, 0xcc, 0xcc,
    0xb1, 0x0, 0x7f, 0xff, 0xb0, 0x0, 0x0, 0x0,
    0x0, 0x0, 0x0, 0x0, 0x0, 0x0, 0x0, 0x0,
    0x0, 0x6f, 0xb0, 0x0, 0x0, 0x0, 0x0, 0x0,
    0x0, 0x0, 0x0, 0x0, 0x0, 0x0, 0x0, 0x0,
    0x10, 0x0, 0x0, 0x0,

    /* U+F07B "" */
    0x1, 0x34, 0x44, 0x44, 0x41, 0x0, 0x0, 0x0,
    0x0, 0x0, 0x0, 0x6, 0xff, 0xff, 0xff, 0xff,
    0xe2, 0x0, 0x0, 0x0, 0x0, 0x0, 0x0, 0xef,
    0xff, 0xff, 0xff, 0xff, 0xe2, 0x0, 0x0, 0x0,
    0x0, 0x0, 0xf, 0xff, 0xff, 0xff, 0xff, 0xff,
    0xe6, 0x66, 0x66, 0x66, 0x65, 0x30, 0xff, 0xff,
    0xff, 0xff, 0xff, 0xff, 0xff, 0xff, 0xff, 0xff,
    0xff, 0x8f, 0xff, 0xff, 0xff, 0xff, 0xff, 0xff,
    0xff, 0xff, 0xff, 0xff, 0xff, 0xff, 0xff, 0xff,
    0xff, 0xff, 0xff, 0xff, 0xff, 0xff, 0xff, 0xff,
    0xff, 0xff, 0xff, 0xff, 0xff, 0xff, 0xff, 0xff,
    0xff, 0xff, 0xff, 0xff, 0xff, 0xff, 0xff, 0xff,
    0xff, 0xff, 0xff, 0xff, 0xff, 0xff, 0xff, 0xff,
    0xff, 0xff, 0xff, 0xff, 0xff, 0xff, 0xff, 0xff,
    0xff, 0xff, 0xff, 0xff, 0xff, 0xff, 0xff, 0xff,
    0xff, 0xff, 0xff, 0xff, 0xff, 0xff, 0xff, 0xff,
    0xff, 0xff, 0xff, 0xff, 0xff, 0xff, 0xff, 0xff,
    0xff, 0xff, 0xff, 0xff, 0xff, 0xff, 0xff, 0xff,
    0xff, 0xff, 0xff, 0xff, 0xff, 0xff, 0xff, 0xff,
    0xff, 0xff, 0xff, 0xff, 0xff, 0xff, 0xff, 0xff,
    0xff, 0xff, 0xff, 0xff, 0xff, 0xff, 0xff, 0xff,
    0xff, 0xff, 0xff, 0xff, 0xff, 0xff, 0xff, 0xff,
    0xff, 0xff, 0xff, 0xff, 0xff, 0xff, 0xff, 0xff,
    0xdf, 0xff, 0xff, 0xff, 0xff, 0xff, 0xff, 0xff,
    0xff, 0xff, 0xff, 0xd3, 0xdf, 0xff, 0xff, 0xff,
    0xff, 0xff, 0xff, 0xff, 0xff, 0xff, 0xd3,

    /* U+F093 "" */
    0x0, 0x0, 0x0, 0x0, 0x0, 0x3e, 0x80, 0x0,
    0x0, 0x0, 0x0, 0x0, 0x0, 0x0, 0x0, 0x0,
    0x3e, 0xff, 0x80, 0x0, 0x0, 0x0, 0x0, 0x0,
    0x0, 0x0, 0x0, 0x3e, 0xff, 0xff, 0x80, 0x0,
    0x0, 0x0, 0x0, 0x0, 0x0, 0x0, 0x3e, 0xff,
    0xff, 0xff, 0x80, 0x0, 0x0, 0x0, 0x0, 0x0,
    0x0, 0x3e, 0xff, 0xff, 0xff, 0xff, 0x80, 0x0,
    0x0, 0x0, 0x0, 0x0, 0x3e, 0xff, 0xff, 0xff,
    0xff, 0xff, 0x80, 0x0, 0x0, 0x0, 0x0, 0x3e,
    0xff, 0xff, 0xff, 0xff, 0xff, 0xff, 0x80, 0x0,
    0x0, 0x0, 0xe, 0xff, 0xff, 0xff, 0xff, 0xff,
    0xff, 0xff, 0x50, 0x0, 0x0, 0x0, 0x7a, 0xaa,
    0xbf, 0xff, 0xff, 0xda, 0xaa, 0x91, 0x0, 0x0,
    0x0, 0x0, 0x0, 0x2, 0xff, 0xff, 0xf9, 0x0,
    0x0, 0x0, 0x0, 0x0, 0x0, 0x0, 0x0, 0x2f,
    0xff, 0xff, 0x90, 0x0, 0x0, 0x0, 0x0, 0x0,
    0x0, 0x0, 0x2, 0xff, 0xff, 0xf9, 0x0, 0x0,
    0x0, 0x0, 0x0, 0x0, 0x0, 0x0, 0x2f, 0xff,
    0xff, 0x90, 0x0, 0x0, 0x0, 0x0, 0x0, 0x0,
    0x0, 0x2, 0xff, 0xff, 0xf9, 0x0, 0x0, 0x0,
    0x0, 0x0, 0x0, 0x0, 0x0, 0x2f, 0xff, 0xff,
    0x90, 0x0, 0x0, 0x0, 0x0, 0x22, 0x22, 0x22,
    0x2, 0xff, 0xff, 0xf9, 0x2, 0x22, 0x22, 0x20,
    0xdf, 0xff, 0xff, 0xf4, 0x1f, 0xff, 0xff, 0x74,
    0xff, 0xff, 0xff, 0xdf, 0xff, 0xff, 0xff, 0xa0,
    0x13, 0x33, 0x30, 0xaf, 0xff, 0xff, 0xff, 0xff,
    0xff, 0xff, 0xff, 0xb6, 0x55, 0x56, 0xbf, 0xff,
    0xff, 0xff, 0xff, 0xff, 0xff, 0xff, 0xff, 0xff,
    0xff, 0xff, 0xff, 0xff, 0xff, 0xff, 0xff, 0xff,
    0xff, 0xff, 0xff, 0xff, 0xff, 0xfc, 0xe, 0x70,
    0xdf, 0xff, 0xff, 0xff, 0xff, 0xff, 0xff, 0xff,
    0xff, 0xe6, 0xfb, 0x5e, 0xff, 0xbf, 0xff, 0xff,
    0xff, 0xff, 0xff, 0xff, 0xff, 0xff, 0xff, 0xff,
    0xb0,

    /* U+F095 "" */
    0x0, 0x0, 0x0, 0x0, 0x0, 0x0, 0x0, 0x0,
    0x0, 0x10, 0x0, 0x0, 0x0, 0x0, 0x0, 0x0,
    0x0, 0x0, 0x0, 0x0, 0xb, 0xfd, 0x96, 0x20,
    0x0, 0x0, 0x0, 0x0, 0x0, 0x0, 0x0, 0x0,
    0x2f, 0xff, 0xff, 0xfb, 0x0, 0x0, 0x0, 0x0,
    0x0, 0x0, 0x0, 0x0, 0x9f, 0xff, 0xff, 0xff,
    0x0, 0x0, 0x0, 0x0, 0x0, 0x0, 0x0, 0x1,
    0xff, 0xff, 0xff, 0xfe, 0x0, 0x0, 0x0, 0x0,
    0x0, 0x0, 0x0, 0x7, 0xff, 0xff, 0xff, 0xfd,
    0x0, 0x0, 0x0, 0x0, 0x0, 0x0, 0x0, 0xd,
    0xff, 0xff, 0xff, 0xfb, 0x0, 0x0, 0x0, 0x0,
    0x0, 0x0, 0x0, 0xc, 0xff, 0xff, 0xff, 0xf8,
    0x0, 0x0, 0x0, 0x0, 0x0, 0x0, 0x0, 0x0,
    0xbf, 0xff, 0xff, 0xf4, 0x0, 0x0, 0x0, 0x0,
    0x0, 0x0, 0x0, 0x0, 0x8, 0xff, 0xff, 0xf0,
    0x0, 0x0, 0x0, 0x0, 0x0, 0x0, 0x0, 0x0,
    0x2, 0xff, 0xff, 0xa0, 0x0, 0x0, 0x0, 0x0,
    0x0, 0x0, 0x0, 0x0, 0xb, 0xff, 0xff, 0x30,
    0x0, 0x0, 0x0, 0x0, 0x0, 0x0, 0x0, 0x0,
    0x5f, 0xff, 0xfc, 0x0, 0x0, 0x0, 0x0, 0x0,
    0x0, 0x0, 0x0, 0x2, 0xff, 0xff, 0xf3, 0x0,
    0x0, 0x0, 0x0, 0x0, 0x0, 0x0, 0x0, 0x1e,
    0xff, 0xff, 0x90, 0x0, 0x0, 0x0, 0x17, 0xee,
    0x20, 0x0, 0x2, 0xef, 0xff, 0xfd, 0x0, 0x0,
    0x0, 0x3a, 0xff, 0xff, 0xd1, 0x0, 0x5f, 0xff,
    0xff, 0xe2, 0x0, 0x0, 0xb, 0xff, 0xff, 0xff,
    0xfc, 0x3c, 0xff, 0xff, 0xff, 0x30, 0x0, 0x0,
    0xe, 0xff, 0xff, 0xff, 0xff, 0xff, 0xff, 0xff,
    0xe2, 0x0, 0x0, 0x0, 0xb, 0xff, 0xff, 0xff,
    0xff, 0xff, 0xff, 0xfc, 0x10, 0x0, 0x0, 0x0,
    0x7, 0xff, 0xff, 0xff, 0xff, 0xff, 0xff, 0x80,
    0x0, 0x0, 0x0, 0x0, 0x3, 0xff, 0xff, 0xff,
    0xff, 0xff, 0xb2, 0x0, 0x0, 0x0, 0x0, 0x0,
    0x0, 0xff, 0xff, 0xff, 0xfe, 0x92, 0x0, 0x0,
    0x0, 0x0, 0x0, 0x0, 0x0, 0x8d, 0xdb, 0x97,
    0x30, 0x0, 0x0, 0x0, 0x0, 0x0, 0x0, 0x0,

    /* U+F0C4 "" */
    0x0, 0x5a, 0xb8, 0x20, 0x0, 0x0, 0x0, 0x0,
    0x0, 0x0, 0x0, 0xaf, 0xff, 0xff, 0x50, 0x0,
    0x0, 0x0, 0x8e, 0xfc, 0x40, 0x7f, 0xff, 0xff,
    0xff, 0x10, 0x0, 0x0, 0xbf, 0xff, 0xff, 0xd,
    0xff, 0x73, 0xcf, 0xf7, 0x0, 0x0, 0xbf, 0xff,
    0xff, 0x50, 0xff, 0xe0, 0x4, 0xff, 0x90, 0x0,
    0xbf, 0xff, 0xff, 0x50, 0xe, 0xff, 0x40, 0xaf,
    0xf8, 0x0, 0xbf, 0xff, 0xff, 0x50, 0x0, 0x8f,
    0xff, 0xff, 0xff, 0xa0, 0xbf, 0xff, 0xff, 0x50,
    0x0, 0x0, 0xdf, 0xff, 0xff, 0xff, 0xef, 0xff,
    0xff, 0x40, 0x0, 0x0, 0x0, 0x8d, 0xef, 0xff,
    0xff, 0xff, 0xff, 0x40, 0x0, 0x0, 0x0, 0x0,
    0x0, 0x7f, 0xff, 0xff, 0xff, 0x40, 0x0, 0x0,
    0x0, 0x0, 0x0, 0x0, 0xdf, 0xff, 0xff, 0xc0,
    0x0, 0x0, 0x0, 0x0, 0x0, 0x1, 0xaf, 0xff,
    0xff, 0xff, 0xb0, 0x0, 0x0, 0x0, 0x2, 0xbf,
    0xff, 0xff, 0xff, 0xff, 0xff, 0xb0, 0x0, 0x0,
    0x2, 0xff, 0xff, 0xff, 0xff, 0xbf, 0xff, 0xff,
    0xb0, 0x0, 0x0, 0xaf, 0xfe, 0xcf, 0xff, 0x80,
    0x7f, 0xff, 0xff, 0xc0, 0x0, 0xf, 0xff, 0x10,
    0x7f, 0xf9, 0x0, 0x6f, 0xff, 0xff, 0xc0, 0x0,
    0xff, 0xf1, 0x6, 0xff, 0x90, 0x0, 0x6f, 0xff,
    0xff, 0xc0, 0xb, 0xff, 0xeb, 0xff, 0xf5, 0x0,
    0x0, 0x5f, 0xff, 0xff, 0xc0, 0x3f, 0xff, 0xff,
    0xfc, 0x0, 0x0, 0x0, 0x4f, 0xff, 0xfc, 0x0,
    0x3d, 0xff, 0xfa, 0x0, 0x0, 0x0, 0x0, 0x16,
    0x74, 0x0, 0x0, 0x2, 0x31, 0x0, 0x0, 0x0,
    0x0, 0x0, 0x0, 0x0, 0x0,

    /* U+F0C5 "" */
    0x0, 0x0, 0x0, 0x2, 0x22, 0x22, 0x22, 0x10,
    0x0, 0x0, 0x0, 0x0, 0x0, 0xe, 0xff, 0xff,
    0xff, 0xf8, 0x3e, 0x30, 0x0, 0x0, 0x0, 0x1,
    0xff, 0xff, 0xff, 0xff, 0x83, 0xff, 0x30, 0x0,
    0x0, 0x0, 0x1f, 0xff, 0xff, 0xff, 0xf8, 0x3f,
    0xff, 0x30, 0x0, 0x0, 0x1, 0xff, 0xff, 0xff,
    0xff, 0x83, 0xff, 0xfe, 0x8, 0xcd, 0xd4, 0x1f,
    0xff, 0xff, 0xff, 0xf8, 0x3, 0x33, 0x30, 0xff,
    0xff, 0x51, 0xff, 0xff, 0xff, 0xff, 0xd3, 0x22,
    0x22, 0xf, 0xff, 0xf5, 0x1f, 0xff, 0xff, 0xff,
    0xff, 0xff, 0xff, 0xf2, 0xff, 0xff, 0x51, 0xff,
    0xff, 0xff, 0xff, 0xff, 0xff, 0xff, 0x2f, 0xff,
    0xf5, 0x1f, 0xff, 0xff, 0xff, 0xff, 0xff, 0xff,
    0xf2, 0xff, 0xff, 0x51, 0xff, 0xff, 0xff, 0xff,
    0xff, 0xff, 0xff, 0x2f, 0xff, 0xf5, 0x1f, 0xff,
    0xff, 0xff, 0xff, 0xff, 0xff, 0xf2, 0xff, 0xff,
    0x51, 0xff, 0xff, 0xff, 0xff, 0xff, 0xff, 0xff,
    0x2f, 0xff, 0xf5, 0x1f, 0xff, 0xff, 0xff, 0xff,
    0xff, 0xff, 0xf2, 0xff, 0xff, 0x51, 0xff, 0xff,
    0xff, 0xff, 0xff, 0xff, 0xff, 0x2f, 0xff, 0xf5,
    0x1f, 0xff, 0xff, 0xff, 0xff, 0xff, 0xff, 0xf2,
    0xff, 0xff, 0x51, 0xff, 0xff, 0xff, 0xff, 0xff,
    0xff, 0xff, 0x2f, 0xff, 0xf5, 0x1f, 0xff, 0xff,
    0xff, 0xff, 0xff, 0xff, 0xf2, 0xff, 0xff, 0x51,
    0xff, 0xff, 0xff, 0xff, 0xff, 0xff, 0xff, 0x1f,
    0xff, 0xf9, 0x9, 0xcc, 0xcc, 0xcc, 0xcc, 0xcc,
    0xcc, 0x90, 0xff, 0xff, 0xf7, 0x10, 0x0, 0x0,
    0x0, 0x0, 0x0, 0x0, 0xf, 0xff, 0xff, 0xff,
    0xff, 0xff, 0xff, 0xf8, 0x0, 0x0, 0x0, 0xff,
    0xff, 0xff, 0xff, 0xff, 0xff, 0xff, 0x80, 0x0,
    0x0, 0x9, 0xde, 0xee, 0xee, 0xee, 0xee, 0xee,
    0xd3, 0x0, 0x0, 0x0,

    /* U+F0C7 "" */
    0x2a, 0xdd, 0xdd, 0xdd, 0xdd, 0xdd, 0xdd, 0xc5,
    0x0, 0x0, 0xc, 0xff, 0xff, 0xff, 0xff, 0xff,
    0xff, 0xff, 0xf6, 0x0, 0x0, 0xff, 0xff, 0xff,
    0xff, 0xff, 0xff, 0xff, 0xff, 0xf6, 0x0, 0xf,
    0xfe, 0x10, 0x0, 0x0, 0x0, 0x0, 0x1c, 0xff,
    0xf6, 0x0, 0xff, 0xe0, 0x0, 0x0, 0x0, 0x0,
    0x0, 0xaf, 0xff, 0xf5, 0xf, 0xfe, 0x0, 0x0,
    0x0, 0x0, 0x0, 0xa, 0xff, 0xff, 0xf0, 0xff,
    0xe0, 0x0, 0x0, 0x0, 0x0, 0x0, 0xaf, 0xff,
    0xff, 0x1f, 0xfe, 0x0, 0x0, 0x0, 0x0, 0x0,
    0xa, 0xff, 0xff, 0xf1, 0xff, 0xe1, 0x0, 0x0,
    0x0, 0x0, 0x0, 0xcf, 0xff, 0xff, 0x1f, 0xff,
    0xff, 0xff, 0xff, 0xff, 0xff, 0xff, 0xff, 0xff,
    0xf1, 0xff, 0xff, 0xff, 0xff, 0xff, 0xff, 0xff,
    0xff, 0xff, 0xff, 0x1f, 0xff, 0xff, 0xff, 0xff,
    0xee, 0xff, 0xff, 0xff, 0xff, 0xf1, 0xff, 0xff,
    0xff, 0xff, 0x40, 0x4, 0xef, 0xff, 0xff, 0xff,
    0x1f, 0xff, 0xff, 0xff, 0x70, 0x0, 0x6, 0xff,
    0xff, 0xff, 0xf1, 0xff, 0xff, 0xff, 0xf3, 0x0,
    0x0, 0x2f, 0xff, 0xff, 0xff, 0x1f, 0xff, 0xff,
    0xff, 0x60, 0x0, 0x5, 0xff, 0xff, 0xff, 0xf1,
    0xff, 0xff, 0xff, 0xfe, 0x20, 0x2, 0xdf, 0xff,
    0xff, 0xff, 0x1f, 0xff, 0xff, 0xff, 0xff, 0xcb,
    0xff, 0xff, 0xff, 0xff, 0xf1, 0xef, 0xff, 0xff,
    0xff, 0xff, 0xff, 0xff, 0xff, 0xff, 0xff, 0x6,
    0xff, 0xff, 0xff, 0xff, 0xff, 0xff, 0xff, 0xff,
    0xff, 0x70, 0x1, 0x33, 0x33, 0x33, 0x33, 0x33,
    0x33, 0x33, 0x33, 0x10, 0x0,

    /* U+F0C9 "" */
    0x24, 0x44, 0x44, 0x44, 0x44, 0x44, 0x44, 0x44,
    0x44, 0x43, 0xf, 0xff, 0xff, 0xff, 0xff, 0xff,
    0xff, 0xff, 0xff, 0xff, 0xf1, 0xff, 0xff, 0xff,
    0xff, 0xff, 0xff, 0xff, 0xff, 0xff, 0xff, 0x2d,
    0xff, 0xff, 0xff, 0xff, 0xff, 0xff, 0xff, 0xff,
    0xff, 0xe0, 0x0, 0x0, 0x0, 0x0, 0x0, 0x0,
    0x0, 0x0, 0x0, 0x0, 0x0, 0x0, 0x0, 0x0,
    0x0, 0x0, 0x0, 0x0, 0x0, 0x0, 0x0, 0x0,
    0x0, 0x0, 0x0, 0x0, 0x0, 0x0, 0x0, 0x0,
    0x0, 0x2, 0x44, 0x44, 0x44, 0x44, 0x44, 0x44,
    0x44, 0x44, 0x44, 0x20, 0xff, 0xff, 0xff, 0xff,
    0xff, 0xff, 0xff, 0xff, 0xff, 0xff, 0x1f, 0xff,
    0xff, 0xff, 0xff, 0xff, 0xff, 0xff, 0xff, 0xff,
    0xf2, 0xdf, 0xff, 0xff, 0xff, 0xff, 0xff, 0xff,
    0xff, 0xff, 0xfe, 0x0, 0x0, 0x0, 0x0, 0x0,
    0x0, 0x0, 0x0, 0x0, 0x0, 0x0, 0x0, 0x0,
    0x0, 0x0, 0x0, 0x0, 0x0, 0x0, 0x0, 0x0,
    0x0, 0x0, 0x0, 0x0, 0x0, 0x0, 0x0, 0x0,
    0x0, 0x0, 0x0, 0x1, 0x11, 0x11, 0x11, 0x11,
    0x11, 0x11, 0x11, 0x11, 0x10, 0xe, 0xff, 0xff,
    0xff, 0xff, 0xff, 0xff, 0xff, 0xff, 0xff, 0xf1,
    0xff, 0xff, 0xff, 0xff, 0xff, 0xff, 0xff, 0xff,
    0xff, 0xff, 0x2f, 0xff, 0xff, 0xff, 0xff, 0xff,
    0xff, 0xff, 0xff, 0xff, 0xf1, 0x13, 0x33, 0x33,
    0x33, 0x33, 0x33, 0x33, 0x33, 0x33, 0x31, 0x0,

    /* U+F0E0 "" */
    0x4, 0x77, 0x77, 0x77, 0x77, 0x77, 0x77, 0x77,
    0x77, 0x77, 0x74, 0x9, 0xff, 0xff, 0xff, 0xff,
    0xff, 0xff, 0xff, 0xff, 0xff, 0xff, 0xf9, 0xff,
    0xff, 0xff, 0xff, 0xff, 0xff, 0xff, 0xff, 0xff,
    0xff, 0xff, 0xff, 0xff, 0xff, 0xff, 0xff, 0xff,
    0xff, 0xff, 0xff, 0xff, 0xff, 0xff, 0x7f, 0xff,
    0xff, 0xff, 0xff, 0xff, 0xff, 0xff, 0xff, 0xff,
    0xff, 0x70, 0x4e, 0xff, 0xff, 0xff, 0xff, 0xff,
    0xff, 0xff, 0xff, 0xfe, 0x40, 0x91, 0x1b, 0xff,
    0xff, 0xff, 0xff, 0xff, 0xff, 0xff, 0xfb, 0x10,
    0x6f, 0xd3, 0x7, 0xff, 0xff, 0xff, 0xff, 0xff,
    0xff, 0xf7, 0x1, 0xbf, 0xff, 0xf6, 0x3, 0xef,
    0xff, 0xff, 0xff, 0xff, 0xe3, 0x4, 0xef, 0xff,
    0xff, 0xfa, 0x1, 0xaf, 0xff, 0xff, 0xff, 0xa1,
    0x8, 0xff, 0xff, 0xff, 0xff, 0xfd, 0x30, 0x6f,
    0xff, 0xff, 0x60, 0x2c, 0xff, 0xff, 0xff, 0xff,
    0xff, 0xff, 0x60, 0x2b, 0xfb, 0x20, 0x5f, 0xff,
    0xff, 0xff, 0xff, 0xff, 0xff, 0xff, 0xa0, 0x0,
    0x0, 0x9f, 0xff, 0xff, 0xff, 0xff, 0xff, 0xff,
    0xff, 0xff, 0xe8, 0x57, 0xef, 0xff, 0xff, 0xff,
    0xff, 0xff, 0xff, 0xff, 0xff, 0xff, 0xff, 0xff,
    0xff, 0xff, 0xff, 0xff, 0xff, 0xff, 0xff, 0xff,
    0xff, 0xff, 0xff, 0xff, 0xff, 0xff, 0xff, 0xff,
    0xdf, 0xff, 0xff, 0xff, 0xff, 0xff, 0xff, 0xff,
    0xff, 0xff, 0xff, 0xd3, 0xdf, 0xff, 0xff, 0xff,
    0xff, 0xff, 0xff, 0xff, 0xff, 0xff, 0xd3,

    /* U+F0E7 "" */
    0x0, 0x0, 0x0, 0x0, 0x0, 0x0, 0x0, 0x0,
    0x0, 0x5f, 0xff, 0xff, 0xff, 0xd0, 0x0, 0x0,
    0x0, 0xaf, 0xff, 0xff, 0xff, 0xe0, 0x0, 0x0,
    0x0, 0xcf, 0xff, 0xff, 0xff, 0x90, 0x0, 0x0,
    0x0, 0xef, 0xff, 0xff, 0xff, 0x40, 0x0, 0x0,
    0x0, 0xff, 0xff, 0xff, 0xff, 0x0, 0x0, 0x0,
    0x2, 0xff, 0xff, 0xff, 0xfa, 0x0, 0x0, 0x0,
    0x5, 0xff, 0xff, 0xff, 0xf5, 0x0, 0x0, 0x0,
    0x7, 0xff, 0xff, 0xff, 0xfe, 0xdd, 0xdd, 0xc1,
    0x9, 0xff, 0xff, 0xff, 0xff, 0xff, 0xff, 0xf4,
    0xb, 0xff, 0xff, 0xff, 0xff, 0xff, 0xff, 0xc0,
    0xd, 0xff, 0xff, 0xff, 0xff, 0xff, 0xff, 0x30,
    0xf, 0xff, 0xff, 0xff, 0xff, 0xff, 0xfa, 0x0,
    0x9, 0xee, 0xee, 0xef, 0xff, 0xff, 0xf1, 0x0,
    0x0, 0x0, 0x0, 0xb, 0xff, 0xff, 0x70, 0x0,
    0x0, 0x0, 0x0, 0xf, 0xff, 0xfd, 0x0, 0x0,
    0x0, 0x0, 0x0, 0x3f, 0xff, 0xf5, 0x0, 0x0,
    0x0, 0x0, 0x0, 0x6f, 0xff, 0xc0, 0x0, 0x0,
    0x0, 0x0, 0x0, 0xaf, 0xff, 0x20, 0x0, 0x0,
    0x0, 0x0, 0x0, 0xef, 0xf9, 0x0, 0x0, 0x0,
    0x0, 0x0, 0x2, 0xff, 0xe1, 0x0, 0x0, 0x0,
    0x0, 0x0, 0x6, 0xff, 0x70, 0x0, 0x0, 0x0,
    0x0, 0x0, 0x9, 0xfd, 0x0, 0x0, 0x0, 0x0,
    0x0, 0x0, 0x6, 0xe3, 0x0, 0x0, 0x0, 0x0,

    /* U+F0EA "" */
    0x0, 0x0, 0x0, 0x1, 0x0, 0x0, 0x0, 0x0,
    0x0, 0x0, 0x0, 0x0, 0x0, 0x8f, 0xfb, 0x10,
    0x0, 0x0, 0x0, 0x0, 0x0, 0x6a, 0xbb, 0xbf,
    0xec, 0xfd, 0xbb, 0xb9, 0x0, 0x0, 0x0, 0xf,
    0xff, 0xff, 0xf3, 0xe, 0xff, 0xff, 0xf3, 0x0,
    0x0, 0x0, 0xff, 0xff, 0xff, 0x63, 0xff, 0xff,
    0xff, 0x40, 0x0, 0x0, 0xf, 0xff, 0xff, 0xff,
    0xff, 0xff, 0xff, 0xf4, 0x0, 0x0, 0x0, 0xff,
    0xff, 0xff, 0xfe, 0xcc, 0xcc, 0xcc, 0x30, 0x0,
    0x0, 0xf, 0xff, 0xff, 0xf9, 0x0, 0x0, 0x0,
    0x0, 0x0, 0x0, 0x0, 0xff, 0xff, 0xfe, 0x9,
    0xff, 0xff, 0xff, 0x42, 0xc1, 0x0, 0xf, 0xff,
    0xff, 0xc0, 0xef, 0xff, 0xff, 0xf4, 0x3f, 0xd1,
    0x0, 0xff, 0xff, 0xfc, 0xe, 0xff, 0xff, 0xff,
    0x43, 0xff, 0xd1, 0xf, 0xff, 0xff, 0xc0, 0xef,
    0xff, 0xff, 0xf4, 0x3f, 0xff, 0xd0, 0xff, 0xff,
    0xfc, 0xe, 0xff, 0xff, 0xff, 0x41, 0x55, 0x55,
    0xf, 0xff, 0xff, 0xc0, 0xef, 0xff, 0xff, 0xf9,
    0x11, 0x11, 0x10, 0xff, 0xff, 0xfc, 0xe, 0xff,
    0xff, 0xff, 0xff, 0xff, 0xff, 0x2f, 0xff, 0xff,
    0xc0, 0xef, 0xff, 0xff, 0xff, 0xff, 0xff, 0xf2,
    0xff, 0xff, 0xfc, 0xe, 0xff, 0xff, 0xff, 0xff,
    0xff, 0xff, 0x2f, 0xff, 0xff, 0xc0, 0xef, 0xff,
    0xff, 0xff, 0xff, 0xff, 0xf2, 0xff, 0xff, 0xfc,
    0xe, 0xff, 0xff, 0xff, 0xff, 0xff, 0xff, 0x26,
    0xaa, 0xaa, 0x70, 0xef, 0xff, 0xff, 0xff, 0xff,
    0xff, 0xf2, 0x0, 0x0, 0x0, 0xe, 0xff, 0xff,
    0xff, 0xff, 0xff, 0xff, 0x20, 0x0, 0x0, 0x0,
    0xef, 0xff, 0xff, 0xff, 0xff, 0xff, 0xf2, 0x0,
    0x0, 0x0, 0xe, 0xff, 0xff, 0xff, 0xff, 0xff,
    0xff, 0x10, 0x0, 0x0, 0x0, 0x9f, 0xff, 0xff,
    0xff, 0xff, 0xff, 0xc0,

    /* U+F0F3 "" */
    0x0, 0x0, 0x0, 0x0, 0x0, 0x0, 0x0, 0x0,
    0x0, 0x0, 0x0, 0x0, 0x0, 0x0, 0x1, 0xde,
    0x20, 0x0, 0x0, 0x0, 0x0, 0x0, 0x0, 0x0,
    0x0, 0x5f, 0xf7, 0x0, 0x0, 0x0, 0x0, 0x0,
    0x0, 0x0, 0x0, 0x5b, 0xff, 0xc5, 0x0, 0x0,
    0x0, 0x0, 0x0, 0x0, 0x3, 0xdf, 0xff, 0xff,
    0xfe, 0x40, 0x0, 0x0, 0x0, 0x0, 0x4, 0xff,
    0xff, 0xff, 0xff, 0xff, 0x50, 0x0, 0x0, 0x0,
    0x1, 0xef, 0xff, 0xff, 0xff, 0xff, 0xff, 0x20,
    0x0, 0x0, 0x0, 0x8f, 0xff, 0xff, 0xff, 0xff,
    0xff, 0xfa, 0x0, 0x0, 0x0, 0xe, 0xff, 0xff,
    0xff, 0xff, 0xff, 0xff, 0xf0, 0x0, 0x0, 0x1,
    0xff, 0xff, 0xff, 0xff, 0xff, 0xff, 0xff, 0x20,
    0x0, 0x0, 0x2f, 0xff, 0xff, 0xff, 0xff, 0xff,
    0xff, 0xf4, 0x0, 0x0, 0x3, 0xff, 0xff, 0xff,
    0xff, 0xff, 0xff, 0xff, 0x50, 0x0, 0x0, 0x5f,
    0xff, 0xff, 0xff, 0xff, 0xff, 0xff, 0xf6, 0x0,
    0x0, 0x8, 0xff, 0xff, 0xff, 0xff, 0xff, 0xff,
    0xff, 0xa0, 0x0, 0x0, 0xdf, 0xff, 0xff, 0xff,
    0xff, 0xff, 0xff, 0xfe, 0x0, 0x0, 0x3f, 0xff,
    0xff, 0xff, 0xff, 0xff, 0xff, 0xff, 0xf5, 0x0,
    0x1d, 0xff, 0xff, 0xff, 0xff, 0xff, 0xff, 0xff,
    0xff, 0xe2, 0xc, 0xff, 0xff, 0xff, 0xff, 0xff,
    0xff, 0xff, 0xff, 0xff, 0xd0, 0xef, 0xff, 0xff,
    0xff, 0xff, 0xff, 0xff, 0xff, 0xff, 0xff, 0x3,
    0x9a, 0xaa, 0xaa, 0xaa, 0xaa, 0xaa, 0xaa, 0xaa,
    0xaa, 0x50, 0x0, 0x0, 0x0, 0x0, 0x0, 0x0,
    0x0, 0x0, 0x0, 0x0, 0x0, 0x0, 0x0, 0x0,
    0xbf, 0xff, 0xfd, 0x0, 0x0, 0x0, 0x0, 0x0,
    0x0, 0x0, 0x5, 0xff, 0xff, 0x70, 0x0, 0x0,
    0x0, 0x0, 0x0, 0x0, 0x0, 0x5, 0xcc, 0x60,
    0x0, 0x0, 0x0, 0x0,

    /* U+F11C "" */
    0x0, 0x0, 0x0, 0x0, 0x0, 0x0, 0x0, 0x0,
    0x0, 0x0, 0x0, 0x0, 0x0, 0x4e, 0xff, 0xff,
    0xff, 0xff, 0xff, 0xff, 0xff, 0xff, 0xff, 0xff,
    0xff, 0xd2, 0xdf, 0xff, 0xff, 0xff, 0xff, 0xff,
    0xff, 0xff, 0xff, 0xff, 0xff, 0xff, 0xfb, 0xff,
    0xfd, 0xde, 0xfe, 0xdd, 0xff, 0xdd, 0xff, 0xdd,
    0xef, 0xed, 0xef, 0xfd, 0xff, 0xe0, 0x4, 0xf3,
    0x0, 0xf8, 0x0, 0x8f, 0x0, 0x5f, 0x20, 0xf,
    0xfe, 0xff, 0xe0, 0x4, 0xf3, 0x0, 0xf8, 0x0,
    0x8e, 0x0, 0x5f, 0x20, 0xf, 0xfe, 0xff, 0xf8,
    0x7a, 0xfa, 0x78, 0xfd, 0x77, 0xdf, 0x87, 0xbf,
    0x97, 0x8f, 0xfe, 0xff, 0xff, 0xff, 0xff, 0xff,
    0xff, 0xff, 0xff, 0xff, 0xff, 0xff, 0xff, 0xfe,
    0xff, 0xff, 0xf1, 0x2, 0xf6, 0x0, 0xcc, 0x0,
    0x7f, 0x0, 0x3f, 0xff, 0xfe, 0xff, 0xff, 0xf0,
    0x1, 0xf5, 0x0, 0xcb, 0x0, 0x6f, 0x0, 0x2f,
    0xff, 0xfe, 0xff, 0xff, 0xf4, 0x35, 0xf8, 0x33,
    0xdd, 0x33, 0x9f, 0x43, 0x6f, 0xff, 0xfe, 0xff,
    0xff, 0xff, 0xff, 0xff, 0xff, 0xff, 0xff, 0xff,
    0xff, 0xff, 0xff, 0xfe, 0xff, 0xf4, 0x48, 0xf7,
    0x44, 0x44, 0x44, 0x44, 0x44, 0x8f, 0x64, 0x5f,
    0xfe, 0xff, 0xe0, 0x4, 0xf3, 0x0, 0x0, 0x0,
    0x0, 0x0, 0x5f, 0x20, 0xf, 0xfe, 0xff, 0xe0,
    0x4, 0xf3, 0x0, 0x0, 0x0, 0x0, 0x0, 0x5f,
    0x20, 0xf, 0xfe, 0xff, 0xfe, 0xef, 0xff, 0xee,
    0xee, 0xee, 0xee, 0xee, 0xff, 0xee, 0xef, 0xfd,
    0xdf, 0xff, 0xff, 0xff, 0xff, 0xff, 0xff, 0xff,
    0xff, 0xff, 0xff, 0xff, 0xfb, 0x3d, 0xff, 0xff,
    0xff, 0xff, 0xff, 0xff, 0xff, 0xff, 0xff, 0xff,
    0xff, 0xc2,

    /* U+F124 "" */
    0x0, 0x0, 0x0, 0x0, 0x0, 0x0, 0x0, 0x0,
    0x0, 0x0, 0x1, 0x0, 0x0, 0x0, 0x0, 0x0,
    0x0, 0x0, 0x0, 0x0, 0x0, 0x0, 0x4b, 0xfe,
    0x30, 0x0, 0x0, 0x0, 0x0, 0x0, 0x0, 0x0,
    0x0, 0x5, 0xcf, 0xff, 0xfd, 0x0, 0x0, 0x0,
    0x0, 0x0, 0x0, 0x0, 0x0, 0x6e, 0xff, 0xff,
    0xff, 0xe0, 0x0, 0x0, 0x0, 0x0, 0x0, 0x0,
    0x18, 0xef, 0xff, 0xff, 0xff, 0xf8, 0x0, 0x0,
    0x0, 0x0, 0x0, 0x2, 0x9f, 0xff, 0xff, 0xff,
    0xff, 0xff, 0x10, 0x0, 0x0, 0x0, 0x0, 0x3a,
    0xff, 0xff, 0xff, 0xff, 0xff, 0xff, 0xa0, 0x0,
    0x0, 0x0, 0x4, 0xcf, 0xff, 0xff, 0xff, 0xff,
    0xff, 0xff, 0xf2, 0x0, 0x0, 0x0, 0x5d, 0xff,
    0xff, 0xff, 0xff, 0xff, 0xff, 0xff, 0xfb, 0x0,
    0x0, 0x7, 0xef, 0xff, 0xff, 0xff, 0xff, 0xff,
    0xff, 0xff, 0xff, 0x30, 0x0, 0xa, 0xff, 0xff,
    0xff, 0xff, 0xff, 0xff, 0xff, 0xff, 0xff, 0xc0,
    0x0, 0x0, 0xff, 0xff, 0xff, 0xff, 0xff, 0xff,
    0xff, 0xff, 0xff, 0xf5, 0x0, 0x0, 0xc, 0xff,
    0xff, 0xff, 0xff, 0xff, 0xff, 0xff, 0xff, 0xfd,
    0x0, 0x0, 0x0, 0x2a, 0xcd, 0xdd, 0xdd, 0xdd,
    0xff, 0xff, 0xff, 0xff, 0x60, 0x0, 0x0, 0x0,
    0x0, 0x0, 0x0, 0x0, 0xf, 0xff, 0xff, 0xff,
    0xe0, 0x0, 0x0, 0x0, 0x0, 0x0, 0x0, 0x0,
    0x0, 0xff, 0xff, 0xff, 0xf7, 0x0, 0x0, 0x0,
    0x0, 0x0, 0x0, 0x0, 0x0, 0xf, 0xff, 0xff,
    0xff, 0x10, 0x0, 0x0, 0x0, 0x0, 0x0, 0x0,
    0x0, 0x0, 0xff, 0xff, 0xff, 0x90, 0x0, 0x0,
    0x0, 0x0, 0x0, 0x0, 0x0, 0x0, 0xf, 0xff,
    0xff, 0xf1, 0x0, 0x0, 0x0, 0x0, 0x0, 0x0,
    0x0, 0x0, 0x0, 0xff, 0xff, 0xfa, 0x0, 0x0,
    0x0, 0x0, 0x0, 0x0, 0x0, 0x0, 0x0, 0xf,
    0xff, 0xff, 0x30, 0x0, 0x0, 0x0, 0x0, 0x0,
    0x0, 0x0, 0x0, 0x0, 0xef, 0xff, 0xb0, 0x0,
    0x0, 0x0, 0x0, 0x0, 0x0, 0x0, 0x0, 0x0,
    0xb, 0xff, 0xf4, 0x0, 0x0, 0x0, 0x0, 0x0,
    0x0, 0x0, 0x0, 0x0, 0x0, 0x2b, 0xd6, 0x0,
    0x0, 0x0, 0x0, 0x0,

    /* U+F15B "" */
    0x0, 0x0, 0x0, 0x0, 0x0, 0x0, 0x0, 0x0,
    0x0, 0xcf, 0xff, 0xff, 0xff, 0xff, 0x1a, 0x90,
    0x0, 0x0, 0xff, 0xff, 0xff, 0xff, 0xff, 0x1a,
    0xf9, 0x0, 0x0, 0xff, 0xff, 0xff, 0xff, 0xff,
    0x1a, 0xff, 0x90, 0x0, 0xff, 0xff, 0xff, 0xff,
    0xff, 0x1a, 0xff, 0xf9, 0x0, 0xff, 0xff, 0xff,
    0xff, 0xff, 0x1a, 0xff, 0xff, 0x90, 0xff, 0xff,
    0xff, 0xff, 0xff, 0x17, 0xbb, 0xbb, 0xb0, 0xff,
    0xff, 0xff, 0xff, 0xff, 0x40, 0x0, 0x0, 0x0,
    0xff, 0xff, 0xff, 0xff, 0xff, 0xff, 0xff, 0xff,
    0xf1, 0xff, 0xff, 0xff, 0xff, 0xff, 0xff, 0xff,
    0xff, 0xf1, 0xff, 0xff, 0xff, 0xff, 0xff, 0xff,
    0xff, 0xff, 0xf1, 0xff, 0xff, 0xff, 0xff, 0xff,
    0xff, 0xff, 0xff, 0xf1, 0xff, 0xff, 0xff, 0xff,
    0xff, 0xff, 0xff, 0xff, 0xf1, 0xff, 0xff, 0xff,
    0xff, 0xff, 0xff, 0xff, 0xff, 0xf1, 0xff, 0xff,
    0xff, 0xff, 0xff, 0xff, 0xff, 0xff, 0xf1, 0xff,
    0xff, 0xff, 0xff, 0xff, 0xff, 0xff, 0xff, 0xf1,
    0xff, 0xff, 0xff, 0xff, 0xff, 0xff, 0xff, 0xff,
    0xf1, 0xff, 0xff, 0xff, 0xff, 0xff, 0xff, 0xff,
    0xff, 0xf1, 0xff, 0xff, 0xff, 0xff, 0xff, 0xff,
    0xff, 0xff, 0xf1, 0xff, 0xff, 0xff, 0xff, 0xff,
    0xff, 0xff, 0xff, 0xf1, 0xff, 0xff, 0xff, 0xff,
    0xff, 0xff, 0xff, 0xff, 0xf1, 0xff, 0xff, 0xff,
    0xff, 0xff, 0xff, 0xff, 0xff, 0xf1, 0xff, 0xff,
    0xff, 0xff, 0xff, 0xff, 0xff, 0xff, 0xf1, 0x9d,
    0xdd, 0xdd, 0xdd, 0xdd, 0xdd, 0xdd, 0xdd, 0xa0,

    /* U+F1EB "" */
    0x0, 0x0, 0x0, 0x0, 0x0, 0x0, 0x0, 0x0,
    0x0, 0x0, 0x0, 0x0, 0x0, 0x0, 0x0, 0x0,
    0x0, 0x0, 0x0, 0x14, 0x79, 0xab, 0xa9, 0x74,
    0x10, 0x0, 0x0, 0x0, 0x0, 0x0, 0x0, 0x0,
    0x28, 0xdf, 0xff, 0xff, 0xff, 0xff, 0xff, 0xc7,
    0x10, 0x0, 0x0, 0x0, 0x0, 0x3, 0xbf, 0xff,
    0xff, 0xff, 0xff, 0xff, 0xff, 0xff, 0xff, 0x91,
    0x0, 0x0, 0x0, 0x19, 0xff, 0xff, 0xff, 0xff,
    0xff, 0xef, 0xff, 0xff, 0xff, 0xff, 0xf7, 0x0,
    0x0, 0x3e, 0xff, 0xff, 0xfe, 0x95, 0x20, 0x0,
    0x0, 0x26, 0xaf, 0xff, 0xff, 0xfc, 0x10, 0x6f,
    0xff, 0xff, 0xc4, 0x0, 0x0, 0x0, 0x0, 0x0,
    0x0, 0x6, 0xef, 0xff, 0xfe, 0x3e, 0xff, 0xfe,
    0x50, 0x0, 0x0, 0x0, 0x0, 0x0, 0x0, 0x0,
    0x0, 0x7f, 0xff, 0xfa, 0x3f, 0xfb, 0x10, 0x0,
    0x0, 0x3, 0x56, 0x76, 0x51, 0x0, 0x0, 0x0,
    0x3e, 0xfd, 0x10, 0x37, 0x0, 0x0, 0x2, 0x9e,
    0xff, 0xff, 0xff, 0xfd, 0x81, 0x0, 0x0, 0x18,
    0x10, 0x0, 0x0, 0x0, 0x1a, 0xff, 0xff, 0xff,
    0xff, 0xff, 0xff, 0xf8, 0x0, 0x0, 0x0, 0x0,
    0x0, 0x0, 0x4e, 0xff, 0xff, 0xff, 0xff, 0xff,
    0xff, 0xff, 0xfc, 0x20, 0x0, 0x0, 0x0, 0x0,
    0xd, 0xff, 0xff, 0xd8, 0x42, 0x13, 0x59, 0xef,
    0xff, 0xf9, 0x0, 0x0, 0x0, 0x0, 0x0, 0x4f,
    0xfe, 0x50, 0x0, 0x0, 0x0, 0x0, 0x7f, 0xfd,
    0x10, 0x0, 0x0, 0x0, 0x0, 0x0, 0x49, 0x10,
    0x0, 0x0, 0x0, 0x0, 0x0, 0x3a, 0x10, 0x0,
    0x0, 0x0, 0x0, 0x0, 0x0, 0x0, 0x0, 0x0,
    0x1, 0x0, 0x0, 0x0, 0x0, 0x0, 0x0, 0x0,
    0x0, 0x0, 0x0, 0x0, 0x0, 0x0, 0x6f, 0xfd,
    0x30, 0x0, 0x0, 0x0, 0x0, 0x0, 0x0, 0x0,
    0x0, 0x0, 0x0, 0x0, 0x3f, 0xff, 0xfe, 0x0,
    0x0, 0x0, 0x0, 0x0, 0x0, 0x0, 0x0, 0x0,
    0x0, 0x0, 0x7, 0xff, 0xff, 0xf3, 0x0, 0x0,
    0x0, 0x0, 0x0, 0x0, 0x0, 0x0, 0x0, 0x0,
    0x0, 0x5f, 0xff, 0xff, 0x10, 0x0, 0x0, 0x0,
    0x0, 0x0, 0x0, 0x0, 0x0, 0x0, 0x0, 0x0,
    0xdf, 0xff, 0x90, 0x0, 0x0, 0x0, 0x0, 0x0,
    0x0, 0x0, 0x0, 0x0, 0x0, 0x0, 0x0, 0x68,
    0x50, 0x0, 0x0, 0x0, 0x0, 0x0, 0x0,

    /* U+F240 "" */
    0x2a, 0xdd, 0xdd, 0xdd, 0xdd, 0xdd, 0xdd, 0xdd,
    0xdd, 0xdd, 0xdd, 0xdd, 0xdc, 0x40, 0xc, 0xff,
    0xff, 0xff, 0xff, 0xff, 0xff, 0xff, 0xff, 0xff,
    0xff, 0xff, 0xff, 0xff, 0x10, 0xff, 0xff, 0xff,
    0xff, 0xff, 0xff, 0xff, 0xff, 0xff, 0xff, 0xff,
    0xff, 0xff, 0xf4, 0xf, 0xfe, 0x0, 0x0, 0x0,
    0x0, 0x0, 0x0, 0x0, 0x0, 0x0, 0x0, 0x8,
    0xff, 0xf7, 0xff, 0xe0, 0x7b, 0xbb, 0xbb, 0xbb,
    0xbb, 0xbb, 0xbb, 0xbb, 0xbb, 0xb0, 0x8f, 0xff,
    0xcf, 0xfe, 0xb, 0xff, 0xff, 0xff, 0xff, 0xff,
    0xff, 0xff, 0xff, 0xff, 0x7, 0xef, 0xfc, 0xff,
    0xe0, 0xbf, 0xff, 0xff, 0xff, 0xff, 0xff, 0xff,
    0xff, 0xff, 0xf0, 0x1, 0xff, 0xcf, 0xfe, 0xb,
    0xff, 0xff, 0xff, 0xff, 0xff, 0xff, 0xff, 0xff,
    0xff, 0x0, 0x1f, 0xfc, 0xff, 0xe0, 0xbf, 0xff,
    0xff, 0xff, 0xff, 0xff, 0xff, 0xff, 0xff, 0xf0,
    0x1, 0xff, 0xcf, 0xfe, 0xb, 0xff, 0xff, 0xff,
    0xff, 0xff, 0xff, 0xff, 0xff, 0xff, 0x7, 0xff,
    0xfc, 0xff, 0xe0, 0x0, 0x0, 0x0, 0x0, 0x0,
    0x0, 0x0, 0x0, 0x0, 0x0, 0x8f, 0xff, 0xcf,
    0xfe, 0x11, 0x11, 0x11, 0x11, 0x11, 0x11, 0x11,
    0x11, 0x11, 0x11, 0x18, 0xff, 0xe7, 0xff, 0xff,
    0xff, 0xff, 0xff, 0xff, 0xff, 0xff, 0xff, 0xff,
    0xff, 0xff, 0xff, 0xf4, 0xc, 0xff, 0xff, 0xff,
    0xff, 0xff, 0xff, 0xff, 0xff, 0xff, 0xff, 0xff,
    0xff, 0xff, 0x10, 0x1a, 0xcc, 0xcc, 0xcc, 0xcc,
    0xcc, 0xcc, 0xcc, 0xcc, 0xcc, 0xcc, 0xcc, 0xcb,
    0x40, 0x0,

    /* U+F241 "" */
    0x2a, 0xdd, 0xdd, 0xdd, 0xdd, 0xdd, 0xdd, 0xdd,
    0xdd, 0xdd, 0xdd, 0xdd, 0xdc, 0x40, 0xc, 0xff,
    0xff, 0xff, 0xff, 0xff, 0xff, 0xff, 0xff, 0xff,
    0xff, 0xff, 0xff, 0xff, 0x10, 0xff, 0xff, 0xff,
    0xff, 0xff, 0xff, 0xff, 0xff, 0xff, 0xff, 0xff,
    0xff, 0xff, 0xf4, 0xf, 0xfe, 0x0, 0x0, 0x0,
    0x0, 0x0, 0x0, 0x0, 0x0, 0x0, 0x0, 0x8,
    0xff, 0xf7, 0xff, 0xe0, 0xab, 0xbb, 0xbb, 0xbb,
    0xbb, 0xbb, 0xbb, 0x50, 0x0, 0x0, 0x8f, 0xff,
    0xcf, 0xfe, 0xe, 0xff, 0xff, 0xff, 0xff, 0xff,
    0xff, 0xf7, 0x0, 0x0, 0x7, 0xef, 0xfc, 0xff,
    0xe0, 0xef, 0xff, 0xff, 0xff, 0xff, 0xff, 0xff,
    0x70, 0x0, 0x0, 0x1, 0xff, 0xcf, 0xfe, 0xe,
    0xff, 0xff, 0xff, 0xff, 0xff, 0xff, 0xf7, 0x0,
    0x0, 0x0, 0x1f, 0xfc, 0xff, 0xe0, 0xef, 0xff,
    0xff, 0xff, 0xff, 0xff, 0xff, 0x70, 0x0, 0x0,
    0x1, 0xff, 0xcf, 0xfe, 0xe, 0xff, 0xff, 0xff,
    0xff, 0xff, 0xff, 0xf7, 0x0, 0x0, 0x7, 0xff,
    0xfc, 0xff, 0xe0, 0x0, 0x0, 0x0, 0x0, 0x0,
    0x0, 0x0, 0x0, 0x0, 0x0, 0x8f, 0xff, 0xcf,
    0xfe, 0x11, 0x11, 0x11, 0x11, 0x11, 0x11, 0x11,
    0x11, 0x11, 0x11, 0x18, 0xff, 0xe7, 0xff, 0xff,
    0xff, 0xff, 0xff, 0xff, 0xff, 0xff, 0xff, 0xff,
    0xff, 0xff, 0xff, 0xf4, 0xc, 0xff, 0xff, 0xff,
    0xff, 0xff, 0xff, 0xff, 0xff, 0xff, 0xff, 0xff,
    0xff, 0xff, 0x10, 0x1a, 0xcc, 0xcc, 0xcc, 0xcc,
    0xcc, 0xcc, 0xcc, 0xcc, 0xcc, 0xcc, 0xcc, 0xcb,
    0x40, 0x0,

    /* U+F242 "" */
    0x2a, 0xdd, 0xdd, 0xdd, 0xdd, 0xdd, 0xdd, 0xdd,
    0xdd, 0xdd, 0xdd, 0xdd, 0xdc, 0x40, 0xc, 0xff,
    0xff, 0xff, 0xff, 0xff, 0xff, 0xff, 0xff, 0xff,
    0xff, 0xff, 0xff, 0xff, 0x10, 0xff, 0xff, 0xff,
    0xff, 0xff, 0xff, 0xff, 0xff, 0xff, 0xff, 0xff,
    0xff, 0xff, 0xf4, 0xf, 0xfe, 0x0, 0x0, 0x0,
    0x0, 0x0, 0x0, 0x0, 0x0, 0x0, 0x0, 0x8,
    0xff, 0xf7, 0xff, 0xe0, 0xab, 0xbb, 0xbb, 0xbb,
    0xbb, 0x10, 0x0, 0x0, 0x0, 0x0, 0x8f, 0xff,
    0xcf, 0xfe, 0xe, 0xff, 0xff, 0xff, 0xff, 0xf2,
    0x0, 0x0, 0x0, 0x0, 0x7, 0xef, 0xfc, 0xff,
    0xe0, 0xef, 0xff, 0xff, 0xff, 0xff, 0x20, 0x0,
    0x0, 0x0, 0x0, 0x1, 0xff, 0xcf, 0xfe, 0xe,
    0xff, 0xff, 0xff, 0xff, 0xf2, 0x0, 0x0, 0x0,
    0x0, 0x0, 0x1f, 0xfc, 0xff, 0xe0, 0xef, 0xff,
    0xff, 0xff, 0xff, 0x20, 0x0, 0x0, 0x0, 0x0,
    0x1, 0xff, 0xcf, 0xfe, 0xe, 0xff, 0xff, 0xff,
    0xff, 0xf2, 0x0, 0x0, 0x0, 0x0, 0x7, 0xff,
    0xfc, 0xff, 0xe0, 0x0, 0x0, 0x0, 0x0, 0x0,
    0x0, 0x0, 0x0, 0x0, 0x0, 0x8f, 0xff, 0xcf,
    0xfe, 0x11, 0x11, 0x11, 0x11, 0x11, 0x11, 0x11,
    0x11, 0x11, 0x11, 0x18, 0xff, 0xe7, 0xff, 0xff,
    0xff, 0xff, 0xff, 0xff, 0xff, 0xff, 0xff, 0xff,
    0xff, 0xff, 0xff, 0xf4, 0xc, 0xff, 0xff, 0xff,
    0xff, 0xff, 0xff, 0xff, 0xff, 0xff, 0xff, 0xff,
    0xff, 0xff, 0x10, 0x1a, 0xcc, 0xcc, 0xcc, 0xcc,
    0xcc, 0xcc, 0xcc, 0xcc, 0xcc, 0xcc, 0xcc, 0xcb,
    0x40, 0x0,

    /* U+F243 "" */
    0x2a, 0xdd, 0xdd, 0xdd, 0xdd, 0xdd, 0xdd, 0xdd,
    0xdd, 0xdd, 0xdd, 0xdd, 0xdc, 0x40, 0xc, 0xff,
    0xff, 0xff, 0xff, 0xff, 0xff, 0xff, 0xff, 0xff,
    0xff, 0xff, 0xff, 0xff, 0x10, 0xff, 0xff, 0xff,
    0xff, 0xff, 0xff, 0xff, 0xff, 0xff, 0xff, 0xff,
    0xff, 0xff, 0xf4, 0xf, 0xfe, 0x0, 0x0, 0x0,
    0x0, 0x0, 0x0, 0x0, 0x0, 0x0, 0x0, 0x8,
    0xff, 0xf7, 0xff, 0xe0, 0x7b, 0xbb, 0xbb, 0x0,
    0x0, 0x0, 0x0, 0x0, 0x0, 0x0, 0x8f, 0xff,
    0xcf, 0xfe, 0xb, 0xff, 0xff, 0xf1, 0x0, 0x0,
    0x0, 0x0, 0x0, 0x0, 0x7, 0xef, 0xfc, 0xff,
    0xe0, 0xbf, 0xff, 0xff, 0x10, 0x0, 0x0, 0x0,
    0x0, 0x0, 0x0, 0x1, 0xff, 0xcf, 0xfe, 0xb,
    0xff, 0xff, 0xf1, 0x0, 0x0, 0x0, 0x0, 0x0,
    0x0, 0x0, 0x1f, 0xfc, 0xff, 0xe0, 0xbf, 0xff,
    0xff, 0x10, 0x0, 0x0, 0x0, 0x0, 0x0, 0x0,
    0x1, 0xff, 0xcf, 0xfe, 0xb, 0xff, 0xff, 0xf1,
    0x0, 0x0, 0x0, 0x0, 0x0, 0x0, 0x7, 0xff,
    0xfc, 0xff, 0xe0, 0x0, 0x0, 0x0, 0x0, 0x0,
    0x0, 0x0, 0x0, 0x0, 0x0, 0x8f, 0xff, 0xcf,
    0xfe, 0x11, 0x11, 0x11, 0x11, 0x11, 0x11, 0x11,
    0x11, 0x11, 0x11, 0x18, 0xff, 0xe7, 0xff, 0xff,
    0xff, 0xff, 0xff, 0xff, 0xff, 0xff, 0xff, 0xff,
    0xff, 0xff, 0xff, 0xf4, 0xc, 0xff, 0xff, 0xff,
    0xff, 0xff, 0xff, 0xff, 0xff, 0xff, 0xff, 0xff,
    0xff, 0xff, 0x10, 0x1a, 0xcc, 0xcc, 0xcc, 0xcc,
    0xcc, 0xcc, 0xcc, 0xcc, 0xcc, 0xcc, 0xcc, 0xcb,
    0x40, 0x0,

    /* U+F244 "" */
    0x2a, 0xdd, 0xdd, 0xdd, 0xdd, 0xdd, 0xdd, 0xdd,
    0xdd, 0xdd, 0xdd, 0xdd, 0xdc, 0x40, 0xc, 0xff,
    0xff, 0xff, 0xff, 0xff, 0xff, 0xff, 0xff, 0xff,
    0xff, 0xff, 0xff, 0xff, 0x10, 0xff, 0xff, 0xff,
    0xff, 0xff, 0xff, 0xff, 0xff, 0xff, 0xff, 0xff,
    0xff, 0xff, 0xf4, 0xf, 0xfe, 0x0, 0x0, 0x0,
    0x0, 0x0, 0x0, 0x0, 0x0, 0x0, 0x0, 0x8,
    0xff, 0xf7, 0xff, 0xe0, 0x0, 0x0, 0x0, 0x0,
    0x0, 0x0, 0x0, 0x0, 0x0, 0x0, 0x8f, 0xff,
    0xcf, 0xfe, 0x0, 0x0, 0x0, 0x0, 0x0, 0x0,
    0x0, 0x0, 0x0, 0x0, 0x7, 0xef, 0xfc, 0xff,
    0xe0, 0x0, 0x0, 0x0, 0x0, 0x0, 0x0, 0x0,
    0x0, 0x0, 0x0, 0x1, 0xff, 0xcf, 0xfe, 0x0,
    0x0, 0x0, 0x0, 0x0, 0x0, 0x0, 0x0, 0x0,
    0x0, 0x0, 0x1f, 0xfc, 0xff, 0xe0, 0x0, 0x0,
    0x0, 0x0, 0x0, 0x0, 0x0, 0x0, 0x0, 0x0,
    0x1, 0xff, 0xcf, 0xfe, 0x0, 0x0, 0x0, 0x0,
    0x0, 0x0, 0x0, 0x0, 0x0, 0x0, 0x7, 0xff,
    0xfc, 0xff, 0xe0, 0x0, 0x0, 0x0, 0x0, 0x0,
    0x0, 0x0, 0x0, 0x0, 0x0, 0x8f, 0xff, 0xcf,
    0xfe, 0x11, 0x11, 0x11, 0x11, 0x11, 0x11, 0x11,
    0x11, 0x11, 0x11, 0x18, 0xff, 0xe7, 0xff, 0xff,
    0xff, 0xff, 0xff, 0xff, 0xff, 0xff, 0xff, 0xff,
    0xff, 0xff, 0xff, 0xf4, 0xc, 0xff, 0xff, 0xff,
    0xff, 0xff, 0xff, 0xff, 0xff, 0xff, 0xff, 0xff,
    0xff, 0xff, 0x10, 0x1a, 0xcc, 0xcc, 0xcc, 0xcc,
    0xcc, 0xcc, 0xcc, 0xcc, 0xcc, 0xcc, 0xcc, 0xcb,
    0x40, 0x0,

    /* U+F287 "" */
    0x0, 0x0, 0x0, 0x0, 0x0, 0x0, 0x0, 0x3,
    0x97, 0x0, 0x0, 0x0, 0x0, 0x0, 0x0, 0x0,
    0x0, 0x0, 0x0, 0x0, 0x0, 0x3, 0xff, 0xfc,
    0x0, 0x0, 0x0, 0x0, 0x0, 0x0, 0x0, 0x0,
    0x0, 0x0, 0x5, 0xef, 0xff, 0xff, 0xf2, 0x0,
    0x0, 0x0, 0x0, 0x0, 0x0, 0x0, 0x0, 0x0,
    0x3, 0xfd, 0x9b, 0xff, 0xff, 0x10, 0x0, 0x0,
    0x0, 0x0, 0x0, 0x0, 0x0, 0x0, 0x0, 0xcf,
    0x10, 0xb, 0xff, 0x50, 0x0, 0x0, 0x0, 0x0,
    0x0, 0x0, 0x0, 0x0, 0x0, 0x3f, 0x70, 0x0,
    0x1, 0x0, 0x0, 0x0, 0x0, 0x0, 0x0, 0x6,
    0xde, 0xa1, 0x0, 0xb, 0xf1, 0x0, 0x0, 0x0,
    0x0, 0x0, 0x0, 0x70, 0x0, 0x6, 0xff, 0xff,
    0xc0, 0x4, 0xf9, 0x0, 0x0, 0x0, 0x0, 0x0,
    0x0, 0xf, 0xe5, 0x0, 0xdf, 0xff, 0xff, 0xa9,
    0xef, 0xa9, 0x99, 0x99, 0x99, 0x99, 0x99, 0x99,
    0xff, 0xfb, 0x2f, 0xff, 0xff, 0xff, 0xff, 0xff,
    0xff, 0xff, 0xff, 0xff, 0xff, 0xff, 0xff, 0xff,
    0xf8, 0xaf, 0xff, 0xff, 0x20, 0x0, 0x7, 0xf9,
    0x0, 0x0, 0x0, 0x0, 0x0, 0xff, 0xd4, 0x1,
    0xdf, 0xff, 0x60, 0x0, 0x0, 0xb, 0xf1, 0x0,
    0x0, 0x0, 0x0, 0xe, 0x70, 0x0, 0x0, 0x45,
    0x10, 0x0, 0x0, 0x0, 0x4f, 0x70, 0x0, 0x0,
    0x0, 0x0, 0x0, 0x0, 0x0, 0x0, 0x0, 0x0,
    0x0, 0x0, 0x0, 0xce, 0x0, 0x4c, 0xcc, 0xc4,
    0x0, 0x0, 0x0, 0x0, 0x0, 0x0, 0x0, 0x0,
    0x0, 0x4, 0xfa, 0x27, 0xff, 0xff, 0x60, 0x0,
    0x0, 0x0, 0x0, 0x0, 0x0, 0x0, 0x0, 0x0,
    0x7, 0xff, 0xff, 0xff, 0xf6, 0x0, 0x0, 0x0,
    0x0, 0x0, 0x0, 0x0, 0x0, 0x0, 0x0, 0x3,
    0x6a, 0xff, 0xff, 0x60, 0x0, 0x0, 0x0, 0x0,
    0x0, 0x0, 0x0, 0x0, 0x0, 0x0, 0x0, 0x5f,
    0xff, 0xf6, 0x0, 0x0, 0x0, 0x0, 0x0, 0x0,
    0x0, 0x0, 0x0, 0x0, 0x0, 0x0, 0x0, 0x0,
    0x0, 0x0, 0x0, 0x0,

    /* U+F293 "" */
    0x0, 0x0, 0x0, 0x0, 0x11, 0x0, 0x0, 0x0,
    0x0, 0x0, 0x0, 0x18, 0xdf, 0xff, 0xfd, 0x81,
    0x0, 0x0, 0x0, 0x6, 0xff, 0xff, 0xef, 0xff,
    0xff, 0x50, 0x0, 0x0, 0x7f, 0xff, 0xff, 0x5b,
    0xff, 0xff, 0xf5, 0x0, 0x3, 0xff, 0xff, 0xff,
    0x50, 0xcf, 0xff, 0xfe, 0x10, 0xa, 0xff, 0xff,
    0xff, 0x50, 0x1d, 0xff, 0xff, 0x70, 0xf, 0xff,
    0xff, 0xff, 0x50, 0x1, 0xef, 0xff, 0xc0, 0x4f,
    0xff, 0x9a, 0xff, 0x50, 0xc1, 0x2e, 0xff, 0xf0,
    0x7f, 0xff, 0x10, 0xaf, 0x50, 0xfa, 0x4, 0xff,
    0xf3, 0x9f, 0xff, 0xd1, 0xa, 0x50, 0xd1, 0x1d,
    0xff, 0xf5, 0xaf, 0xff, 0xfd, 0x10, 0x10, 0x10,
    0xcf, 0xff, 0xf6, 0xbf, 0xff, 0xff, 0xd1, 0x0,
    0xb, 0xff, 0xff, 0xf7, 0xcf, 0xff, 0xff, 0xfb,
    0x0, 0x6f, 0xff, 0xff, 0xf7, 0xcf, 0xff, 0xff,
    0xd1, 0x0, 0xb, 0xff, 0xff, 0xf7, 0xbf, 0xff,
    0xfd, 0x10, 0x10, 0x10, 0xbf, 0xff, 0xf6, 0xaf,
    0xff, 0xd1, 0x9, 0x50, 0xd1, 0xc, 0xff, 0xf5,
    0x7f, 0xff, 0x10, 0x9f, 0x50, 0xfa, 0x2, 0xff,
    0xf3, 0x4f, 0xff, 0x99, 0xff, 0x50, 0xd1, 0x1d,
    0xff, 0xf0, 0xf, 0xff, 0xff, 0xff, 0x50, 0x11,
    0xdf, 0xff, 0xc0, 0xa, 0xff, 0xff, 0xff, 0x50,
    0x1c, 0xff, 0xff, 0x60, 0x2, 0xff, 0xff, 0xff,
    0x51, 0xcf, 0xff, 0xfe, 0x0, 0x0, 0x5f, 0xff,
    0xff, 0x7c, 0xff, 0xff, 0xf5, 0x0, 0x0, 0x3,
    0xdf, 0xff, 0xff, 0xff, 0xff, 0x50, 0x0, 0x0,
    0x0, 0x5, 0x9c, 0xdd, 0xca, 0x61, 0x0, 0x0,

    /* U+F2ED "" */
    0x0, 0x0, 0x0, 0x3, 0x44, 0x44, 0x30, 0x0,
    0x0, 0x0, 0x0, 0x0, 0x0, 0x8, 0xff, 0xff,
    0xff, 0xa0, 0x0, 0x0, 0x0, 0xad, 0xdd, 0xdd,
    0xff, 0xff, 0xff, 0xff, 0xdd, 0xdd, 0xdc, 0xf,
    0xff, 0xff, 0xff, 0xff, 0xff, 0xff, 0xff, 0xff,
    0xff, 0xf2, 0xef, 0xff, 0xff, 0xff, 0xff, 0xff,
    0xff, 0xff, 0xff, 0xff, 0x0, 0x0, 0x0, 0x0,
    0x0, 0x0, 0x0, 0x0, 0x0, 0x0, 0x0, 0x1,
    0x22, 0x22, 0x22, 0x22, 0x22, 0x22, 0x22, 0x22,
    0x10, 0x0, 0x9f, 0xff, 0xff, 0xff, 0xff, 0xff,
    0xff, 0xff, 0xfb, 0x0, 0x9, 0xff, 0xff, 0xff,
    0xff, 0xff, 0xff, 0xff, 0xff, 0xb0, 0x0, 0x9f,
    0xff, 0xdf, 0xff, 0xee, 0xff, 0xfd, 0xff, 0xfb,
    0x0, 0x9, 0xff, 0xf1, 0x9f, 0xf6, 0x4f, 0xfb,
    0xe, 0xff, 0xb0, 0x0, 0x9f, 0xff, 0x8, 0xff,
    0x53, 0xff, 0xa0, 0xef, 0xfb, 0x0, 0x9, 0xff,
    0xf0, 0x8f, 0xf5, 0x3f, 0xfa, 0xe, 0xff, 0xb0,
    0x0, 0x9f, 0xff, 0x8, 0xff, 0x53, 0xff, 0xa0,
    0xef, 0xfb, 0x0, 0x9, 0xff, 0xf0, 0x8f, 0xf5,
    0x3f, 0xfa, 0xe, 0xff, 0xb0, 0x0, 0x9f, 0xff,
    0x8, 0xff, 0x53, 0xff, 0xa0, 0xef, 0xfb, 0x0,
    0x9, 0xff, 0xf0, 0x8f, 0xf5, 0x3f, 0xfa, 0xe,
    0xff, 0xb0, 0x0, 0x9f, 0xff, 0x8, 0xff, 0x53,
    0xff, 0xa0, 0xef, 0xfb, 0x0, 0x9, 0xff, 0xf0,
    0x8f, 0xf5, 0x3f, 0xfa, 0xe, 0xff, 0xb0, 0x0,
    0x9f, 0xff, 0x8, 0xff, 0x53, 0xff, 0xa0, 0xef,
    0xfb, 0x0, 0x9, 0xff, 0xf3, 0xaf, 0xf7, 0x5f,
    0xfc, 0x1f, 0xff, 0xb0, 0x0, 0x8f, 0xff, 0xff,
    0xff, 0xff, 0xff, 0xff, 0xff, 0xfa, 0x0, 0x6,
    0xff, 0xff, 0xff, 0xff, 0xff, 0xff, 0xff, 0xff,
    0x70, 0x0, 0x8, 0xde, 0xee, 0xee, 0xee, 0xee,
    0xee, 0xed, 0x90, 0x0,

    /* U+F304 "" */
    0x0, 0x0, 0x0, 0x0, 0x0, 0x0, 0x0, 0x0,
    0x0, 0x0, 0x0, 0x0, 0x0, 0x0, 0x0, 0x0,
    0x0, 0x0, 0x0, 0x0, 0x5, 0xff, 0x90, 0x0,
    0x0, 0x0, 0x0, 0x0, 0x0, 0x0, 0x0, 0x0,
    0x6f, 0xff, 0xfa, 0x0, 0x0, 0x0, 0x0, 0x0,
    0x0, 0x0, 0x0, 0x6, 0xff, 0xff, 0xff, 0xa0,
    0x0, 0x0, 0x0, 0x0, 0x0, 0x0, 0x0, 0x7,
    0xff, 0xff, 0xff, 0xf9, 0x0, 0x0, 0x0, 0x0,
    0x0, 0x0, 0x6, 0x80, 0x8f, 0xff, 0xff, 0xff,
    0x0, 0x0, 0x0, 0x0, 0x0, 0x0, 0x6f, 0xf8,
    0x8, 0xff, 0xff, 0xfc, 0x0, 0x0, 0x0, 0x0,
    0x0, 0x6, 0xff, 0xff, 0x80, 0x8f, 0xff, 0xe2,
    0x0, 0x0, 0x0, 0x0, 0x0, 0x6f, 0xff, 0xff,
    0xf8, 0x8, 0xfe, 0x30, 0x0, 0x0, 0x0, 0x0,
    0x6, 0xff, 0xff, 0xff, 0xff, 0x80, 0x73, 0x0,
    0x0, 0x0, 0x0, 0x0, 0x6f, 0xff, 0xff, 0xff,
    0xff, 0xf7, 0x0, 0x0, 0x0, 0x0, 0x0, 0x6,
    0xff, 0xff, 0xff, 0xff, 0xff, 0xe3, 0x0, 0x0,
    0x0, 0x0, 0x0, 0x6f, 0xff, 0xff, 0xff, 0xff,
    0xfe, 0x30, 0x0, 0x0, 0x0, 0x0, 0x6, 0xff,
    0xff, 0xff, 0xff, 0xff, 0xe3, 0x0, 0x0, 0x0,
    0x0, 0x0, 0x6f, 0xff, 0xff, 0xff, 0xff, 0xfe,
    0x30, 0x0, 0x0, 0x0, 0x0, 0x6, 0xff, 0xff,
    0xff, 0xff, 0xff, 0xe3, 0x0, 0x0, 0x0, 0x0,
    0x0, 0x6f, 0xff, 0xff, 0xff, 0xff, 0xfe, 0x30,
    0x0, 0x0, 0x0, 0x0, 0x4, 0xff, 0xff, 0xff,
    0xff, 0xff, 0xe3, 0x0, 0x0, 0x0, 0x0, 0x0,
    0x8, 0xff, 0xff, 0xff, 0xff, 0xfe, 0x30, 0x0,
    0x0, 0x0, 0x0, 0x0, 0xa, 0xff, 0xff, 0xff,
    0xff, 0xe3, 0x0, 0x0, 0x0, 0x0, 0x0, 0x0,
    0xc, 0xff, 0xff, 0xff, 0xfe, 0x30, 0x0, 0x0,
    0x0, 0x0, 0x0, 0x0, 0xd, 0xff, 0xff, 0xff,
    0xe3, 0x0, 0x0, 0x0, 0x0, 0x0, 0x0, 0x0,
    0xf, 0xff, 0xff, 0xfe, 0x30, 0x0, 0x0, 0x0,
    0x0, 0x0, 0x0, 0x0, 0x9, 0xdb, 0x98, 0x62,
    0x0, 0x0, 0x0, 0x0, 0x0, 0x0, 0x0, 0x0,

    /* U+F55A "" */
    0x0, 0x0, 0x0, 0x0, 0x13, 0x44, 0x44, 0x44,
    0x44, 0x44, 0x44, 0x44, 0x43, 0x20, 0x0, 0x0,
    0x0, 0x0, 0x9f, 0xff, 0xff, 0xff, 0xff, 0xff,
    0xff, 0xff, 0xff, 0xff, 0xb0, 0x0, 0x0, 0x0,
    0xaf, 0xff, 0xff, 0xff, 0xff, 0xff, 0xff, 0xff,
    0xff, 0xff, 0xff, 0x70, 0x0, 0x0, 0xbf, 0xff,
    0xff, 0xff, 0xff, 0xff, 0xff, 0xff, 0xff, 0xff,
    0xff, 0xfb, 0x0, 0x0, 0xbf, 0xff, 0xff, 0xff,
    0xf8, 0xaf, 0xff, 0xfe, 0x6e, 0xff, 0xff, 0xff,
    0xc0, 0x0, 0xbf, 0xff, 0xff, 0xff, 0xf8, 0x0,
    0x9f, 0xfe, 0x20, 0x2e, 0xff, 0xff, 0xfc, 0x0,
    0xbf, 0xff, 0xff, 0xff, 0xff, 0x60, 0x0, 0x9e,
    0x20, 0x0, 0xdf, 0xff, 0xff, 0xc0, 0xbf, 0xff,
    0xff, 0xff, 0xff, 0xff, 0x50, 0x0, 0x10, 0x0,
    0xcf, 0xff, 0xff, 0xfc, 0xaf, 0xff, 0xff, 0xff,
    0xff, 0xff, 0xff, 0x50, 0x0, 0x1, 0xcf, 0xff,
    0xff, 0xff, 0xcf, 0xff, 0xff, 0xff, 0xff, 0xff,
    0xff, 0xfe, 0x0, 0x0, 0x7f, 0xff, 0xff, 0xff,
    0xfc, 0x7f, 0xff, 0xff, 0xff, 0xff, 0xff, 0xfe,
    0x20, 0x0, 0x0, 0x9f, 0xff, 0xff, 0xff, 0xc0,
    0x7f, 0xff, 0xff, 0xff, 0xff, 0xfe, 0x20, 0x1,
    0x40, 0x0, 0x9f, 0xff, 0xff, 0xfc, 0x0, 0x7f,
    0xff, 0xff, 0xff, 0xff, 0x40, 0x0, 0xcf, 0x50,
    0x0, 0xcf, 0xff, 0xff, 0xc0, 0x0, 0x7f, 0xff,
    0xff, 0xff, 0xfb, 0x0, 0xcf, 0xff, 0x50, 0x4f,
    0xff, 0xff, 0xfc, 0x0, 0x0, 0x7f, 0xff, 0xff,
    0xff, 0xfc, 0xdf, 0xff, 0xff, 0xaf, 0xff, 0xff,
    0xff, 0xc0, 0x0, 0x0, 0x7f, 0xff, 0xff, 0xff,
    0xff, 0xff, 0xff, 0xff, 0xff, 0xff, 0xff, 0xfa,
    0x0, 0x0, 0x0, 0x7f, 0xff, 0xff, 0xff, 0xff,
    0xff, 0xff, 0xff, 0xff, 0xff, 0xff, 0x50, 0x0,
    0x0, 0x0, 0x5d, 0xff, 0xff, 0xff, 0xff, 0xff,
    0xff, 0xff, 0xff, 0xfe, 0x70,

    /* U+F7C2 "" */
    0x0, 0x0, 0x0, 0x0, 0x0, 0x0, 0x0, 0x0,
    0x0, 0x0, 0x0, 0xc, 0xff, 0xff, 0xff, 0xff,
    0xfa, 0x10, 0x0, 0x0, 0xcf, 0xff, 0xff, 0xff,
    0xff, 0xff, 0xa0, 0x0, 0xc, 0xfd, 0xdf, 0xed,
    0xdf, 0xdd, 0xff, 0xf0, 0x0, 0xcf, 0xf0, 0xe,
    0x80, 0x3f, 0x30, 0xcf, 0xf1, 0x1c, 0xff, 0xf0,
    0xe, 0x80, 0x3f, 0x30, 0xcf, 0xf1, 0xcf, 0xff,
    0xf0, 0xe, 0x80, 0x3f, 0x30, 0xcf, 0xf1, 0xff,
    0xff, 0xf0, 0xe, 0x80, 0x3f, 0x30, 0xcf, 0xf1,
    0xff, 0xff, 0xff, 0xff, 0xff, 0xff, 0xff, 0xff,
    0xf1, 0xff, 0xff, 0xff, 0xff, 0xff, 0xff, 0xff,
    0xff, 0xf1, 0xff, 0xff, 0xff, 0xff, 0xff, 0xff,
    0xff, 0xff, 0xf1, 0xff, 0xff, 0xff, 0xff, 0xff,
    0xff, 0xff, 0xff, 0xf1, 0xff, 0xff, 0xff, 0xff,
    0xff, 0xff, 0xff, 0xff, 0xf1, 0xff, 0xff, 0xff,
    0xff, 0xff, 0xff, 0xff, 0xff, 0xf1, 0xff, 0xff,
    0xff, 0xff, 0xff, 0xff, 0xff, 0xff, 0xf1, 0xff,
    0xff, 0xff, 0xff, 0xff, 0xff, 0xff, 0xff, 0xf1,
    0xff, 0xff, 0xff, 0xff, 0xff, 0xff, 0xff, 0xff,
    0xf1, 0xff, 0xff, 0xff, 0xff, 0xff, 0xff, 0xff,
    0xff, 0xf1, 0xff, 0xff, 0xff, 0xff, 0xff, 0xff,
    0xff, 0xff, 0xf1, 0xff, 0xff, 0xff, 0xff, 0xff,
    0xff, 0xff, 0xff, 0xf1, 0xff, 0xff, 0xff, 0xff,
    0xff, 0xff, 0xff, 0xff, 0xf1, 0xef, 0xff, 0xff,
    0xff, 0xff, 0xff, 0xff, 0xff, 0xf0, 0x8f, 0xff,
    0xff, 0xff, 0xff, 0xff, 0xff, 0xff, 0x90, 0x7,
    0xcd, 0xdd, 0xdd, 0xdd, 0xdd, 0xdd, 0xc7, 0x0,

    /* U+F8A2 "" */
    0x0, 0x0, 0x0, 0x0, 0x0, 0x0, 0x0, 0x0,
    0x0, 0x0, 0x1, 0xb0, 0x0, 0x0, 0x0, 0x0,
    0x0, 0x0, 0x0, 0x0, 0x0, 0x0, 0x1d, 0xf1,
    0x0, 0x0, 0x0, 0x0, 0x0, 0x0, 0x0, 0x0,
    0x0, 0x1, 0xdf, 0xf1, 0x0, 0x0, 0xa, 0xd1,
    0x0, 0x0, 0x0, 0x0, 0x0, 0x8, 0xff, 0xf1,
    0x0, 0x0, 0xbf, 0xf4, 0x0, 0x0, 0x0, 0x0,
    0x0, 0x8, 0xff, 0xf1, 0x0, 0x1c, 0xff, 0xf4,
    0x0, 0x0, 0x0, 0x0, 0x0, 0x8, 0xff, 0xf1,
    0x1, 0xdf, 0xff, 0xf4, 0x0, 0x0, 0x0, 0x0,
    0x0, 0x8, 0xff, 0xf1, 0x2e, 0xff, 0xff, 0xff,
    0xff, 0xff, 0xff, 0xff, 0xff, 0xff, 0xff, 0xf1,
    0xdf, 0xff, 0xff, 0xff, 0xff, 0xff, 0xff, 0xff,
    0xff, 0xff, 0xff, 0xf1, 0x9f, 0xff, 0xff, 0xff,
    0xff, 0xff, 0xff, 0xff, 0xff, 0xff, 0xff, 0xf0,
    0x9, 0xff, 0xff, 0xfb, 0x99, 0x99, 0x99, 0x99,
    0x99, 0x99, 0x99, 0x60, 0x0, 0x8f, 0xff, 0xf4,
    0x0, 0x0, 0x0, 0x0, 0x0, 0x0, 0x0, 0x0,
    0x0, 0x7, 0xff, 0xf4, 0x0, 0x0, 0x0, 0x0,
    0x0, 0x0, 0x0, 0x0, 0x0, 0x0, 0x6f, 0xf3,
    0x0, 0x0, 0x0, 0x0, 0x0, 0x0, 0x0, 0x0,
    0x0, 0x0, 0x4, 0x70, 0x0, 0x0, 0x0, 0x0,
    0x0, 0x0, 0x0, 0x0
};


/*---------------------
 *  GLYPH DESCRIPTION
 *--------------------*/

static const lv_font_fmt_txt_glyph_dsc_t glyph_dsc[] = {
    {.bitmap_index = 0, .adv_w = 0, .box_w = 0, .box_h = 0, .ofs_x = 0, .ofs_y = 0} /* id = 0 reserved */,
    {.bitmap_index = 0, .adv_w = 101, .box_w = 0, .box_h = 0, .ofs_x = 0, .ofs_y = 0},
    {.bitmap_index = 0, .adv_w = 112, .box_w = 3, .box_h = 16, .ofs_x = 2, .ofs_y = -1},
    {.bitmap_index = 24, .adv_w = 161, .box_w = 8, .box_h = 5, .ofs_x = 1, .ofs_y = 10},
    {.bitmap_index = 44, .adv_w = 218, .box_w = 14, .box_h = 16, .ofs_x = 0, .ofs_y = -1},
    {.bitmap_index = 156, .adv_w = 204, .box_w = 13, .box_h = 19, .ofs_x = 0, .ofs_y = -3},
    {.bitmap_index = 280, .adv_w = 184, .box_w = 12, .box_h = 16, .ofs_x = 0, .ofs_y = -1},
    {.bitmap_index = 376, .adv_w = 303, .box_w = 17, .box_h = 16, .ofs_x = 1, .ofs_y = -1},
    {.bitmap_index = 512, .adv_w = 95, .box_w = 4, .box_h = 5, .ofs_x = 1, .ofs_y = 10},
    {.bitmap_index = 522, .adv_w = 122, .box_w = 7, .box_h = 21, .ofs_x = 1, .ofs_y = -5},
    {.bitmap_index = 596, .adv_w = 122, .box_w = 7, .box_h = 21, .ofs_x = 0, .ofs_y = -5},
    {.bitmap_index = 670, .adv_w = 160, .box_w = 10, .box_h = 9, .ofs_x = 0, .ofs_y = 2},
    {.bitmap_index = 715, .adv_w = 256, .box_w = 12, .box_h = 12, .ofs_x = 2, .ofs_y = 1},
    {.bitmap_index = 787, .adv_w = 89, .box_w = 4, .box_h = 7, .ofs_x = 1, .ofs_y = -5},
    {.bitmap_index = 801, .adv_w = 184, .box_w = 7, .box_h = 3, .ofs_x = 2, .ofs_y = 4},
    {.bitmap_index = 812, .adv_w = 89, .box_w = 4, .box_h = 3, .ofs_x = 1, .ofs_y = -1},
    {.bitmap_index = 818, .adv_w = 152, .box_w = 11, .box_h = 18, .ofs_x = -1, .ofs_y = -2},
    {.bitmap_index = 917, .adv_w = 204, .box_w = 12, .box_h = 16, .ofs_x = 0, .ofs_y = -1},
    {.bitmap_index = 1013, .adv_w = 204, .box_w = 11, .box_h = 16, .ofs_x = 1, .ofs_y = -1},
    {.bitmap_index = 1101, .adv_w = 204, .box_w = 11, .box_h = 16, .ofs_x = 1, .ofs_y = -1},
    {.bitmap_index = 1189, .adv_w = 204, .box_w = 12, .box_h = 16, .ofs_x = 0, .ofs_y = -1},
    {.bitmap_index = 1285, .adv_w = 204, .box_w = 13, .box_h = 16, .ofs_x = 0, .ofs_y = -1},
    {.bitmap_index = 1389, .adv_w = 204, .box_w = 12, .box_h = 16, .ofs_x = 0, .ofs_y = -1},
    {.bitmap_index = 1485, .adv_w = 204, .box_w = 11, .box_h = 16, .ofs_x = 1, .ofs_y = -1},
    {.bitmap_index = 1573, .adv_w = 204, .box_w = 11, .box_h = 16, .ofs_x = 1, .ofs_y = -1},
    {.bitmap_index = 1661, .adv_w = 204, .box_w = 12, .box_h = 16, .ofs_x = 0, .ofs_y = -1},
    {.bitmap_index = 1757, .adv_w = 204, .box_w = 12, .box_h = 16, .ofs_x = 0, .ofs_y = -1},
    {.bitmap_index = 1853, .adv_w = 89, .box_w = 4, .box_h = 12, .ofs_x = 1, .ofs_y = -1},
    {.bitmap_index = 1877, .adv_w = 89, .box_w = 4, .box_h = 16, .ofs_x = 1, .ofs_y = -5},
    {.bitmap_index = 1909, .adv_w = 256, .box_w = 12, .box_h = 13, .ofs_x = 2, .ofs_y = 0},
    {.bitmap_index = 1987, .adv_w = 256, .box_w = 12, .box_h = 9, .ofs_x = 2, .ofs_y = 2},
    {.bitmap_index = 2041, .adv_w = 256, .box_w = 12, .box_h = 13, .ofs_x = 2, .ofs_y = 0},
    {.bitmap_index = 2119, .adv_w = 163, .box_w = 10, .box_h = 16, .ofs_x = 0, .ofs_y = -1},
    {.bitmap_index = 2199, .adv_w = 351, .box_w = 20, .box_h = 21, .ofs_x = 1, .ofs_y = -5},
    {.bitmap_index = 2409, .adv_w = 247, .box_w = 16, .box_h = 16, .ofs_x = 0, .ofs_y = -1},
    {.bitmap_index = 2537, .adv_w = 222, .box_w = 13, .box_h = 16, .ofs_x = 1, .ofs_y = -1},
    {.bitmap_index = 2641, .adv_w = 229, .box_w = 13, .box_h = 16, .ofs_x = 1, .ofs_y = -1},
    {.bitmap_index = 2745, .adv_w = 264, .box_w = 15, .box_h = 16, .ofs_x = 1, .ofs_y = -1},
    {.bitmap_index = 2865, .adv_w = 190, .box_w = 11, .box_h = 16, .ofs_x = 1, .ofs_y = -1},
    {.bitmap_index = 2953, .adv_w = 185, .box_w = 10, .box_h = 16, .ofs_x = 1, .ofs_y = -1},
    {.bitmap_index = 3033, .adv_w = 257, .box_w = 14, .box_h = 16, .ofs_x = 1, .ofs_y = -1},
    {.bitmap_index = 3145, .adv_w = 271, .box_w = 14, .box_h = 16, .ofs_x = 1, .ofs_y = -1},
    {.bitmap_index = 3257, .adv_w = 107, .box_w = 4, .box_h = 16, .ofs_x = 1, .ofs_y = -1},
    {.bitmap_index = 3289, .adv_w = 146, .box_w = 8, .box_h = 16, .ofs_x = 0, .ofs_y = -1},
    {.bitmap_index = 3353, .adv_w = 225, .box_w = 14, .box_h = 16, .ofs_x = 1, .ofs_y = -1},
    {.bitmap_index = 3465, .adv_w = 180, .box_w = 10, .box_h = 16, .ofs_x = 1, .ofs_y = -1},
    {.bitmap_index = 3545, .adv_w = 340, .box_w = 19, .box_h = 16, .ofs_x = 1, .ofs_y = -1},
    {.bitmap_index = 3697, .adv_w = 282, .box_w = 15, .box_h = 16, .ofs_x = 1, .ofs_y = -1},
    {.bitmap_index = 3817, .adv_w = 278, .box_w = 16, .box_h = 16, .ofs_x = 1, .ofs_y = -1},
    {.bitmap_index = 3945, .adv_w = 215, .box_w = 12, .box_h = 16, .ofs_x = 1, .ofs_y = -1},
    {.bitmap_index = 4041, .adv_w = 278, .box_w = 16, .box_h = 20, .ofs_x = 1, .ofs_y = -5},
    {.bitmap_index = 4201, .adv_w = 229, .box_w = 13, .box_h = 16, .ofs_x = 1, .ofs_y = -1},
    {.bitmap_index = 4305, .adv_w = 200, .box_w = 12, .box_h = 16, .ofs_x = 0, .ofs_y = -1},
    {.bitmap_index = 4401, .adv_w = 203, .box_w = 13, .box_h = 16, .ofs_x = 0, .ofs_y = -1},
    {.bitmap_index = 4505, .adv_w = 259, .box_w = 14, .box_h = 16, .ofs_x = 1, .ofs_y = -1},
    {.bitmap_index = 4617, .adv_w = 236, .box_w = 15, .box_h = 16, .ofs_x = 0, .ofs_y = -1},
    {.bitmap_index = 4737, .adv_w = 355, .box_w = 23, .box_h = 16, .ofs_x = 0, .ofs_y = -1},
    {.bitmap_index = 4921, .adv_w = 228, .box_w = 16, .box_h = 16, .ofs_x = -1, .ofs_y = -1},
    {.bitmap_index = 5049, .adv_w = 212, .box_w = 14, .box_h = 16, .ofs_x = 0, .ofs_y = -1},
    {.bitmap_index = 5161, .adv_w = 216, .box_w = 13, .box_h = 16, .ofs_x = 0, .ofs_y = -1},
    {.bitmap_index = 5265, .adv_w = 122, .box_w = 7, .box_h = 21, .ofs_x = 1, .ofs_y = -5},
    {.bitmap_index = 5339, .adv_w = 149, .box_w = 10, .box_h = 17, .ofs_x = 0, .ofs_y = -1},
    {.bitmap_index = 5424, .adv_w = 122, .box_w = 7, .box_h = 21, .ofs_x = 0, .ofs_y = -5},
    {.bitmap_index = 5498, .adv_w = 256, .box_w = 13, .box_h = 11, .ofs_x = 1, .ofs_y = 5},
    {.bitmap_index = 5570, .adv_w = 153, .box_w = 11, .box_h = 2, .ofs_x = -1, .ofs_y = -5},
    {.bitmap_index = 5581, .adv_w = 106, .box_w = 6, .box_h = 4, .ofs_x = 0, .ofs_y = 12},
    {.bitmap_index = 5593, .adv_w = 192, .box_w = 11, .box_h = 12, .ofs_x = 0, .ofs_y = -1},
    {.bitmap_index = 5659, .adv_w = 222, .box_w = 12, .box_h = 17, .ofs_x = 1, .ofs_y = -1},
    {.bitmap_index = 5761, .adv_w = 173, .box_w = 11, .box_h = 12, .ofs_x = 0, .ofs_y = -1},
    {.bitmap_index = 5827, .adv_w = 222, .box_w = 13, .box_h = 17, .ofs_x = 0, .ofs_y = -1},
    {.bitmap_index = 5938, .adv_w = 196, .box_w = 12, .box_h = 12, .ofs_x = 0, .ofs_y = -1},
    {.bitmap_index = 6010, .adv_w = 127, .box_w = 9, .box_h = 17, .ofs_x = 0, .ofs_y = -1},
    {.bitmap_index = 6087, .adv_w = 222, .box_w = 13, .box_h = 16, .ofs_x = 0, .ofs_y = -5},
    {.bitmap_index = 6191, .adv_w = 214, .box_w = 11, .box_h = 17, .ofs_x = 1, .ofs_y = -1},
    {.bitmap_index = 6285, .adv_w = 96, .box_w = 4, .box_h = 17, .ofs_x = 1, .ofs_y = -1},
    {.bitmap_index = 6319, .adv_w = 96, .box_w = 6, .box_h = 21, .ofs_x = -1, .ofs_y = -5},
    {.bitmap_index = 6382, .adv_w = 193, .box_w = 12, .box_h = 17, .ofs_x = 1, .ofs_y = -1},
    {.bitmap_index = 6484, .adv_w = 96, .box_w = 4, .box_h = 17, .ofs_x = 1, .ofs_y = -1},
    {.bitmap_index = 6518, .adv_w = 326, .box_w = 18, .box_h = 12, .ofs_x = 1, .ofs_y = -1},
    {.bitmap_index = 6626, .adv_w = 215, .box_w = 11, .box_h = 12, .ofs_x = 1, .ofs_y = -1},
    {.bitmap_index = 6692, .adv_w = 220, .box_w = 13, .box_h = 12, .ofs_x = 0, .ofs_y = -1},
    {.bitmap_index = 6770, .adv_w = 222, .box_w = 12, .box_h = 16, .ofs_x = 1, .ofs_y = -5},
    {.bitmap_index = 6866, .adv_w = 222, .box_w = 13, .box_h = 16, .ofs_x = 0, .ofs_y = -5},
    {.bitmap_index = 6970, .adv_w = 136, .box_w = 8, .box_h = 13, .ofs_x = 1, .ofs_y = -1},
    {.bitmap_index = 7022, .adv_w = 159, .box_w = 10, .box_h = 12, .ofs_x = 0, .ofs_y = -1},
    {.bitmap_index = 7082, .adv_w = 133, .box_w = 8, .box_h = 15, .ofs_x = 0, .ofs_y = -1},
    {.bitmap_index = 7142, .adv_w = 215, .box_w = 11, .box_h = 12, .ofs_x = 1, .ofs_y = -1},
    {.bitmap_index = 7208, .adv_w = 187, .box_w = 12, .box_h = 12, .ofs_x = 0, .ofs_y = -1},
    {.bitmap_index = 7280, .adv_w = 278, .box_w = 18, .box_h = 12, .ofs_x = 0, .ofs_y = -1},
    {.bitmap_index = 7388, .adv_w = 184, .box_w = 12, .box_h = 12, .ofs_x = 0, .ofs_y = -1},
    {.bitmap_index = 7460, .adv_w = 187, .box_w = 13, .box_h = 16, .ofs_x = -1, .ofs_y = -5},
    {.bitmap_index = 7564, .adv_w = 171, .box_w = 11, .box_h = 12, .ofs_x = 0, .ofs_y = -1},
    {.bitmap_index = 7630, .adv_w = 122, .box_w = 8, .box_h = 21, .ofs_x = 0, .ofs_y = -5},
    {.bitmap_index = 7714, .adv_w = 102, .box_w = 3, .box_h = 21, .ofs_x = 2, .ofs_y = -5},
    {.bitmap_index = 7746, .adv_w = 122, .box_w = 8, .box_h = 21, .ofs_x = 0, .ofs_y = -5},
    {.bitmap_index = 7830, .adv_w = 256, .box_w = 12, .box_h = 3, .ofs_x = 2, .ofs_y = 5},
    {.bitmap_index = 7848, .adv_w = 368, .box_w = 22, .box_h = 23, .ofs_x = 0, .ofs_y = -4},
    {.bitmap_index = 8101, .adv_w = 368, .box_w = 22, .box_h = 21, .ofs_x = 0, .ofs_y = -3},
    {.bitmap_index = 8332, .adv_w = 368, .box_w = 22, .box_h = 22, .ofs_x = 0, .ofs_y = -4},
    {.bitmap_index = 8574, .adv_w = 368, .box_w = 22, .box_h = 22, .ofs_x = 0, .ofs_y = -4},
    {.bitmap_index = 8816, .adv_w = 368, .box_w = 20, .box_h = 21, .ofs_x = 2, .ofs_y = -4},
    {.bitmap_index = 9026, .adv_w = 368, .box_w = 21, .box_h = 22, .ofs_x = 0, .ofs_y = -3},
    {.bitmap_index = 9257, .adv_w = 368, .box_w = 19, .box_h = 20, .ofs_x = 2, .ofs_y = -3},
    {.bitmap_index = 9447, .adv_w = 368, .box_w = 23, .box_h = 22, .ofs_x = 0, .ofs_y = -4},
    {.bitmap_index = 9700, .adv_w = 368, .box_w = 22, .box_h = 21, .ofs_x = 0, .ofs_y = -4},
    {.bitmap_index = 9931, .adv_w = 368, .box_w = 24, .box_h = 22, .ofs_x = 0, .ofs_y = -3},
    {.bitmap_index = 10195, .adv_w = 368, .box_w = 18, .box_h = 22, .ofs_x = 2, .ofs_y = -4},
    {.bitmap_index = 10393, .adv_w = 368, .box_w = 22, .box_h = 22, .ofs_x = 0, .ofs_y = -4},
    {.bitmap_index = 10635, .adv_w = 368, .box_w = 23, .box_h = 22, .ofs_x = 0, .ofs_y = -4},
    {.bitmap_index = 10888, .adv_w = 368, .box_w = 23, .box_h = 23, .ofs_x = 0, .ofs_y = -4},
    {.bitmap_index = 11153, .adv_w = 368, .box_w = 21, .box_h = 21, .ofs_x = 1, .ofs_y = -4},
    {.bitmap_index = 11374, .adv_w = 368, .box_w = 21, .box_h = 22, .ofs_x = 1, .ofs_y = -4},
    {.bitmap_index = 11605, .adv_w = 368, .box_w = 23, .box_h = 22, .ofs_x = 0, .ofs_y = -4},
    {.bitmap_index = 11858, .adv_w = 368, .box_w = 23, .box_h = 23, .ofs_x = 0, .ofs_y = -4},
    {.bitmap_index = 12123, .adv_w = 368, .box_w = 21, .box_h = 21, .ofs_x = 1, .ofs_y = -3},
    {.bitmap_index = 12344, .adv_w = 368, .box_w = 21, .box_h = 21, .ofs_x = 1, .ofs_y = -3},
    {.bitmap_index = 12565, .adv_w = 368, .box_w = 21, .box_h = 22, .ofs_x = 1, .ofs_y = -3},
    {.bitmap_index = 12796, .adv_w = 368, .box_w = 22, .box_h = 22, .ofs_x = 1, .ofs_y = -4},
    {.bitmap_index = 13038, .adv_w = 368, .box_w = 22, .box_h = 21, .ofs_x = 0, .ofs_y = -3},
    {.bitmap_index = 13269, .adv_w = 368, .box_w = 22, .box_h = 22, .ofs_x = 0, .ofs_y = -4},
    {.bitmap_index = 13511, .adv_w = 368, .box_w = 22, .box_h = 20, .ofs_x = 1, .ofs_y = -3},
    {.bitmap_index = 13731, .adv_w = 368, .box_w = 21, .box_h = 23, .ofs_x = 1, .ofs_y = -4},
    {.bitmap_index = 13973, .adv_w = 368, .box_w = 24, .box_h = 24, .ofs_x = 0, .ofs_y = -3},
    {.bitmap_index = 14261, .adv_w = 368, .box_w = 23, .box_h = 18, .ofs_x = 0, .ofs_y = 0},
    {.bitmap_index = 14468, .adv_w = 368, .box_w = 23, .box_h = 21, .ofs_x = 0, .ofs_y = -2},
    {.bitmap_index = 14710, .adv_w = 368, .box_w = 23, .box_h = 18, .ofs_x = 0, .ofs_y = 0},
    {.bitmap_index = 14917, .adv_w = 253, .box_w = 16, .box_h = 17, .ofs_x = 0, .ofs_y = 0},
    {.bitmap_index = 15053, .adv_w = 368, .box_w = 24, .box_h = 24, .ofs_x = 0, .ofs_y = -3},
    {.bitmap_index = 15341, .adv_w = 368, .box_w = 23, .box_h = 24, .ofs_x = 0, .ofs_y = -3},
    {.bitmap_index = 15617, .adv_w = 414, .box_w = 26, .box_h = 21, .ofs_x = 0, .ofs_y = -2},
    {.bitmap_index = 15890, .adv_w = 368, .box_w = 23, .box_h = 23, .ofs_x = 0, .ofs_y = -3},
    {.bitmap_index = 16155, .adv_w = 414, .box_w = 26, .box_h = 18, .ofs_x = 0, .ofs_y = 0},
    {.bitmap_index = 16389, .adv_w = 368, .box_w = 23, .box_h = 24, .ofs_x = 0, .ofs_y = -3},
    {.bitmap_index = 16665, .adv_w = 184, .box_w = 12, .box_h = 19, .ofs_x = 0, .ofs_y = -1},
    {.bitmap_index = 16779, .adv_w = 276, .box_w = 18, .box_h = 19, .ofs_x = 0, .ofs_y = -1},
    {.bitmap_index = 16950, .adv_w = 414, .box_w = 26, .box_h = 23, .ofs_x = 0, .ofs_y = -3},
    {.bitmap_index = 17249, .adv_w = 368, .box_w = 23, .box_h = 18, .ofs_x = 0, .ofs_y = 0},
    {.bitmap_index = 17456, .adv_w = 253, .box_w = 16, .box_h = 24, .ofs_x = 0, .ofs_y = -3},
    {.bitmap_index = 17648, .adv_w = 322, .box_w = 16, .box_h = 22, .ofs_x = 2, .ofs_y = -2},
    {.bitmap_index = 17824, .adv_w = 322, .box_w = 21, .box_h = 25, .ofs_x = 0, .ofs_y = -4},
    {.bitmap_index = 18087, .adv_w = 322, .box_w = 21, .box_h = 21, .ofs_x = 0, .ofs_y = -2},
    {.bitmap_index = 18308, .adv_w = 322, .box_w = 21, .box_h = 21, .ofs_x = 0, .ofs_y = -2},
    {.bitmap_index = 18529, .adv_w = 322, .box_w = 16, .box_h = 22, .ofs_x = 2, .ofs_y = -2},
    {.bitmap_index = 18705, .adv_w = 322, .box_w = 22, .box_h = 21, .ofs_x = -1, .ofs_y = -2},
    {.bitmap_index = 18936, .adv_w = 230, .box_w = 13, .box_h = 21, .ofs_x = 1, .ofs_y = -2},
    {.bitmap_index = 19073, .adv_w = 230, .box_w = 13, .box_h = 21, .ofs_x = 1, .ofs_y = -2},
    {.bitmap_index = 19210, .adv_w = 322, .box_w = 21, .box_h = 21, .ofs_x = 0, .ofs_y = -2},
    {.bitmap_index = 19431, .adv_w = 322, .box_w = 21, .box_h = 5, .ofs_x = 0, .ofs_y = 6},
    {.bitmap_index = 19484, .adv_w = 414, .box_w = 26, .box_h = 18, .ofs_x = 0, .ofs_y = 0},
    {.bitmap_index = 19718, .adv_w = 460, .box_w = 29, .box_h = 24, .ofs_x = 0, .ofs_y = -3},
    {.bitmap_index = 20066, .adv_w = 414, .box_w = 28, .box_h = 24, .ofs_x = -1, .ofs_y = -3},
    {.bitmap_index = 20402, .adv_w = 368, .box_w = 23, .box_h = 22, .ofs_x = 0, .ofs_y = -2},
    {.bitmap_index = 20655, .adv_w = 322, .box_w = 20, .box_h = 13, .ofs_x = 0, .ofs_y = 2},
    {.bitmap_index = 20785, .adv_w = 322, .box_w = 20, .box_h = 13, .ofs_x = 0, .ofs_y = 2},
    {.bitmap_index = 20915, .adv_w = 460, .box_w = 29, .box_h = 19, .ofs_x = 0, .ofs_y = -1},
    {.bitmap_index = 21191, .adv_w = 368, .box_w = 23, .box_h = 18, .ofs_x = 0, .ofs_y = 0},
    {.bitmap_index = 21398, .adv_w = 368, .box_w = 23, .box_h = 23, .ofs_x = 0, .ofs_y = -3},
    {.bitmap_index = 21663, .adv_w = 368, .box_w = 24, .box_h = 24, .ofs_x = -1, .ofs_y = -3},
    {.bitmap_index = 21951, .adv_w = 322, .box_w = 21, .box_h = 21, .ofs_x = 0, .ofs_y = -2},
    {.bitmap_index = 22172, .adv_w = 322, .box_w = 21, .box_h = 24, .ofs_x = 0, .ofs_y = -3},
    {.bitmap_index = 22424, .adv_w = 322, .box_w = 21, .box_h = 21, .ofs_x = 0, .ofs_y = -2},
    {.bitmap_index = 22645, .adv_w = 322, .box_w = 21, .box_h = 19, .ofs_x = 0, .ofs_y = -1},
    {.bitmap_index = 22845, .adv_w = 368, .box_w = 23, .box_h = 18, .ofs_x = 0, .ofs_y = 0},
    {.bitmap_index = 23052, .adv_w = 230, .box_w = 16, .box_h = 24, .ofs_x = -1, .ofs_y = -3},
    {.bitmap_index = 23244, .adv_w = 322, .box_w = 21, .box_h = 24, .ofs_x = 0, .ofs_y = -3},
    {.bitmap_index = 23496, .adv_w = 322, .box_w = 21, .box_h = 24, .ofs_x = 0, .ofs_y = -3},
    {.bitmap_index = 23748, .adv_w = 414, .box_w = 26, .box_h = 18, .ofs_x = 0, .ofs_y = 0},
    {.bitmap_index = 23982, .adv_w = 368, .box_w = 25, .box_h = 24, .ofs_x = -1, .ofs_y = -3},
    {.bitmap_index = 24282, .adv_w = 276, .box_w = 18, .box_h = 24, .ofs_x = 0, .ofs_y = -3},
    {.bitmap_index = 24498, .adv_w = 460, .box_w = 29, .box_h = 22, .ofs_x = 0, .ofs_y = -2},
    {.bitmap_index = 24817, .adv_w = 460, .box_w = 29, .box_h = 15, .ofs_x = 0, .ofs_y = 1},
    {.bitmap_index = 25035, .adv_w = 460, .box_w = 29, .box_h = 15, .ofs_x = 0, .ofs_y = 1},
    {.bitmap_index = 25253, .adv_w = 460, .box_w = 29, .box_h = 15, .ofs_x = 0, .ofs_y = 1},
    {.bitmap_index = 25471, .adv_w = 460, .box_w = 29, .box_h = 15, .ofs_x = 0, .ofs_y = 1},
    {.bitmap_index = 25689, .adv_w = 460, .box_w = 29, .box_h = 15, .ofs_x = 0, .ofs_y = 1},
    {.bitmap_index = 25907, .adv_w = 460, .box_w = 29, .box_h = 19, .ofs_x = 0, .ofs_y = -1},
    {.bitmap_index = 26183, .adv_w = 322, .box_w = 18, .box_h = 24, .ofs_x = 1, .ofs_y = -3},
    {.bitmap_index = 26399, .adv_w = 322, .box_w = 21, .box_h = 24, .ofs_x = 0, .ofs_y = -3},
    {.bitmap_index = 26651, .adv_w = 368, .box_w = 24, .box_h = 24, .ofs_x = -1, .ofs_y = -3},
    {.bitmap_index = 26939, .adv_w = 460, .box_w = 29, .box_h = 18, .ofs_x = 0, .ofs_y = 0},
    {.bitmap_index = 27200, .adv_w = 276, .box_w = 18, .box_h = 24, .ofs_x = 0, .ofs_y = -3},
    {.bitmap_index = 27416, .adv_w = 370, .box_w = 24, .box_h = 15, .ofs_x = 0, .ofs_y = 1}
};

/*---------------------
 *  CHARACTER MAPPING
 *--------------------*/

static const uint16_t unicode_list_1[] = {
    0x0, 0x13a, 0x360, 0x567, 0x61a, 0x687, 0x837, 0xd52,
    0xda8, 0xfae, 0x106e, 0x11c8, 0x1460, 0x14bb, 0x23b2, 0x2e54,
    0x3000, 0x3038, 0x30c7, 0x3636, 0x3b59, 0x3d17, 0x3d46, 0x412d,
    0x42a6, 0x4c31, 0xa15a, 0xa161, 0xa164, 0xa165, 0xa166, 0xa16a,
    0xa16c, 0xa16e, 0xa172, 0xa175, 0xa17a, 0xa17f, 0xa180, 0xa181,
    0xa197, 0xa19c, 0xa1a1, 0xa1a4, 0xa1a5, 0xa1a6, 0xa1aa, 0xa1ab,
    0xa1ac, 0xa1ad, 0xa1c0, 0xa1c1, 0xa1c7, 0xa1c9, 0xa1ca, 0xa1cd,
    0xa1d0, 0xa1d1, 0xa1d2, 0xa1d4, 0xa1ec, 0xa1ee, 0xa21d, 0xa21e,
    0xa220, 0xa222, 0xa239, 0xa240, 0xa243, 0xa24c, 0xa275, 0xa27d,
    0xa2b4, 0xa344, 0xa399, 0xa39a, 0xa39b, 0xa39c, 0xa39d, 0xa3e0,
    0xa3ec, 0xa446, 0xa45d, 0xa6b3, 0xa91b, 0xa9fb
};

/*Collect the unicode lists and glyph_id offsets*/
static const lv_font_fmt_txt_cmap_t cmaps[] =
{
    {
        .range_start = 32, .range_length = 95, .glyph_id_start = 1,
        .unicode_list = NULL, .glyph_id_ofs_list = NULL, .list_length = 0, .type = LV_FONT_FMT_TXT_CMAP_FORMAT0_TINY
    },
    {
        .range_start = 20135, .range_length = 43516, .glyph_id_start = 96,
        .unicode_list = unicode_list_1, .glyph_id_ofs_list = NULL, .list_length = 86, .type = LV_FONT_FMT_TXT_CMAP_SPARSE_TINY
    }
};



/*--------------------
 *  ALL CUSTOM DATA
 *--------------------*/

#if LVGL_VERSION_MAJOR == 8
/*Store all the custom data of the font*/
static  lv_font_fmt_txt_glyph_cache_t cache;
#endif

#if LVGL_VERSION_MAJOR >= 8
static const lv_font_fmt_txt_dsc_t font_dsc = {
#else
static lv_font_fmt_txt_dsc_t font_dsc = {
#endif
    .glyph_bitmap = glyph_bitmap,
    .glyph_dsc = glyph_dsc,
    .cmaps = cmaps,
    .kern_dsc = NULL,
    .kern_scale = 0,
    .cmap_num = 2,
    .bpp = 4,
    .kern_classes = 0,
    .bitmap_format = 0,
#if LVGL_VERSION_MAJOR == 8
    .cache = &cache
#endif
};



/*-----------------
 *  PUBLIC FONT
 *----------------*/

/*Initialize a public general font descriptor*/
#if LVGL_VERSION_MAJOR >= 8
const lv_font_t lv_font_Dengb_23 = {
#else
lv_font_t lv_font_Dengb_23 = {
#endif
    .get_glyph_dsc = lv_font_get_glyph_dsc_fmt_txt,    /*Function pointer to get glyph's data*/
    .get_glyph_bitmap = lv_font_get_bitmap_fmt_txt,    /*Function pointer to get glyph's bitmap*/
    .line_height = 23,          /*The maximum line height required by the font*/
    .base_line = 3,             /*Baseline measured from the bottom of the line*/
#if !(LVGL_VERSION_MAJOR == 6 && LVGL_VERSION_MINOR == 0)
    .subpx = LV_FONT_SUBPX_NONE,
#endif
#if LV_VERSION_CHECK(7, 4, 0) || LVGL_VERSION_MAJOR >= 8
    .underline_position = -5,
    .underline_thickness = 1,
#endif
    .dsc = &font_dsc,          /*The custom font data. Will be accessed by `get_glyph_bitmap/dsc` */
#if LV_VERSION_CHECK(8, 2, 0) || LVGL_VERSION_MAJOR >= 9
    .fallback = NULL,
#endif
    .user_data = NULL,
};



#endif /*#if LV_FONT_DENGB_23*/

